nino_longobardi,"@antoninobologna89 vedi Antonino il termine impresentabili non esiste e non esiste tanto meno nella costituzione Ã¨ un termine utilizzato da quelle categorie di giornalisti e magistrati radical chic di sinistra che noi detestiamo e combattiamo e spazzeremo via con @matteosalviniofficial !!!! Vota bene tu e paperotto e buon sabato!!!ğŸ‘ğŸ˜›","Avvocato - Studio Legale Longobardi - Lawyer, Office in Rome, Italy",148,1247,82
rinocordua,Wowww,,44,2762,10
rinocordua,"Mitico matteo... forza....",,44,2762,10
sfervebbasta,"Ma cosa vuoi fare ahahaahahğŸ˜‚","ğŸ¸ğŸğŸ’˜ğŸ’ŠğŸ’¶ğŸš™ğŸ‘¨â€ğŸ¤ğŸ’³ğŸ¼â›“ğŸ’¿
ASCOLTA ROCK$TAR SU SPOTIFY â¬‡ï¸",3,267,18
sfervebbasta,"Assomigli a tuo nipote","ğŸ¸ğŸğŸ’˜ğŸ’ŠğŸ’¶ğŸš™ğŸ‘¨â€ğŸ¤ğŸ’³ğŸ¼â›“ğŸ’¿
ASCOLTA ROCK$TAR SU SPOTIFY â¬‡ï¸",3,267,18
donald.trapper,"Questo dovresti fare,le televendite.","""Lascia stare"" Official Video",2,85,51
nicolebergstrom_,"@ornella.bordiga grazie grazie â¤ï¸â¤ï¸","ğŸ‡®ğŸ‡¹ ITALIA ğŸ‡®ğŸ‡¹ ğŸ‡¸ğŸ‡ª Jag Ã¤lskar Sverige ğŸ‡¸ğŸ‡ª
AlberghieroğŸ“š -18ğŸ” -ğŸ“VENEZIA",99,813,230
nicolebergstrom_,"@tame002 mai quanto te pt 4","ğŸ‡®ğŸ‡¹ ITALIA ğŸ‡®ğŸ‡¹ ğŸ‡¸ğŸ‡ª Jag Ã¤lskar Sverige ğŸ‡¸ğŸ‡ª
AlberghieroğŸ“š -18ğŸ” -ğŸ“VENEZIA",99,813,230
nicolebergstrom_,"@ambra.mustaine certo","ğŸ‡®ğŸ‡¹ ITALIA ğŸ‡®ğŸ‡¹ ğŸ‡¸ğŸ‡ª Jag Ã¤lskar Sverige ğŸ‡¸ğŸ‡ª
AlberghieroğŸ“š -18ğŸ” -ğŸ“VENEZIA",99,813,230
nicolebergstrom_,"@stareccristian che ridere","ğŸ‡®ğŸ‡¹ ITALIA ğŸ‡®ğŸ‡¹ ğŸ‡¸ğŸ‡ª Jag Ã¤lskar Sverige ğŸ‡¸ğŸ‡ª
AlberghieroğŸ“š -18ğŸ” -ğŸ“VENEZIA",99,813,230
nicolebergstrom_,"@warrior_8.4 ma come ti permetti? Li ci andrÃ  tua madre","ğŸ‡®ğŸ‡¹ ITALIA ğŸ‡®ğŸ‡¹ ğŸ‡¸ğŸ‡ª Jag Ã¤lskar Sverige ğŸ‡¸ğŸ‡ª
AlberghieroğŸ“š -18ğŸ” -ğŸ“VENEZIA",99,813,230
nicolebergstrom_,"@vicsanfi I caxxi tuoi?","ğŸ‡®ğŸ‡¹ ITALIA ğŸ‡®ğŸ‡¹ ğŸ‡¸ğŸ‡ª Jag Ã¤lskar Sverige ğŸ‡¸ğŸ‡ª
AlberghieroğŸ“š -18ğŸ” -ğŸ“VENEZIA",99,813,230
nicolebergstrom_,"Non vedo l'ora di votarti il 4 marzo !!","ğŸ‡®ğŸ‡¹ ITALIA ğŸ‡®ğŸ‡¹ ğŸ‡¸ğŸ‡ª Jag Ã¤lskar Sverige ğŸ‡¸ğŸ‡ª
AlberghieroğŸ“š -18ğŸ” -ğŸ“VENEZIA",99,813,230
nicolebergstrom_,"@piaceeee_92 esatto!!","ğŸ‡®ğŸ‡¹ ITALIA ğŸ‡®ğŸ‡¹ ğŸ‡¸ğŸ‡ª Jag Ã¤lskar Sverige ğŸ‡¸ğŸ‡ª
AlberghieroğŸ“š -18ğŸ” -ğŸ“VENEZIA",99,813,230
red.magda,"Certo ma come evadono le tasse? Vogliamo parlare della gente assunta in nero o a costi piÃ¹ bassi? Chi cucina e chi lava i piatti nei ristoranti, negli hotel e quant'altro pagandoli di meno?",,34,350,63
red.magda,"Vogliamo parlare di come Campano i night club e chi assumono?",,34,350,63
red.magda,"Assumessero la gente in regola. Le imprese apritele qui e pagate le tasse. Stipendi belli tondi tondi. Non che a servire ai tavoli nelle cucine e ovunque vedo stranieri sottopagati e persone in prova che vengono licenziate dopo un po' per non pagare nessuno. Vogliamo parlare anche degli stage e di come la gente viene sottopagata o non pagata affatto e deve avere pure esperienza?",,34,350,63
red.magda,"Anche io dico prima gli italiani. PerÃ² cerchiamo di capire che la colpa non Ã¨ degli stranieri ma di questi imprenditorucci furbetti e di queste associazioni a delinquere che speculano sull'immigrazione",,34,350,63
red.magda,"@scutrdddswwa6 e menomale che  lo sai.",,34,350,63
red.magda,"Beata lei che puÃ² avere la tua mano sulla spalla xD che faccia satanica comunque ahahah",,34,350,63
red.magda,"@noe_vallisi vero ahhahaha",,34,350,63
tame002,"@nicolebergstrom_ Schifo","DO THE RIGHT THING",285,1824,3
hamzaouerghi,"Insomma una serata di merda con un pizzico di ignoranza.","Il poeta fallito ğŸ­
ğŸŒ¹
Non ho mai chiesto niente a parte lâ€™odio, Ã¨ tutto ciÃ² che serve al respiro di chi ha poco.
ğŸ‡¹ğŸ‡³ğŸ‡®ğŸ‡¹",2,639,51
themaestro2.0,"I politici sono cosÃ¬ simpatici... in Italia non esiste il Premier... ahahah che ignoranza...","Producer/Arranger/Pianist/Orchestrator
Need beats? Need piano tracks? Need Instrumentals? Dm me for Infos and rates ğŸ‘‰ğŸ’Œ
Paypal ready only",150,17085,588
recensiremele,"ALLE ELEZIONI VOTATE MOVIMENTO 5 MELEE (Posto foto di mele e do un voto)","Una mela al giorno toglie il medico di tornoğŸ",47,723,4
votareuova,"Posto una foto di un uovo e gli do un voto.","Votare le uova Ã¨ un'arte
posto una foto di un uovo e gli do un voto
ğŸ£",129,2403,10
lucaangelode,#salvinipremier,,113,574,1
lucaangelode,Complimenti,,113,574,1
lucaangelode,"Grandissimo ragazzo!",,113,574,1
lucaangelode,"Sei stato grande",,113,574,1
lucaangelode,"Sei un grande Matteo",,113,574,1
lucaangelode,Congratulazioni,,113,574,1
lucaangelode,#4marzovotolega,,113,574,1
lucaangelode,#4marzovotolega,,113,574,1
lucaangelode,"Sei e sarai un grande Premier Matteo <3",,113,574,1
lucaangelode,#salvinipremier,,113,574,1
lucaangelode,"Grande Fontana!",,113,574,1
lucaangelode,#SalviniPremier,,113,574,1
rosellimattia,"@samu_38 sono rimasti nel dopoguerra ğŸ˜‚ğŸ˜‚ğŸ˜‚ svegliatevi che la guerra Ã¨ finita da un pezzo siamo nel 21 esimo secolo","â € â € â € â € â € á–‡Oá”•Eá’ªá’ªIâ€˜á”• á”•Tá–‡á—©á‘GE á”•TYá’ªE 
â €â €â €â €â €â €â €â €â €â €â €â €â €â €â €â € â € I á’ªIKE á—·EIá‘G á‘•á–‡á—©á˜”Yâš¡ï¸
Visit my blogğŸ‘‡ğŸ»",1732,11333,234
rosellimattia,"@acquaminerale74 se dici cosÃ¬ evidentemente non ti Ã¨ chiara la politica di salvini che Ã¨ razzista al massimo","â € â € â € â € â € á–‡Oá”•Eá’ªá’ªIâ€˜á”• á”•Tá–‡á—©á‘GE á”•TYá’ªE 
â €â €â €â €â €â €â €â €â €â €â €â €â €â €â €â € â € I á’ªIKE á—·EIá‘G á‘•á–‡á—©á˜”Yâš¡ï¸
Visit my blogğŸ‘‡ğŸ»",1732,11333,234
rosellimattia,"@rosannafelice 5 stelle se vuoi un Italia piÃ¹ sana","â € â € â € â € â € á–‡Oá”•Eá’ªá’ªIâ€˜á”• á”•Tá–‡á—©á‘GE á”•TYá’ªE 
â €â €â €â €â €â €â €â €â €â €â €â €â €â €â €â € â € I á’ªIKE á—·EIá‘G á‘•á–‡á—©á˜”Yâš¡ï¸
Visit my blogğŸ‘‡ğŸ»",1732,11333,234
rosellimattia,"@rosannafelice penso sia peggio salvini ğŸ˜‚","â € â € â € â € â € á–‡Oá”•Eá’ªá’ªIâ€˜á”• á”•Tá–‡á—©á‘GE á”•TYá’ªE 
â €â €â €â €â €â €â €â €â €â €â €â €â €â €â €â € â € I á’ªIKE á—·EIá‘G á‘•á–‡á—©á˜”Yâš¡ï¸
Visit my blogğŸ‘‡ğŸ»",1732,11333,234
rosellimattia,"@acquaminerale74v Ã¨ un dato di fatto la politica di salvini Ã¨ questa non lâ€™ho mica inventata io ğŸ‘Œ","â € â € â € â € â € á–‡Oá”•Eá’ªá’ªIâ€˜á”• á”•Tá–‡á—©á‘GE á”•TYá’ªE 
â €â €â €â €â €â €â €â €â €â €â €â €â €â €â €â € â € I á’ªIKE á—·EIá‘G á‘•á–‡á—©á˜”Yâš¡ï¸
Visit my blogğŸ‘‡ğŸ»",1732,11333,234
efe.balmilano,"Siete #bellissimi","(ğŸ‘‰This is my 4.profile starts from 16/1/18ğŸ‘ˆ )
(facebook efe bal)ğŸ’“ROMA 12-17 MARZO18@@@ FIRENZE 19-24 MARZO18ğŸ’“
(0039) 339 826 46 91 whatsapp",224,4850,59
matpal007,Chiacchierone,"Smartphone supportğŸ“²fitnessğŸ‹ï¸â€â™‚ï¸sportğŸ“âš½ï¸musicğŸ¸ğŸ“€cinema ğŸ¥",359,2264,59
rosipisano,"Unico  e'  grande  premier ğŸ’šğŸ’šğŸ’šğŸ’šğŸ’šğŸ’šğŸ’šğŸ’š",,9,47,1
rosipisano,"Ti  amo  premierğŸ’šğŸ’šğŸ’šğŸ’šğŸ’š",,9,47,1
rosipisano,"Con  te  sempre  mio  bell  premierğŸ’šğŸ’šğŸ’šğŸ’šğŸ’šğŸ’š",,9,47,1
rosipisano,"Il  4  marzo  voteremo  lega  siamo  in  tantissimi  ad  amarti  matteo  salvini  grande  premierğŸ’šğŸ’šğŸ’šğŸ’šğŸ’šğŸ’š",,9,47,1
rosipisano,"Capitano  a  pisa  con  te  e'  stato  bellissimo  forza  premier  c'e  la  faremo  con  te  sempreğŸ’šğŸ’šğŸ’šğŸ’šğŸ’šğŸ’šğŸ’š",,9,47,1
rosipisano,"Non  sapevo  che'  c'eri  tu'  ed  ho  dormito  bellissimo  capitanoğŸ’šğŸ’šğŸ’šğŸ’šğŸ’š",,9,47,1
rosipisano,"Grande  il  mio  capitano..come  all  solitoğŸ’šğŸ’šğŸ’šğŸ’šğŸ’šğŸ’š",,9,47,1
rosipisano,"Ciao ..capitano  noi  siamo  gia'  ad  aspettarti in  piazza  vottorio emanueleğŸ’šğŸ’šğŸ’šğŸ’šğŸ’šğŸ’š",,9,47,1
rosipisano,"Tu'  ci ...vuoi  bene  noi  ti  amiamo  mio  bell  capitano",,9,47,1
rosipisano,"Io  domani  saro'  a  pisa  non  posso  vederti  su'  facebukoo  sono  ancora  chiusa  mio  bell  capitano  evidentemente  da  molto  fastidio  cio'  che'  dico  io  so'  bene  chi  sei  e'  non  voglio  che' abbusino  della  tua  onesta'  ha  domani  matteo!!!!ğŸ’šğŸ’šğŸ’šğŸ’šğŸ’šğŸ’š",,9,47,1
rosipisano,"Matteo  ma  cosa  vuole  fare  berlusconi  si  riempe  la  bocca  di  parole  promettendo  mille  euro  alle  pensioni  minime  per  tutti  ma' esclude  gli  assegni  sociali  parla  di  aiutare  i  poveri  ma  aiuta  chi  puo  gia'  cavarsela  abbastanza  bene  secondo  me  il  berlusca  si  deve  fare  rinchiudere  in  uno  spizio  cosa  crede  che'  noi  italiani  siamo  un  branco  di  deficenti  io  tutto  questo  vorrei  dirlo  a  lui  ma non  so'  come  fare  mentre  tu'  lo  vedi  puoi  dirle  da  parte  mia  che'  cosi'  facendo  lui  non  aiuta  i  poveri  ma  solo  chi  sta'  bene  e'  per  me  lui  puo  andare  a  fanculo!!!!!!",,9,47,1
rosipisano,"@satespat fatti  gli  affari  tuoi!!!!",,9,47,1
rosipisano,"Capitano se tutta questa gente ti vota il pd fa una botta che la sentono fino in tunisia. Ciao",,9,47,1
rosipisano,"Grande  capitanoğŸ’šğŸ’šğŸ’šğŸ’šğŸ’š",,9,47,1
rosipisano,"Vai  matteo  che'  vinceremo ğŸ’šğŸ’šğŸ’šğŸ’šğŸ’šğŸ’š",,9,47,1
rosipisano,"Viva  la. Lega  e'  forza  capitano",,9,47,1
rosipisano,"Con  te  per  sempreğŸ’šğŸ’šğŸ’šğŸ’š",,9,47,1
rosipisano,"@leonardocicconofri ma  vergogniati",,9,47,1
rosipisano,"Certo ..leonardo  tu'  la  sai  usare  bene  ma  solo  per  dire  stronzate!!!!",,9,47,1
rosipisano,"Grande  capirano  spero  che'  gli  italiani  abbiano ..capito  bene  il  tuo  discorso  fatto  a  matrix  ho  ti  sceglieremo  come. Premier  ho  accordi  con  nessuno  noi  ti  vogliamo  come  nostro  premier  forza  vinceremo  matteoğŸ’šğŸ’šğŸ’šğŸ’šğŸ’š",,9,47,1
nino_longobardi,"@antoninobologna89 vedi Antonino il termine impresentabili non esiste e non esiste tanto meno nella costituzione Ã¨ un termine utilizzato da quelle categorie di giornalisti e magistrati radical chic di sinistra che noi detestiamo e combattiamo e spazzeremo via con @matteosalviniofficial !!!! Vota bene tu e paperotto e buon sabato!!!ğŸ‘ğŸ˜›","Avvocato - Studio Legale Longobardi - Lawyer, Office in Rome, Italy",148,1247,82
rinocordua,Wowww,,44,2768,10
rinocordua,"Mitico matteo... forza....",,44,2768,10
sfervebbasta,"Ma cosa vuoi fare ahahaahahğŸ˜‚","ğŸ¸ğŸğŸ’˜ğŸ’ŠğŸ’¶ğŸš™ğŸ‘¨â€ğŸ¤ğŸ’³ğŸ¼â›“ğŸ’¿
ASCOLTA ROCK$TAR SU SPOTIFY â¬‡ï¸",3,267,18
sfervebbasta,"Assomigli a tuo nipote","ğŸ¸ğŸğŸ’˜ğŸ’ŠğŸ’¶ğŸš™ğŸ‘¨â€ğŸ¤ğŸ’³ğŸ¼â›“ğŸ’¿
ASCOLTA ROCK$TAR SU SPOTIFY â¬‡ï¸",3,267,18
donald.trapper,"Questo dovresti fare,le televendite.","""Lascia stare"" Official Video",2,85,51
nicolebergstrom_,"@ornella.bordiga grazie grazie â¤ï¸â¤ï¸","ğŸ‡®ğŸ‡¹ ITALIA ğŸ‡®ğŸ‡¹ ğŸ‡¸ğŸ‡ª Jag Ã¤lskar Sverige ğŸ‡¸ğŸ‡ª
AlberghieroğŸ“š -18ğŸ” -ğŸ“VENEZIA",99,813,230
nicolebergstrom_,"@tame002 mai quanto te pt 4","ğŸ‡®ğŸ‡¹ ITALIA ğŸ‡®ğŸ‡¹ ğŸ‡¸ğŸ‡ª Jag Ã¤lskar Sverige ğŸ‡¸ğŸ‡ª
AlberghieroğŸ“š -18ğŸ” -ğŸ“VENEZIA",99,813,230
nicolebergstrom_,"@ambra.mustaine certo","ğŸ‡®ğŸ‡¹ ITALIA ğŸ‡®ğŸ‡¹ ğŸ‡¸ğŸ‡ª Jag Ã¤lskar Sverige ğŸ‡¸ğŸ‡ª
AlberghieroğŸ“š -18ğŸ” -ğŸ“VENEZIA",99,813,230
nicolebergstrom_,"@stareccristian che ridere","ğŸ‡®ğŸ‡¹ ITALIA ğŸ‡®ğŸ‡¹ ğŸ‡¸ğŸ‡ª Jag Ã¤lskar Sverige ğŸ‡¸ğŸ‡ª
AlberghieroğŸ“š -18ğŸ” -ğŸ“VENEZIA",99,813,230
nicolebergstrom_,"@warrior_8.4 ma come ti permetti? Li ci andrÃ  tua madre","ğŸ‡®ğŸ‡¹ ITALIA ğŸ‡®ğŸ‡¹ ğŸ‡¸ğŸ‡ª Jag Ã¤lskar Sverige ğŸ‡¸ğŸ‡ª
AlberghieroğŸ“š -18ğŸ” -ğŸ“VENEZIA",99,813,230
nicolebergstrom_,"@vicsanfi I caxxi tuoi?","ğŸ‡®ğŸ‡¹ ITALIA ğŸ‡®ğŸ‡¹ ğŸ‡¸ğŸ‡ª Jag Ã¤lskar Sverige ğŸ‡¸ğŸ‡ª
AlberghieroğŸ“š -18ğŸ” -ğŸ“VENEZIA",99,813,230
nicolebergstrom_,"Non vedo l'ora di votarti il 4 marzo !!","ğŸ‡®ğŸ‡¹ ITALIA ğŸ‡®ğŸ‡¹ ğŸ‡¸ğŸ‡ª Jag Ã¤lskar Sverige ğŸ‡¸ğŸ‡ª
AlberghieroğŸ“š -18ğŸ” -ğŸ“VENEZIA",99,813,230
nicolebergstrom_,"@piaceeee_92 esatto!!","ğŸ‡®ğŸ‡¹ ITALIA ğŸ‡®ğŸ‡¹ ğŸ‡¸ğŸ‡ª Jag Ã¤lskar Sverige ğŸ‡¸ğŸ‡ª
AlberghieroğŸ“š -18ğŸ” -ğŸ“VENEZIA",99,813,230
red.magda,"Certo ma come evadono le tasse? Vogliamo parlare della gente assunta in nero o a costi piÃ¹ bassi? Chi cucina e chi lava i piatti nei ristoranti, negli hotel e quant'altro pagandoli di meno?",,35,350,63
red.magda,"Vogliamo parlare di come Campano i night club e chi assumono?",,35,350,63
red.magda,"Assumessero la gente in regola. Le imprese apritele qui e pagate le tasse. Stipendi belli tondi tondi. Non che a servire ai tavoli nelle cucine e ovunque vedo stranieri sottopagati e persone in prova che vengono licenziate dopo un po' per non pagare nessuno. Vogliamo parlare anche degli stage e di come la gente viene sottopagata o non pagata affatto e deve avere pure esperienza?",,35,350,63
red.magda,"Anche io dico prima gli italiani. PerÃ² cerchiamo di capire che la colpa non Ã¨ degli stranieri ma di questi imprenditorucci furbetti e di queste associazioni a delinquere che speculano sull'immigrazione",,35,350,63
red.magda,"@scutrdddswwa6 e menomale che  lo sai.",,35,350,63
red.magda,"Beata lei che puÃ² avere la tua mano sulla spalla xD che faccia satanica comunque ahahah",,35,350,63
red.magda,"@noe_vallisi vero ahhahaha",,35,350,63
tame002,"@nicolebergstrom_ Schifo","DO THE RIGHT THING",285,1824,3
hamzaouerghi,"Insomma una serata di merda con un pizzico di ignoranza.","Il poeta fallito ğŸ­
ğŸŒ¹
Non ho mai chiesto niente a parte lâ€™odio, Ã¨ tutto ciÃ² che serve al respiro di chi ha poco.
ğŸ‡¹ğŸ‡³ğŸ‡®ğŸ‡¹",2,639,51
semprofilo,"@steve_pikachu_e_cairone ma stai zitto","Cesena, ItalyğŸ‡®ğŸ‡¹
Fantic SMR 50ğŸ”µğŸ”´âšªï¸",147,1007,5
semprofilo,@lorepuddu_brt,"Cesena, ItalyğŸ‡®ğŸ‡¹
Fantic SMR 50ğŸ”µğŸ”´âšªï¸",147,1007,5
lucaangelode,#salvinipremier,,113,574,1
lucaangelode,Complimenti,,113,574,1
lucaangelode,"Grandissimo ragazzo!",,113,574,1
lucaangelode,"Sei stato grande",,113,574,1
lucaangelode,"Sei un grande Matteo",,113,574,1
lucaangelode,Congratulazioni,,113,574,1
lucaangelode,#4marzovotolega,,113,574,1
lucaangelode,#4marzovotolega,,113,574,1
lucaangelode,"Sei e sarai un grande Premier Matteo <3",,113,574,1
lucaangelode,#salvinipremier,,113,574,1
lucaangelode,"Grande Fontana!",,113,574,1
lucaangelode,#SalviniPremier,,113,574,1
rosellimattia,"@samu_38 sono rimasti nel dopoguerra ğŸ˜‚ğŸ˜‚ğŸ˜‚ svegliatevi che la guerra Ã¨ finita da un pezzo siamo nel 21 esimo secolo","â € â € â € â € â € á–‡Oá”•Eá’ªá’ªIâ€˜á”• á”•Tá–‡á—©á‘GE á”•TYá’ªE 
â €â €â €â €â €â €â €â €â €â €â €â €â €â €â €â € â € I á’ªIKE á—·EIá‘G á‘•á–‡á—©á˜”Yâš¡ï¸
Visit my blogğŸ‘‡ğŸ»",1740,11335,234
rosellimattia,"@acquaminerale74 se dici cosÃ¬ evidentemente non ti Ã¨ chiara la politica di salvini che Ã¨ razzista al massimo","â € â € â € â € â € á–‡Oá”•Eá’ªá’ªIâ€˜á”• á”•Tá–‡á—©á‘GE á”•TYá’ªE 
â €â €â €â €â €â €â €â €â €â €â €â €â €â €â €â € â € I á’ªIKE á—·EIá‘G á‘•á–‡á—©á˜”Yâš¡ï¸
Visit my blogğŸ‘‡ğŸ»",1740,11335,234
rosellimattia,"@rosannafelice 5 stelle se vuoi un Italia piÃ¹ sana","â € â € â € â € â € á–‡Oá”•Eá’ªá’ªIâ€˜á”• á”•Tá–‡á—©á‘GE á”•TYá’ªE 
â €â €â €â €â €â €â €â €â €â €â €â €â €â €â €â € â € I á’ªIKE á—·EIá‘G á‘•á–‡á—©á˜”Yâš¡ï¸
Visit my blogğŸ‘‡ğŸ»",1740,11335,234
rosellimattia,"@rosannafelice penso sia peggio salvini ğŸ˜‚","â € â € â € â € â € á–‡Oá”•Eá’ªá’ªIâ€˜á”• á”•Tá–‡á—©á‘GE á”•TYá’ªE 
â €â €â €â €â €â €â €â €â €â €â €â €â €â €â €â € â € I á’ªIKE á—·EIá‘G á‘•á–‡á—©á˜”Yâš¡ï¸
Visit my blogğŸ‘‡ğŸ»",1740,11335,234
rosellimattia,"@acquaminerale74v Ã¨ un dato di fatto la politica di salvini Ã¨ questa non lâ€™ho mica inventata io ğŸ‘Œ","â € â € â € â € â € á–‡Oá”•Eá’ªá’ªIâ€˜á”• á”•Tá–‡á—©á‘GE á”•TYá’ªE 
â €â €â €â €â €â €â €â €â €â €â €â €â €â €â €â € â € I á’ªIKE á—·EIá‘G á‘•á–‡á—©á˜”Yâš¡ï¸
Visit my blogğŸ‘‡ğŸ»",1740,11335,234
efe.balmilano,"Siete #bellissimi","(ğŸ‘‰This is my 4.profile starts from 16/1/18ğŸ‘ˆ )
(facebook efe bal)ğŸ’“ROMA 12-17 MARZO18@@@ FIRENZE 19-24 MARZO18ğŸ’“
(0039) 339 826 46 91 whatsapp",224,4848,59
matpal007,Chiacchierone,"Smartphone supportğŸ“²fitnessğŸ‹ï¸â€â™‚ï¸sportğŸ“âš½ï¸musicğŸ¸ğŸ“€cinema ğŸ¥",359,2265,59
rosipisano,"Unico  e'  grande  premier ğŸ’šğŸ’šğŸ’šğŸ’šğŸ’šğŸ’šğŸ’šğŸ’š",,9,47,1
rosipisano,"Ti  amo  premierğŸ’šğŸ’šğŸ’šğŸ’šğŸ’š",,9,47,1
rosipisano,"Con  te  sempre  mio  bell  premierğŸ’šğŸ’šğŸ’šğŸ’šğŸ’šğŸ’š",,9,47,1
rosipisano,"Il  4  marzo  voteremo  lega  siamo  in  tantissimi  ad  amarti  matteo  salvini  grande  premierğŸ’šğŸ’šğŸ’šğŸ’šğŸ’šğŸ’š",,9,47,1
rosipisano,"Capitano  a  pisa  con  te  e'  stato  bellissimo  forza  premier  c'e  la  faremo  con  te  sempreğŸ’šğŸ’šğŸ’šğŸ’šğŸ’šğŸ’šğŸ’š",,9,47,1
rosipisano,"Non  sapevo  che'  c'eri  tu'  ed  ho  dormito  bellissimo  capitanoğŸ’šğŸ’šğŸ’šğŸ’šğŸ’š",,9,47,1
rosipisano,"Grande  il  mio  capitano..come  all  solitoğŸ’šğŸ’šğŸ’šğŸ’šğŸ’šğŸ’š",,9,47,1
rosipisano,"Ciao ..capitano  noi  siamo  gia'  ad  aspettarti in  piazza  vottorio emanueleğŸ’šğŸ’šğŸ’šğŸ’šğŸ’šğŸ’š",,9,47,1
rosipisano,"Tu'  ci ...vuoi  bene  noi  ti  amiamo  mio  bell  capitano",,9,47,1
rosipisano,"Io  domani  saro'  a  pisa  non  posso  vederti  su'  facebukoo  sono  ancora  chiusa  mio  bell  capitano  evidentemente  da  molto  fastidio  cio'  che'  dico  io  so'  bene  chi  sei  e'  non  voglio  che' abbusino  della  tua  onesta'  ha  domani  matteo!!!!ğŸ’šğŸ’šğŸ’šğŸ’šğŸ’šğŸ’š",,9,47,1
rosipisano,"Matteo  ma  cosa  vuole  fare  berlusconi  si  riempe  la  bocca  di  parole  promettendo  mille  euro  alle  pensioni  minime  per  tutti  ma' esclude  gli  assegni  sociali  parla  di  aiutare  i  poveri  ma  aiuta  chi  puo  gia'  cavarsela  abbastanza  bene  secondo  me  il  berlusca  si  deve  fare  rinchiudere  in  uno  spizio  cosa  crede  che'  noi  italiani  siamo  un  branco  di  deficenti  io  tutto  questo  vorrei  dirlo  a  lui  ma non  so'  come  fare  mentre  tu'  lo  vedi  puoi  dirle  da  parte  mia  che'  cosi'  facendo  lui  non  aiuta  i  poveri  ma  solo  chi  sta'  bene  e'  per  me  lui  puo  andare  a  fanculo!!!!!!",,9,47,1
rosipisano,"@satespat fatti  gli  affari  tuoi!!!!",,9,47,1
rosipisano,"Capitano se tutta questa gente ti vota il pd fa una botta che la sentono fino in tunisia. Ciao",,9,47,1
rosipisano,"Grande  capitanoğŸ’šğŸ’šğŸ’šğŸ’šğŸ’š",,9,47,1
rosipisano,"Vai  matteo  che'  vinceremo ğŸ’šğŸ’šğŸ’šğŸ’šğŸ’šğŸ’š",,9,47,1
rosipisano,"Viva  la. Lega  e'  forza  capitano",,9,47,1
rosipisano,"Con  te  per  sempreğŸ’šğŸ’šğŸ’šğŸ’š",,9,47,1
rosipisano,"@leonardocicconofri ma  vergogniati",,9,47,1
rosipisano,"Certo ..leonardo  tu'  la  sai  usare  bene  ma  solo  per  dire  stronzate!!!!",,9,47,1
rosipisano,"Grande  capirano  spero  che'  gli  italiani  abbiano ..capito  bene  il  tuo  discorso  fatto  a  matrix  ho  ti  sceglieremo  come. Premier  ho  accordi  con  nessuno  noi  ti  vogliamo  come  nostro  premier  forza  vinceremo  matteoğŸ’šğŸ’šğŸ’šğŸ’šğŸ’š",,9,47,1
rosipisano,"Grande  il  mio  capitano  forza  italiani  lo  avete  sentito  il  suo  discorso  allora  votiamo  tutti  insieme  salvini  e'  l'italia  tornera'  sovranağŸ’šğŸ’šğŸ’šğŸ’šğŸ’šğŸ’š",,9,47,1
rosipisano,"Ciao  capitano  tu'  sei  il  bello  per  quanto  possa  mancare  il  cattivo  io  sono  disponibile ğŸ˜‚",,9,47,1
rosipisano,"Tu'  sai  quanto  ti  amiamo  e'  saremo  sempre  con  te'  ti  voteremo  in  tantissimi  ciao  da  cascina  mio  bell  capitanoğŸ’šğŸ’šğŸ’šğŸ’šğŸ’šğŸ’š",,9,47,1
_saterflppxnx2_,"@giulia.alison qui si torna dove ne siamo usciti apri gli occhi","15, Livorno",169,1416,49
__.giuliabbate.__,@_.sofiiia__,"12/01/2005ğŸ‚",107,878,31
martineznamibia,"@elvylove e allora cosa faccio con gli italiani che vivono nel mio paese .gli do le pedate? Sei ignorante come salvini! Chi si comporta bene puÃ² convivere benissimo con tutti. Ecco perchÃ© l unico paese che parla la vostra lingua Ã¨ il vostro. L ignoranza cara e finchÃ© sarete cosÃ¬ sarete sempre l ultimi della coda! Ma ragionare oggi tanto no? Che mi interessa a me solo gli italiani, solo gli italiani? Mangi con questo? Ma va La! Vivete in un mondo di menzogne! Ora poi abbaiare se voi.tanto Ã¨  lo unico che fa questo movimento, urlare ed infamate e credersi tutto quello che ancora mai hanno fatto!","per sempre Martinez!",94,12251,477
martineznamibia,"@davidechiuc non caro lui ce la con tutti credimi anche con gli italiani stessi potrei farti vedere dei video cosa pensava dei meridionali tempo fa.ovvio ora fa il buono per due voti ma Ã¨ malvaggio Ã¨ quello che lui non sa che prima o poi tutto se le rivoltera' contro. Ajajajajaj aspetta e vedrai fra qualche anno  quando passi questo momento,gli stessi italiani cosa diranno, lo hanno fatto con tutti figurati poi con lui ed il bello di tutto Ã¨ che anche gli stranieri gli daranno le spalle.te tranquillo siediti e aspetta!ğŸ˜‰","per sempre Martinez!",94,12251,477
martineznamibia,"@sofia_falconieri appunto per questo. Guarda che io non ho mai detto che voi non dovete vivere bene. Ci mancherebbe Ã¨ casa vostra .ho sempre parlato solo i modi di Salvini di nessun altro.amo il vostro paese tanto come il mio.ma non a lui. Per il resto amen. Vorrei tanto come te vedervi felici!","per sempre Martinez!",94,12251,477
martineznamibia,"@davidechiuc io neanche morta! Con tutti tranne che con lui a non essere che cambi atteggiamento!","per sempre Martinez!",94,12251,477
martineznamibia,"@elvylove a non essere che tu  non sappia leggere, mai fatto ho sempre parlato unicamente di salvini e con me non attacca l storia devi!1 perchÃ© non ti devo Nulla, 2 perchÃ© con prepotenza meno ancora e 3 non sei famiglia mia.ancora non hai capito l educazione? Ãˆ proprio questo che non sopporto del tuo amato salvini","per sempre Martinez!",94,12251,477
martineznamibia,"@elvylove dimostrami che non ne vero? Io non infamo e cmq ed stata una mia risposta non una offesa Se poi l unico che ti interessa e dire solo noi, noi, noi per sentirti piÃ¹ importante di qualcuno fai pure a me cambia nulla","per sempre Martinez!",94,12251,477
martineznamibia,"@elvylove questo non lo dico io questo fa parte della storia","per sempre Martinez!",94,12251,477
martineznamibia,"@elvylove guarda che la patria si difende ovunque e poi sei tu che continui come tutti con gli stessi discorsi noiosi di tornare a casa e bl,bla bla, nessuno di questi discorsi torni e ti ripeto mi danno da mangiare. Sei tu che come Salvini volete far credere a tutti costi che i cattivi sono gli altri, ma per fortuna ci sono tante persone intelligenti in Italia e capisce il vostro gioco. Non insistete che poco mi importa la tua prepotenza. Parliamo di problemi reali","per sempre Martinez!",94,12251,477
martineznamibia,"@elvylove guarda miss classe che sei stata tu ad intervenire, cmq per me puÃ² anche finire qua. P.s fra poco vado a casa! Ahahah Ahahah Ahahah addio!","per sempre Martinez!",94,12251,477
martineznamibia,"@elvylove Ahahah Ahahah Ahahah Ahahah Ahahah Ahahah Ahahah Ahahah  credimi che casa mia ti piacerebbe assai, non saresti cosÃ¬ arrabbiata!","per sempre Martinez!",94,12251,477
martineznamibia,"@elvylove Ahahah Ahahah Ahahah Ahahah Ahahah  cosa c'entra? Vedi perchÃ© si litiga poi perchÃ© tu solo stai cercando il pelo per far la grande e credimi neanche a casa tua lo poi fare perchÃ© non voldire nulla di dove sei ven si chi sei e cosa hai combinato nella tua vita che poi se ora io facessi con te lo stesso che tu vorresti fare con me allora si ti viene un infarto. Non lo sopportaresti. Ora dimmi se voi andare a fondo?.ma mica a tarantella come fai tu. Lauree? sei una imprenditrice? Hai giÃ  figli grandi? Sei giÃ  nonna? Allora se pubblichi tutto ciÃ² allora ti faccio vedere chi sono io almeno la finisci e capisci che poco importa se sei italiana ed io straniera! Ok? Vamos!!!ğŸ˜‰","per sempre Martinez!",94,12251,477
martineznamibia,"@elvylove e cmq conosco tutta Europa e centro America. Ecco perchÃ© non sono ottusa! Ne mi credo che al mondo essisto solo io a differenza tua.dove perdi tuo tempo qua in cazzate e poi arrivi a casa e cosa hai guadagnato? Impara va la che  l mei!ğŸ˜‰ğŸ˜‰","per sempre Martinez!",94,12251,477
martineznamibia,"@elvylove e Namibia Ã¨ un nome che mi porto con orgoglio perchÃ© a una storia dietro come tutta la mia vita come miei genitori che si hanno combattuto ma mica come il tuo amato per distruggere! Ben si per diffendere i poveri! Sei talmente racista che ti soffermi sul nome di una persona senza sapere neanche di dove proviene , ne quanta cultura puÃ² avere ne altro ! Ecco perchÃ© non cambio idea su di te Ã¨ il tuo amato candidato. Per la immensa ignoranza che vi accomuna!!! Misssss nessuna!!","per sempre Martinez!",94,12251,477
martineznamibia,"@elvylove si certo! Tu capisci solo quello che ti conviene. Cmq quando voi fare la grande con me ? Fammelo sapere?Ora basta che te oltre a dire italiani, italiani non hai argomenti ne cultura.solo urlare sai come il tuo amico Salvini!","per sempre Martinez!",94,12251,477
martineznamibia,"@elvylove l storia, le persone possono affascinare anche piÃ¹ della bellezza, sarÃ  la mia meta , in questa vita o nella prossima""  2  La storia mi assolvera' Ã¨ il tempo sarÃ  testimone! ""  con queste due frasi  se hai studiato saprai le mie due cittadinanza! Ecco almeno cambi argomenti e impari qualcosa! Meglio aiutare che distruggere ricordati! Ciao","per sempre Martinez!",94,12251,477
pasqualeramirez,Degrado.,"""Bisogna fare tutto il bene possibile, amare la libertÃ  sopra ogni cosa e non tradire mai la veritÃ .""",376,2334,108
pasqualeramirez,"@sonia.vena._come_ ahahahhaha","""Bisogna fare tutto il bene possibile, amare la libertÃ  sopra ogni cosa e non tradire mai la veritÃ .""",376,2334,108
pasqualeramirez,"@aquila_sopra_tutto in bocca al lupo","""Bisogna fare tutto il bene possibile, amare la libertÃ  sopra ogni cosa e non tradire mai la veritÃ .""",376,2334,108
bestemmie_in_hdio,@federico_genovese_lol,"Pagina di dank e BH
Se siete moralisti o sensibili NON SEGUITEMI
Admin:~Nemesis~ *Uncle donal*
Entra nel gruppo whatsapp!",182,922,183
presidente.sre,"ğŸ‘",,6,854,9
presidente.sre,"ğŸ’šğŸ’šğŸ’šğŸ’š",,6,854,9
presidente.sre,Premier,,6,854,9
stripman1000,"@_g.tedesco_ sempre seconda a me si ğŸ˜‚ğŸ˜‚","only God can judge me
 ğŸ‡®ğŸ‡¹ğŸ‡ªğŸ‡¸ğŸ‡¨ğŸ‡­",97,938,31
stripman1000,"@_g.tedesco_ e tu ti metti con salvini che c'ha doppio di te cogliona","only God can judge me
 ğŸ‡®ğŸ‡¹ğŸ‡ªğŸ‡¸ğŸ‡¨ğŸ‡­",97,938,31
stripman1000,"@_g.tedesco_ impara a vivere","only God can judge me
 ğŸ‡®ğŸ‡¹ğŸ‡ªğŸ‡¸ğŸ‡¨ğŸ‡­",97,938,31
stripman1000,"@_g.tedesco_ er triplo cojona","only God can judge me
 ğŸ‡®ğŸ‡¹ğŸ‡ªğŸ‡¸ğŸ‡¨ğŸ‡­",97,938,31
stripman1000,"@_g.tedesco_ evita te di cacare il cazzo e impara il rispetto","only God can judge me
 ğŸ‡®ğŸ‡¹ğŸ‡ªğŸ‡¸ğŸ‡¨ğŸ‡­",97,938,31
stripman1000,"@_g.tedesco_ io gia vivevo alla tua eta","only God can judge me
 ğŸ‡®ğŸ‡¹ğŸ‡ªğŸ‡¸ğŸ‡¨ğŸ‡­",97,938,31
stripman1000,"@_g.tedesco_ e tu che vuoi?!","only God can judge me
 ğŸ‡®ğŸ‡¹ğŸ‡ªğŸ‡¸ğŸ‡¨ğŸ‡­",97,938,31
stripman1000,"@_g.tedesco_ e mo che vuoi un applauso?! Va a dormire 13enne","only God can judge me
 ğŸ‡®ğŸ‡¹ğŸ‡ªğŸ‡¸ğŸ‡¨ğŸ‡­",97,938,31
stripman1000,"@_g.tedesco_ ğŸ–•","only God can judge me
 ğŸ‡®ğŸ‡¹ğŸ‡ªğŸ‡¸ğŸ‡¨ğŸ‡­",97,938,31
club_statua_official,"Sai leggere???","SEGUI LA PAGINA UFFICIALE!â¬†
Chiusi e bigotti, amanti del buon vino
Attraverso foto vi racconteremo storie che voi astemi non potete nemmeno immaginare",25,376,197
eufemiavitucci,"E di noi vedove non si ricorda mai nessuno con una pensione di riversbilita da da fame grazie",,9,61,0
eufemiavitucci,"Caro Salvini pensa a noi vedova con una pensione di riversbilita da fame  io",,9,61,0
eufemiavitucci,Ti,,9,61,0
carlottasecchi,@camilla.secchi,"ğŸŒ¹ 1998
      CantÃ¹",163,873,15
princi_polla,"Il 4 Marzo come per il referendum arriveranno tanti si alla Lega. Zecche rosicate",,25,216,0
princi_polla,"Forza Matteo siamo con te",,25,216,0
emanueleleon,"@stefano_lo_presti17 ""sinistroide"" ahaha non voto nemmeno la sinistra e anche se fosse non dovrebbe di certo interessarti, sta speculando su tutto e tutti, dalla gente del sud tanto denigrata alla povera gente. Imbonitore doc.","La fotografia non Ã¨ qualcosa che puÃ² sempre essere ideata in principio, Ã¨ intimitÃ  fra te, la tua macchina fotografica e il mondo
94 ItaliağŸ‡®ğŸ‡¹Bari",1072,7143,1187
_pinosilvestre_,"@ghalia212marocaine ..dal po in su..","Vicenza
l-/",134,1402,5
_zanizz_,"@glass_giorgi prima gli italiani poi gli altri","ItalyğŸ‡®ğŸ‡¹ğŸ•µğŸ»03/11ğŸ£
Ed spacchiğŸ˜µ,",244,1300,4
antonella.milone78,Mah?,,43,336,129
meriobras12,Pagliaccio,"â†ªâ†©
á´¹á´­á´¿á´µá´¼â„¢   â‘« â˜¯ â˜® à¥ 
â™š
 â¬ BeatmakerğŸ¹ProducerğŸµDj ğŸ›
âª 1995ğŸ’
âª Milano|Athens|TiranağŸ‡®ğŸ‡¹ğŸ‡¬ğŸ‡·ğŸ‡¦ğŸ‡± 
â« Bras Entertainment Â© 
ğŸ‘‘ 18K Fuori Ora Link qua â˜Ÿâ˜Ÿ",302,7343,12
msirenepace,"Bravo e bello ğŸ’ªğŸ»ğŸ’ªğŸ»ğŸ’ªğŸ»ğŸ”ğŸ”ğŸ”ğŸ‘ğŸ»ğŸ‘ğŸ»ğŸ‘ğŸ»ğŸ‘ğŸ»","âœ¨Milano âœ¨ 
Made in Italy ğŸ€ğŸ’„ğŸ‘ 
Beauty and wellness. 
Shine bright, healthy, dream big â¤ï¸â°
Facebook: Irene Pace
ğŸ“© msirenepace@gmail.com",972,5783,544
_.schieda.leo._,"Ma smettila",,104,578,6
4marzovotolega.nicole,"@matteo.spadonii cagatÃ­ addosso mi raccomando","#4MarzoVotoLega.
IL mio nuovo profilo Ã¨ @nicolebergstrom_",23,5197,20
4marzovotolega.nicole,"@matteo.spadonii intanto sono una femmina e poi sto solo rispondendo alle fesserie che scrivi","#4MarzoVotoLega.
IL mio nuovo profilo Ã¨ @nicolebergstrom_",23,5197,20
4marzovotolega.nicole,"@matteo.spadonii ok basta che mio figlio non sia incompetente come te","#4MarzoVotoLega.
IL mio nuovo profilo Ã¨ @nicolebergstrom_",23,5197,20
4marzovotolega.nicole,"@matteo.spadonii ma? incompetente infatti Ã© sinonimo di ignorante","#4MarzoVotoLega.
IL mio nuovo profilo Ã¨ @nicolebergstrom_",23,5197,20
4marzovotolega.nicole,"@matteo.spadonii certo che non mi faccio pena","#4MarzoVotoLega.
IL mio nuovo profilo Ã¨ @nicolebergstrom_",23,5197,20
4marzovotolega.nicole,"@matteo.spadonii perchÃ© fai queste domande inutili come te, dato che mai rispondenderÃ³ di si","#4MarzoVotoLega.
IL mio nuovo profilo Ã¨ @nicolebergstrom_",23,5197,20
4marzovotolega.nicole,"@matteo.spadonii semplicemente ho cercato di non utilizzare termini offensivi come te, sicuramente non ti dico che mi fa vomitare e cag*re, perchÃ© mi sentirei sporca e maleducata ğŸ˜˜","#4MarzoVotoLega.
IL mio nuovo profilo Ã¨ @nicolebergstrom_",23,5197,20
4marzovotolega.nicole,"@matteo.spadonii da che pulpito ahahah","#4MarzoVotoLega.
IL mio nuovo profilo Ã¨ @nicolebergstrom_",23,5197,20
agnesecolia,#votodroghiere,"â€œLive and let liveâ€",149,1328,4
simone_buccinna,"Tu sarai il vincitore del 4 marzo","16 years old
I'm from Cremona (italy)
""""Photographer""""
Founder di F.A.C.WORLD
I love ligth-paintingğŸ˜
Follow me on gurushot â¤µâ¤µâ¤µâ¤µ",152,3678,268
simone_buccinna,"Non solo un bimbo, ma anche noi delle superiori","16 years old
I'm from Cremona (italy)
""""Photographer""""
Founder di F.A.C.WORLD
I love ligth-paintingğŸ˜
Follow me on gurushot â¤µâ¤µâ¤µâ¤µ",152,3678,268
simone_buccinna,"Stile ğŸ˜","16 years old
I'm from Cremona (italy)
""""Photographer""""
Founder di F.A.C.WORLD
I love ligth-paintingğŸ˜
Follow me on gurushot â¤µâ¤µâ¤µâ¤µ",152,3678,268
_gabrielesalvo_,ritirati,,65,420,10
_gabrielesalvo_,crepa,,65,420,10
matt.cichella,"Cazzo alla fine hanno vinto loro @dellacioppa92","ğŸ–Pescara 
ğŸ‡®ğŸ‡¹ Italy 
âœğŸ»25 y/o",505,2799,216
matt.cichella,"@matt.cichella il vincitore del 24 febbraio giÃ  ha la faccia da Nobel","ğŸ–Pescara 
ğŸ‡®ğŸ‡¹ Italy 
âœğŸ»25 y/o",505,2799,216
gianlucamollo_gm,Vergognoso,"GM
ğŸ“ˆ PubblicitÃ ğŸ—‚
ğŸ“šUniversity student 
ğŸ¥Š boxe
âš½ï¸ Football player 
ğŸ“¸ photo model",537,8714,770
alifeisntenough_,"@giuseppemolaro_ che schifo",,168,1317,191
alifeisntenough_,"@giuseppemolaro_ qui condivido",,168,1317,191
alifeisntenough_,"@giuseppemolaro_ per piacere leggiti il programma de M5S",,168,1317,191
alifeisntenough_,"@giuseppemolaro_ ma vaffanculoooo",,168,1317,191
carmine.vitale.378,"ğŸ¤£ğŸ¤£ğŸ¤£ digli di mettere alla prova PROVARE PER CREDERE",,1,7,0
carmine.vitale.378,"Lo ammetto era la nostra prima volta ma con Salvini secondo me Ã¨ la mia famiglia e stato il top tutti insieme riprendiamoci L'italia",,1,7,0
carmine.vitale.378,"Salvini e il Matteo giusto forza tutti uniti",,1,7,0
carmine.vitale.378,"Chiarissimo come sempre",,1,7,0
radical_chic_boriosi,"Passate da questa pagina per un poâ€™ di sana satira anti sinistra!","Profilo Instagram ufficiale della pagina Facebook â€œradical chic boriosi che si beffano dellâ€™ignoranza altruiâ€",76,1183,124
chayanne_italia,"SarÃ  di buon auspicio sta neve, a Roma non nevica mai â„ï¸ğŸŒ¨ï¸ğŸ’š","Page italiana aggiornata news uff dedicata a @chayanne Popmusic icon performer Singer Actor Dancer HastaElFinDondeVuelveAEmpezar ElMundo â¤ï¸#chokachoka",299,8186,4389
valeriapredari,"Piuttosto brucio la tv","ValeriağŸ‡®
ğŸ‡¹",194,1464,13
valeriapredari,#legamerda,"ValeriağŸ‡®
ğŸ‡¹",194,1464,13
valeriapredari,"Si in corteo antifa","ValeriağŸ‡®
ğŸ‡¹",194,1464,13
rigaa02,"sempre! @giorgiotonnesi","GIANLUğŸ–¤
OLIMPIA FIRENZEğŸ–¤ğŸ’›
ITALIAğŸ‡®ğŸ‡¹
FIRENZEâšœï¸
1926ğŸ’œ
viva fiorenza
ğŸ•ŠğŸ•ŠğŸ•ŠğŸ•Š
menefregoğŸ‡®ğŸ‡¹",213,1607,31
cristel_michelangelo,"@d.o.x_bbzofficial98 ahahahaha grande !!!","Nothing to say and to follow, maybe.",644,15447,4512
cristel_michelangelo,"Vedrai che soddisfazione quando lâ€™Italia tornerÃ  in piedi piÃ¹ forte di prima , e chi ti ha insultato dovrÃ  ricredersi:) sarÃ  una bella soddisfazione!","Nothing to say and to follow, maybe.",644,15447,4512
mestrepollaccia,Top!,"Salumeria e formaggeria tipica Italiana con cucina.
Osteria a noite somente com reserva (65)9.9234.2626",439,3677,1295
mestrepollaccia,"La nostra cultura! Difendiamola!","Salumeria e formaggeria tipica Italiana con cucina.
Osteria a noite somente com reserva (65)9.9234.2626",439,3677,1295
agnesepetrelli_,"@elisacasi_ â¤ï¸","17, arezzo",37,1677,124
gabriele_spago,"@vincent_morello Ã¨ inutile che ti lamenti, quando spasimi per un uomo che fa la stessa cosa. Detto questo sai cosa penso della lega e del degustatore di vini qua sopra, per me non valgono. PaceğŸ¤™","â€¢ ğŸ‚ 17.08.00
â€¢ ğŸ“Œ Piemonte, Italia 
â€¢ ğŸ¥ Videomaker, Vlogger e altre cose! 
â€¢ ğŸ“¨ Hai un progetto video? contattami!",29,284,52
iamdemaa_,"@dennisiviero hai bevuto?","ì›ƒ Â¹â¶ â€¢ á´›Ê€á´‡á´ Éªsá´ â€¢ á´ á´‡É´á´‡á´›á´
á´„á´ÊŸÊŸá´€Ê™á´Ê€á´€á´¢Éªá´É´ÉªğŸ‘‰   DIRECTğŸ”¥
                    âŒá´…á´‡á´á´€âŒ",378,11346,11
partitorealista,"@ledogadaleta segui questo nuovo possibile partito con idee neofasciste,tutte scritte nel nostro secondo posti","Possibile partito emergente
Idee nazionaliste e patriottiche
estrema destra,neofascismo
boia chi molla!
Roma,Italia",29,321,8
partitorealista,@la.b68ziggy,"Possibile partito emergente
Idee nazionaliste e patriottiche
estrema destra,neofascismo
boia chi molla!
Roma,Italia",29,321,8
glensvil,"ğŸ‘ğŸ¼ ğŸ‘ğŸ¼ ğŸ‘ğŸ¼","~ Mediterranean soul ğŸšâ˜€ï¸",686,3833,273
msp_lombardia_studentilombardi,"Grazie Matteo! In Lombardia stiamo portando avanti le idee della lega nelle scuole! ğŸ’šğŸ’šğŸ’š","COSA ASPETTI?
â¬PARTECIPA ANCHE TU ALLA CAMPAGNA ELETTORALE PER SALVINI PREMIER!â¬",134,908,117
_david_garciaa_,"Via i negri ci state?","ğŸ˜ğŸ˜ğŸ˜ğŸ˜ğŸ˜ğŸ˜",166,1094,0
_david_garciaa_,"Come faccio ad entrare nella vostra lega di fascisti?","ğŸ˜ğŸ˜ğŸ˜ğŸ˜ğŸ˜ğŸ˜",166,1094,0
_david_garciaa_,"Devo odiare gli stranieri?","ğŸ˜ğŸ˜ğŸ˜ğŸ˜ğŸ˜ğŸ˜",166,1094,0
_david_garciaa_,"@makrinareale allora anche per gli inglesi gli svizzeri sono terroniğŸ˜‚","ğŸ˜ğŸ˜ğŸ˜ğŸ˜ğŸ˜ğŸ˜",166,1094,0
angelochisena,"Bravo Matteo continua cosÃ¬",,2,70,0
giorgio.sasa,"Imbarazzante come un politico voglia comprare dei ragazzi ai quali neanche Ã¨ permesso votare essendo sedicenni. Questa Ã¨ l'Italia, fonte di imbarazzo in Europa e nel mondo, grazie matteo. A questo punto era meglio il partito dell'amore di cicciolina","Antifascista-Socialista-Anarchico-Anticapitalista
Dreadmaker(ğŸ—¨ï¸ per info)
Sesso droga & Rock n' roll
La natura Ã¨ l'unico Dio",73,403,89
giorgio.sasa,"La rivoluzione avverrÃ  quando qualche anarchico vi farÃ  tremare, politici da 4 soldi âœŠ","Antifascista-Socialista-Anarchico-Anticapitalista
Dreadmaker(ğŸ—¨ï¸ per info)
Sesso droga & Rock n' roll
La natura Ã¨ l'unico Dio",73,403,89
giorgio.sasa,"@edoardo_scapini anche senza cultura evidentemente. Anarchia significa senza governo. Non senza regole. Il vero anarchico nega il potere del governo, qualsiasi esso sia, indifferentemente dall'idea politica. Il vero anarchico Ã¨ quello che fa quello che vuole senza dar fastidio agli altri. L'anarchia va di pari passo con il significato vero e proprio di libertÃ . Il vero anarchico non si","Antifascista-Socialista-Anarchico-Anticapitalista
Dreadmaker(ğŸ—¨ï¸ per info)
Sesso droga & Rock n' roll
La natura Ã¨ l'unico Dio",73,403,89
giorgio.sasa,"Il vero anarchico non Ã¨ quello che va a distruggere tutto quello che vede. Quello Ã¨ essere incivili. Un modo di anarchici Ã¨, utopicamente, un mondo di gente civile","Antifascista-Socialista-Anarchico-Anticapitalista
Dreadmaker(ğŸ—¨ï¸ per info)
Sesso droga & Rock n' roll
La natura Ã¨ l'unico Dio",73,403,89
giorgio.sasa,"Per questo dico che gli anarchici faranno tremare i politici. Quando non avranno nessuno da governare, a cosa serviranno? A niente.","Antifascista-Socialista-Anarchico-Anticapitalista
Dreadmaker(ğŸ—¨ï¸ per info)
Sesso droga & Rock n' roll
La natura Ã¨ l'unico Dio",73,403,89
giorgio.sasa,"@edoardo_scapini ""quello che per te Ã¨ non dare fastidio a nessuno, per gli altri potrebbe creare disagio"" forse non hai capito, io intendo che davvero non si da fastidio a nessuno, quindi non creerebbe disagio, perchÃ© ci sarebbe comunicazione tra le persone e verrebbero a nascere delle regole non scritte,oppure anche scritte, che definiscano la convivenza civile.. per questo dico che Ã¨ utopico, la societÃ  in cui viviamo Ã¨ formata da individui avidi, che vorrebbero sempre di piÃ¹.","Antifascista-Socialista-Anarchico-Anticapitalista
Dreadmaker(ğŸ—¨ï¸ per info)
Sesso droga & Rock n' roll
La natura Ã¨ l'unico Dio",73,403,89
giorgio.sasa,"Il fatto Ã¨ che dovrebbe esserci un colpo di stato, perchÃ© il nostro governo, che dovrebbe servire il popolo(la Costituzione lo dice), ci sottomette in ogni modo. Il colpo di stato Ã¨ persino legittimo quando il governo abusa del popolo.. non dovrebbero proprio mai essere esistiti i governi, hanno fatto solo danno dall'inizio dei tempi","Antifascista-Socialista-Anarchico-Anticapitalista
Dreadmaker(ğŸ—¨ï¸ per info)
Sesso droga & Rock n' roll
La natura Ã¨ l'unico Dio",73,403,89
giorgio.sasa,"""dormo 3 ore"" forse perchÃ© ne lavori altrettante. ""al posto di stare con i miei figli sarÃ² a Roma"".. ma quando si tratta di andare al parlamento europeo Ã¨ meglio far vacanza vero? Voi politici siete tutti uguali. Vi meritereste la gogna, altro che lo stipendio. âœŠğŸ‘‹","Antifascista-Socialista-Anarchico-Anticapitalista
Dreadmaker(ğŸ—¨ï¸ per info)
Sesso droga & Rock n' roll
La natura Ã¨ l'unico Dio",73,403,89
giorgio.sasa,"SerietÃ , vi riempie di parole vuote per mantenervi ignoranti sulle questioni davvero importanti. âœŠğŸ‘‹","Antifascista-Socialista-Anarchico-Anticapitalista
Dreadmaker(ğŸ—¨ï¸ per info)
Sesso droga & Rock n' roll
La natura Ã¨ l'unico Dio",73,403,89
o_tizio_e_mammt,"Chella grand srof e mammt su grand figl e putta va a fa 2 bucchin",,0,9,0
mandarina.7.7,"Che coraggio ğŸ˜°","Lâ€™eterno splendore della mente candida.",76,745,2762
s.t.s.k.m.p.g.d.l.m.t.o.b.l,"Grande Matteo come sempre ğŸ‘","Super amanti degli animali, in particolare i cani. â¤ğŸ’™ğŸ’šğŸ’›ğŸ’œ",55,482,156
eleonorstella,"ğŸ‘ğŸ»ğŸ‘ğŸ»","Eleonora Rigamonti Stella... this is me ğŸ¦‹",553,4044,33
eleonorstella,"ğŸ‘ğŸ»ğŸ‘ğŸ»","Eleonora Rigamonti Stella... this is me ğŸ¦‹",553,4044,33
nucontactati,"devono essere apprezzate le donne","ğŸ”²ğŸ¤´ğŸ»zao ragazzi e ragazze, benvenuti nel mio profilo ufficiale. Italy ğŸ‡®ğŸ‡¹",5,48,0
i_meme_del_degrado,"Viva la ruspaaaÃ aa","ğŸ”œbin laden disse questa page Ã¨ una bombağŸ˜
seguici per dei meme esplosiviğŸ‘³â€â™‚ï¸
1 post giornaliero",229,1601,669
rosselladilillo,"Nzallanuuu @dpgianluca99","G.â™¥ï¸ğŸ”ğŸŒ¹ğŸ’",63,392,26
silviogiovanazzi,"@fiorella.costa12 zitta","But it's not enough to beat me!
â–¶ï¸ Trento, Italy
â–¶ï¸ 06.03.1998
â–¶ï¸ palestra e nuoto
-Velaisnow",126,1654,9
silviogiovanazzi,"@fiorella.costa12 ah ahahhaha hahahahahahhahahahahahhahag","But it's not enough to beat me!
â–¶ï¸ Trento, Italy
â–¶ï¸ 06.03.1998
â–¶ï¸ palestra e nuoto
-Velaisnow",126,1654,9
silviogiovanazzi,"@fiorella.costa12 ancora parli?","But it's not enough to beat me!
â–¶ï¸ Trento, Italy
â–¶ï¸ 06.03.1998
â–¶ï¸ palestra e nuoto
-Velaisnow",126,1654,9
silviogiovanazzi,"@matteosalviniofficial - sei cosÃ¬ sf1gat0, ma cosÃ¬ sf1gat0, che se fai una gara di sf1gat1, arrivi secondo perchÃ¨ sei sf1gat0!","But it's not enough to beat me!
â–¶ï¸ Trento, Italy
â–¶ï¸ 06.03.1998
â–¶ï¸ palestra e nuoto
-Velaisnow",126,1654,9
silviogiovanazzi,"@davidebello__ @matteosalviniofficial Razzista","But it's not enough to beat me!
â–¶ï¸ Trento, Italy
â–¶ï¸ 06.03.1998
â–¶ï¸ palestra e nuoto
-Velaisnow",126,1654,9
silviogiovanazzi,"@matteosalviniofficial Lega Ã¨ razzista","But it's not enough to beat me!
â–¶ï¸ Trento, Italy
â–¶ï¸ 06.03.1998
â–¶ï¸ palestra e nuoto
-Velaisnow",126,1654,9
silviogiovanazzi,"@nuccirumma_99 pippola down verde ğŸ˜˜","But it's not enough to beat me!
â–¶ï¸ Trento, Italy
â–¶ï¸ 06.03.1998
â–¶ï¸ palestra e nuoto
-Velaisnow",126,1654,9
emanuelaprevide_,Adoroooooooo,"17, MilanğŸ“
Liceo ClassicoğŸ“–
Remember my name. I'm one in a million
Read my articles hereğŸ‘‡ğŸ»ğŸ‘‡ğŸ»",506,3645,119
bertozz.presidente,Bravo,"B.P.D.N.UğŸ‡ºğŸ‡¸",18,290,7
alessio_farulli,"@cosimopaper ma che problemi hai? Ahahah","FlorenceğŸ“| Scienze della Salute e dello SportğŸ“š | Nuoto ğŸŠğŸ»â€â™‚ï¸",370,1968,48
alessandro_fornaciari,"@luciano_fasulo si vede che i tuoi genitori non ti hanno saputo educare queste cose si imparano dalla famiglia non di certo a fare il militare","Reggio Emilia ğŸ‡®ğŸ‡¹
1998
Tattoo Lover âœ ğŸ¦ ğŸŒ¹ ğŸ˜
Never Shed Tears",114,1910,6
alessandro_fornaciari,"@noelfisher84  preferisco andare in galera e difendere i miei diritti","Reggio Emilia ğŸ‡®ğŸ‡¹
1998
Tattoo Lover âœ ğŸ¦ ğŸŒ¹ ğŸ˜
Never Shed Tears",114,1910,6
vara__03_tmr,"Servizio militare sto cazzo","Brucia i copertoni non la tua anima ~Issis Tonino Guerra-â€¢Novafeltriaâ€¢IIXVII-â€¢EFB:Vara__03. ğŸ˜(RN)~â€¢Rimini ItalyğŸ‡®ğŸ‡¹~âšªğŸ”µ",517,2883,47
rosannasterlini,"Se si fosse presentato meglio nel meridione avrebbe preso tanti voti. Ma ha disprezzato noi e la nostra terra",,9,53,0
lafe_official,"@ocla123 noi ci stiamo ğŸ‘ğŸ»ğŸ‘ğŸ»","TR â™•
TECHNO ğŸ’ƒğŸ’ƒ | snapchat: talula_r E.S.R.R ğŸ˜",657,3881,514
giuliosambarino,"C'Ã¨ gente che davvero spera che un parlamentare parassita da prima di B. Cambi l'Italia. Dopo aver promesso 3 anni di andare avanti da solo, e per l'ennesima volta si sia calato le braghe e si sia alleato con un criminale che ci ha distrutto il paese.","295 Months.
Mi hanno rapito gli alieni.",62,689,118
forza_silvio_berlusconi_,"ğŸ’ªğŸ’ªğŸ–‘",,10,61,11
quel.fottuto.recensore,"Mi consenta di dirle , che la aspettiamo al governo , ora e per sempre , #forzamilan","Partner @ilrasdivinovo",82,11558,1098
albycrescini,"@it.c.giani Hai ragione, vado sempre allâ€™Esselunga anchâ€™io, e non ero infatti abituato a una quantitÃ  di immigrati cosÃ¬ elevata","Ho 16 anni, faccio video su YouTube, studio allo scientifico e mi piace smanettare con ogni cosa che mi capita sotto mano. YouTube: iTechPro",58,368,29
albycrescini,"@_david_garciaa_ Beh giÃ  questo Ã¨ un buon inizio.","Ho 16 anni, faccio video su YouTube, studio allo scientifico e mi piace smanettare con ogni cosa che mi capita sotto mano. YouTube: iTechPro",58,368,29
albycrescini,"Verdi come la lega","Ho 16 anni, faccio video su YouTube, studio allo scientifico e mi piace smanettare con ogni cosa che mi capita sotto mano. YouTube: iTechPro",58,368,29
stefy_cattaneo,"Non vi manca nulla ğŸ˜‚ğŸ’ªğŸ’‹","ğŸ–¤ğŸ’™ Familia Nicole Elizabeth ğŸ‘¶ğŸ¼ Alan â¤ï¸Jack & Chanel ğŸ¶ ğŸŒ TV-Radio 3BMETEO 
ğŸŒ SNAI SportNews ğŸŒ IL BARBIERE calcio show con #FurioFedele",476,32864,1203
chief.brando,"COTOLETTA COTOLESSA","Seguimi o ti muore il criceto.",146,916,42
gianluca.corino,"@icronoshow l'unica cosa che sai Ã¨ quando apre il tuo asilo e basta ahah","Paper FamiliağŸ†",766,4072,3
anne_innocenti_,Vergogna!,"Non  mollare  mai",213,1652,157
coma69_,"Anche io oggi me la sono mangiata grande Salvini ğŸ˜‚ğŸ˜‚",,1,39,0
nadia_cinzia_cicala,"Tu vinci!!!!","L'altro profilo Ã¨ bloccato. Adesso uso questo",15,720,52
_winters206771,"@simone_rinaldi93 @blithe92 ma il grande Matteo Salvini con sottofondo dei Guns n Roses che dice? Che MITO","â–ªï¸Based in Viterbo(ITA)
â–«ï¸Italian Soldier/ Italian Airborne(Folgore)
â–ªï¸Shooter
â–«ï¸BMW_F36 420d
â–ªï¸Honda_CBR 600 RR
All original content and not reposted",127,1383,91
tizianaeula,"Sei grande",,2,73,0
tizianaeula,"Ti adoro",,2,73,0
marco.mostacchi,"@febtoon â¤ï¸â¤ï¸â¤ï¸â¤ï¸","Tutti impegnati a mantenere la vostra grande reputazione. Ma perchÃ© voi siete solo la vostra reputazione (ciÃ² che rappresentate)",855,10804,27
francescoalessandroburla,"Vai Matteo!!!","Naples, Italy. ğŸ‡®ğŸ‡¹ 
Ink, Music, Beard, Bike, Fitness.",101,1267,57
marinoantonio50,"comunque questo evento non Ã© stato pubblicizzato molto Ã© mancata molta gente che non a saputo",,2,12,0
velasquez2310,"Quando le idee politiche superano quelle personali! Da anti terrone ad amico di tutti il passo Ãª veloce...","Sometimes it is better to remain silent and appear stupid than open your mouth and remove all doubt.",88,1730,183
velasquez2310,"Ho appena visto il film di Mussolini al cinema. Mi ha dato molto da pensare. Ti chiedo una cosa, anche se sei solo un politico di oggi. Rendimi fiero di essere italiano ma non farmi odiare da chi non lo Ã¨.","Sometimes it is better to remain silent and appear stupid than open your mouth and remove all doubt.",88,1730,183
velasquez2310,"Li vogliamo ridurre questi stage e assumere prima i giovani?","Sometimes it is better to remain silent and appear stupid than open your mouth and remove all doubt.",88,1730,183
elefantetandempsichicodaguerra,RUSPAAAAAH,"â˜†VENERATE IL SOMMO PACHIDERMAâ˜†
ğŸ”¥01/06/17ğŸ”¥
~balbi
~Disel
~kampa
~tala
â˜†Se pigli tagga figlio di buona madre
â˜†RISERVA: @etpdg_riserva",37,2059,445
eliasavoia12,"@melissaconfalonieri da quando Ã¨ diventato un movimento nazionale e non secessionista .","ğŸ“ŒPromoter and Influencer 
Business&collaborations inquiry : eliasavoia.contact@gmail.comğŸ“¬",933,10152,340
mariellamazzetto,"Sei un mito!",,17,104,15
mariellamazzetto,Bravo!,,17,104,15
annamaria.cara,"E vaiiiiiiiiiii certo che sono prontaaaaaaaaaaa vai Matteo.ğŸ’šğŸ’šğŸ’šğŸ’šğŸ’šğŸ’š",,3,55,0
annamaria.cara,"ğŸ‘ğŸ‘ğŸ‘ğŸ‘ğŸ‘ğŸ‘ğŸ‘ğŸ‘",,3,55,0
annamaria.cara,"ğŸ’šğŸ’šğŸ’šğŸ’šğŸ’š",,3,55,0
techcore_network,"Ma chi Ã¨ sto immigrato","*Asus ZenFone 3 Max *in regalo al miglior follower della nostra paginağŸ’¡
Seguici  e taggaci nei tuoi migliori postğŸ‘ 4âƒ£ğŸğŸšº",210,1441,36
paola.conte3811,"@antifascismo_milano ma quale ignorante.smettila.devono essere rimpatriate dice..e perche stanno tutti qui? Perche ci sono solo in giro? Perche continuano a commettere reati qnd hanno precedenti? Li conoscono.chi caxxo li deve rimpatriare?","âš«ğŸ”µâš«ğŸ”µâ™¥â™¥â™¥â™¥",111,895,634
paola.conte3811,"@antifascismo_milano devono essere rimpatriati.e perche non lo fanno? Dimmelo te che sei intelligente","âš«ğŸ”µâš«ğŸ”µâ™¥â™¥â™¥â™¥",111,895,634
vincentbilleci,"Ma nn vi vergognate ???","ğŸŒ¹Art ğŸŒ¹Fashion ğŸŒ¹Design",6797,40735,3807
vincentbilleci,V,"ğŸŒ¹Art ğŸŒ¹Fashion ğŸŒ¹Design",6797,40735,3807
vincentbilleci,E,"ğŸŒ¹Art ğŸŒ¹Fashion ğŸŒ¹Design",6797,40735,3807
vincentbilleci,R,"ğŸŒ¹Art ğŸŒ¹Fashion ğŸŒ¹Design",6797,40735,3807
vincentbilleci,G,"ğŸŒ¹Art ğŸŒ¹Fashion ğŸŒ¹Design",6797,40735,3807
vincentbilleci,O,"ğŸŒ¹Art ğŸŒ¹Fashion ğŸŒ¹Design",6797,40735,3807
vincentbilleci,G,"ğŸŒ¹Art ğŸŒ¹Fashion ğŸŒ¹Design",6797,40735,3807
vincentbilleci,N,"ğŸŒ¹Art ğŸŒ¹Fashion ğŸŒ¹Design",6797,40735,3807
michelangelo.pucci,"ğŸšœ","~14/04/2003~ 
Lucca,ItalyğŸ¡ğŸ‡®ğŸ‡¹
ITIS FERMIğŸ“š
Student Developer ğŸ’»
Pianist ğŸ¼ğŸ¹ 
Video Editor ğŸ–¥ğŸ¬
Fino alla fine âšªï¸âš«ï¸",175,906,5
jhonnyenriquebertone,"Ma per nulla ..sempre contro le forze del ordine che sono contro il popolo",,3,35,0
davidcosse,"Liberaci capitano","ğŸ¡UDINE
23 â€¢ 02 â€¢ 2000
Snapchat davidcossettini
SingerğŸ¤",208,1468,80
lo_schifo_delle_schifezze,#riposati,"""NON CHIEDETE DI SEGUIRCI FIGAA"" Cit. Piolo Merda
Â°MOOIK
Â°RUFFAO
Â°IL_FICCO
Zibibbo e Lambruscoâ¤",1,13,79
riccardo.zara,"Continua cosÃ¬ğŸ’ªğŸ»","La VeritÃ¡ Ã¨ vista come Odio da chi odia la VeritÃ ",152,1760,150
manu__mac,@elisa_ubezzi,"ğŸ‡®ğŸ‡¹ rockclimber âœŠğŸ»",674,12340,199
lo_giudice_mimma_,"Bella coppia. Bellissimi vvb",,11,56,7
lo_giudice_mimma_,"SANTORO .non MIACE. LO. GHARDATO PERCHE.CERI MATTEO. SALVINI.",,11,56,7
lo_giudice_mimma_,"MATTEO PER ME SEI. MITO IO VOTO MATTEO SALVINi La lega SALVINI TVB",,11,56,7
lo_giudice_mimma_,"Grade. MATTEO .SALVINI. MITICO",,11,56,7
lo_giudice_mimma_,"Io. Odio .la .fornero",,11,56,7
_laminesarr_,"@linda_c_getty @jobri66 @cinzy.c @paola_zamp  la leva Ã¨ irrealizzabile per vari motivi economici logistici ecc non perchÃ© lo dico io ma autorevoli addetti ai lavori se volete credere alle favole non sono problemi mie.... Poi io personalmente sono volontario CRI (croce rossa italiana) Ã¨ avevo partecipato e vinto il concorso per la TeuliÃ¨ (Scuola militare milanese) la mia famiglia tranne alcune eccezioni lavora tutta in quel ambito (ministero difesa/interno) questo lo dico per far capire che SO di quel che parlo e che se dovessero reintrodurre la leva (impossibile allo stato attuale) non farebbero certo un torto a me ANZI.","Milano-Trieste ğŸ‡®ğŸ‡¹
U.S. Triestina Calcioâš½
FossaDeiLeoni âš«ğŸ”´
Slavaâ¤ï¸",96,700,0
_laminesarr_,"@linda_c_getty @jobri66 @cinzy.c @paola_zamp  la leva per vari motivi economici logistici ecc Ã¨ irrealizzabile se volete credere alle favole pre elettorali non sono problemi mie. Io personalmente sono volontario CRI (croce rossa italiana) Ã¨ avevo partecipato e vinto il concorso per la TeuliÃ¨ (Scuola militare milanese) la mia famiglia tranne alcune eccezioni lavora tutta in quel ambito (ministero difesa/interno) Ã¨ pure io probabilmente seguirÃ² una strada simile.. questo lo dico per far capire che SO di quel che parlo e che se dovessero reintrodurre la leva (impossibile allo stato attuale) non farebbero certo un torto a me ANZI.","Milano-Trieste ğŸ‡®ğŸ‡¹
U.S. Triestina Calcioâš½
FossaDeiLeoni âš«ğŸ”´
Slavaâ¤ï¸",96,700,0
_laminesarr_,"@linda_c_getty detto questo poi va fatto un discorso sull'effettiva utilitÃ  della leva... Conosco personalmente molti adulti che durante la ferma hanno iniziato a bere,fumare e drogarsi... Nel mondo di oggi obbligare i ragazzi a fare una cosa del genere sarebbe MOLTO controproducente l'educazione si insegna in famiglia e nelle scuole non in un anno di leva.... L'unica cosa che potrebbe essere utile Ã¨ un periodo obbligatorio di servizio civile questo si.","Milano-Trieste ğŸ‡®ğŸ‡¹
U.S. Triestina Calcioâš½
FossaDeiLeoni âš«ğŸ”´
Slavaâ¤ï¸",96,700,0
_laminesarr_,"@linda_c_getty ultima cosa da dire Ã¨ che l'esercito di professionisti Ã¨ una della piÃ¹ grandi conquiste un ambito militare degli ultimi 15 anni e non perchÃ© lo dico io ma AUTOREVOLI addetti ai lavori... @cinzy.c PS: ripeto smettila con questo inutile vittimismo... Nessuno ti ""scassa"" perchÃ© hai scritto la tua... PerÃ² come tu hai il DIRITTO di esprimere la tua opinione io ho il DIRITTO di risponderti... Se non ti sta bene me ne farÃ² una ragione.","Milano-Trieste ğŸ‡®ğŸ‡¹
U.S. Triestina Calcioâš½
FossaDeiLeoni âš«ğŸ”´
Slavaâ¤ï¸",96,700,0
_laminesarr_,"@paola_zamp no il servizio civile Ã¨ una cosa la leva un altra... Ãˆ questo te lo garantisco visto che ho fatto tutte e due (CRI/TeuliÃ¨) importanti in egual modo ma il servizio civile Ã¨ importante Ã¨ puÃ² servire a TUTTI... Il mondo militare invece ai non interessati non deve rivolgersi...","Milano-Trieste ğŸ‡®ğŸ‡¹
U.S. Triestina Calcioâš½
FossaDeiLeoni âš«ğŸ”´
Slavaâ¤ï¸",96,700,0
_laminesarr_,"@linda_c_getty allora innanzitutto se dobbiamo discutere basandoci su opinioni senza fondamenta Ã¨ inutile... Il governo Renzi Ã¨ stato uno dei governi che ha investito di piÃ¹ sulla CULTURA!! Bonus cultura, progetto bellezza ecc detto ciÃ² ovviamente NON Ã¨ stato un governo perfetto perÃ² bisogna dargli atto Delle MOLTE cose che ha fatto... Dalla crisi PIANO PIANO stiamo uscendo se poi vuoi negare l'evidenza affari tuoi... Abbiamo fatto passi in avanti in campo scientifico tecnologico culturale (da oggi Pompei Ã¨ stata resa visitabile anche ai disabili per dirne una) Ã¨ in molti altri questo sono dati poi ci sono le chiacchere... Ad oggi per quanto mi riguarda il pd Ã¨ l'unico partito che parla di cose concrete realizzabile ma soprattutto che non basa la propria campagna sulla paura e su tesi PERICOLOSAMENTE ANTI SCIENTIFICHE... Ripeto non Ã¨ perfetto ma perlomeno non ci prendono per il culo promettendo la luna","Milano-Trieste ğŸ‡®ğŸ‡¹
U.S. Triestina Calcioâš½
FossaDeiLeoni âš«ğŸ”´
Slavaâ¤ï¸",96,700,0
_laminesarr_,"@cinzy.c @jobri66  guarda molto sinceramente di quello che ti immagini mi interessa veramente poco... Non devo dimostrare niente a nessuno tantomeno a te... Comunque risposte del genere me le aspettavo considerando che nel merito non mi potete rispondere visto che le vostre argomentazioni si basano su favole... Ne prendo atto e vi auguro una buona continuazione pure a voi.","Milano-Trieste ğŸ‡®ğŸ‡¹
U.S. Triestina Calcioâš½
FossaDeiLeoni âš«ğŸ”´
Slavaâ¤ï¸",96,700,0
_laminesarr_,"@jobri66 sisÃ¬ maleducato altro non sapete dire... Belle argomentazioni!!","Milano-Trieste ğŸ‡®ğŸ‡¹
U.S. Triestina Calcioâš½
FossaDeiLeoni âš«ğŸ”´
Slavaâ¤ï¸",96,700,0
_laminesarr_,"@paola_zamp Paola se ti rileggi quello che ho scritto probabilmente ti accorgeresti che ho scritto le medesime cose....","Milano-Trieste ğŸ‡®ğŸ‡¹
U.S. Triestina Calcioâš½
FossaDeiLeoni âš«ğŸ”´
Slavaâ¤ï¸",96,700,0
christianchiarle,"Senti la boldrini troia come straparla male su di te",,13,1180,5
accaesse.hs,"Devi rasarti i capelli","Senza olio di Fred de palma 
Il mio gatto Ã© un meme
Sandro Cazzo style
$âˆ†Î  and Lil HsCat",24,896,722
chiaracautilloo,"@_asiacivettini_ lei parla come cazzo le pare e non rompe cia",,71,488,6
olfo_favaretto,"Certamente piÃ¹ autentico dei nostri politici.ï»¿
RISPONDI","â˜…VOTA LE VERE PRIMARIE OLFO FAVARETTOâ˜…",0,308,8
destratriveneta,"Seguiteci per satira sulla sinistra e aggiornamenti sulla destra!","Propaganda politica di destra, seguiteci per rimanere aggiornati e per satira sulla sinistra!
Aiutateci a crescere!
Fondata il 6 Febbraio 2018",20,118,9
destratriveneta,"Buongiorno a tutti! Siamo una nuova pagina di destra: seguiteci per post di satira e aggiornamenti!","Propaganda politica di destra, seguiteci per rimanere aggiornati e per satira sulla sinistra!
Aiutateci a crescere!
Fondata il 6 Febbraio 2018",20,118,9
earnmarkss,"@antonio_castellini @mattia_rizzardi","â €â €â €â €â €â €â €â € â €â €â €â €â €â € â € 18ğŸ‡®ğŸ‡¹
â €â €â €â €â €â €â €â € â €â €â €â €â €â € â € â„¢ï¸âœ¨
â €â €â €I donâ€™t want to be ok with where im atâœŒğŸ¼
â €â €â €â €â €â €â €â €â €â €â €â €""G szn soon""ğŸŒ»ğŸŒ",394,2923,40
no_face_no_game,"@martin_cafiero allora seguendo il tuo ragionamento, Maometto Ã¨ il mandante diretto degli attentati terroristici di matrice islamica",,0,235,0
asfggueudjdi,S,,259,1550,0
emanuele_marzani,"Sto male! @martha_tirinnocchi","ITALIAN ACTORğŸ¬ğŸ¥
ğŸ SASSUOLO CITY AND ROMEğŸ™
ğŸ’ŒCONTACT ME: emanuele.marzani@libero.it",2941,14774,113
xxcioppinoxx,"@iamnotantoniovasta  lascia perdere , lâ€™italia Ã¨ e rimarrÃ  un popolo ignorante. Non puoi farci nulla, sprechi solo tempo","padova, 2003 
duca dâ€™aosta (LES) ğŸ“š 
It doesnâ€™t matter. Nothing matters.ğŸˆ",326,1830,22
christianmusella_real,"Hahahhahah benee","International Model, Blogger & Influencer
ğŸ”¥ CONTRIBUTOR @Shopify
ğŸ“ Naples
ğŸ›« Next: LA / Paris 
ğŸ“© Business Mail: 
      Info@musellachristian.com",7468,367290,128
alescioangelo,"Rimpatriamoli tutti @taylor_mega ó¾“©ğŸ˜‰","Sicily ó¾“©",84,14153,114
antonia_marrone,"@vania2010 siete tutti dei razzisti di merda!!","ITALIAN MODEL
MilanğŸ“
ğŸ‡®ğŸ‡¹ ~ Wave Management",542,26288,224
antonia_marrone,"@vania2010 io vuota di cervello e di cuore? O voi che seguite questo millantatore che si crede di fare il comandante soltanto per aizzare le folle...che schifo!","ITALIAN MODEL
MilanğŸ“
ğŸ‡®ğŸ‡¹ ~ Wave Management",542,26288,224
antonia_marrone,"@silviabibs e tu saresti? Stai zitta va! Io studio ed ho una mia cultura personale al di lÃ  del mio aspetto, ed Ã¨ per questo che non seguo questo cretino come una pecora.","ITALIAN MODEL
MilanğŸ“
ğŸ‡®ğŸ‡¹ ~ Wave Management",542,26288,224
antonia_marrone,"@vania2010 questo Ã¨ sicuro, ha ragione. Vi abbandono massa di ignoranti e spero tanto che il buon senso vi faccia ritrovare la strada! Addio.","ITALIAN MODEL
MilanğŸ“
ğŸ‡®ğŸ‡¹ ~ Wave Management",542,26288,224
antonia_marrone,"@vania2010 il brutto esempio Ã¨ parlare bene di uno come Salvini, questo Ã¨ il brutto esempio non le mie parole. Detto questo curatevi.","ITALIAN MODEL
MilanğŸ“
ğŸ‡®ğŸ‡¹ ~ Wave Management",542,26288,224
s.f.la.via.98,"Tutto a discapito di noi italia, per colpa vostra i giovani italiani non hanno un lavoro, ANCHE PER COLPA TUA. lascia governare a chi di politica se ne intende â­â­â­â­â­ ... (Parlo da giovane)","â€¢ 19 anni â€¢
â€¢ Statista â€¢
â€¢ Rischio = Profitto â€¢
â€¢ Top 10 Investor global â€¢
#TempoDiCambiare
""Scommetti tutto con me""
â­â­â­â­â­
ğŸ‘‡#MyNumber ğŸ‘‡",16,331,75
s.f.la.via.98,"Zitto CANE @giulio.bianchi , Lasciami esporre la verita'","â€¢ 19 anni â€¢
â€¢ Statista â€¢
â€¢ Rischio = Profitto â€¢
â€¢ Top 10 Investor global â€¢
#TempoDiCambiare
""Scommetti tutto con me""
â­â­â­â­â­
ğŸ‘‡#MyNumber ğŸ‘‡",16,331,75
s.f.la.via.98,"@giulio.bianchi hahahahaha ecco chi i vostri ""seguaci"" siete peggio di una setta ... (Vomito)","â€¢ 19 anni â€¢
â€¢ Statista â€¢
â€¢ Rischio = Profitto â€¢
â€¢ Top 10 Investor global â€¢
#TempoDiCambiare
""Scommetti tutto con me""
â­â­â­â­â­
ğŸ‘‡#MyNumber ğŸ‘‡",16,331,75
s.f.la.via.98,"@giulio.bianchi mi dispiace ma mi sento piu' maturo di te, quindi non contro ribatto ...BUONA FORTUNA","â€¢ 19 anni â€¢
â€¢ Statista â€¢
â€¢ Rischio = Profitto â€¢
â€¢ Top 10 Investor global â€¢
#TempoDiCambiare
""Scommetti tutto con me""
â­â­â­â­â­
ğŸ‘‡#MyNumber ğŸ‘‡",16,331,75
sexyghiblo,"@monicaavesanigigli Pompa le paure ? Lo vada a dire a chi ogni giorno vive e lotta contro queste bestie che il vostro amatissimo pd ci scarica in Italia, la paura câ€™Ã¨ senza che ci sia salvini a pomparla , e anche se fosse tutto ciÃ² Ã© nato da un unico partito , se salvini marcia sulla paura come dice lei , Ã© perchÃ© qualcuno lâ€™ha permesso ğŸ˜‡","Milan, Italy ğŸ­
Fumo Ku$h ğŸŒ¬ï¸ğŸ’¨ out soon ğŸŒ³ğŸŒŸ",21,1938,0
sexyghiblo,"@bullshit_flag buttati te a Mare cosÃ¬ salvi qualche immigrato amico tuo zecca marcia","Milan, Italy ğŸ­
Fumo Ku$h ğŸŒ¬ï¸ğŸ’¨ out soon ğŸŒ³ğŸŒŸ",21,1938,0
sexyghiblo,"@bullshit_flag leggi il tuo primo commento e vedi chi Ã¨ stato il primo idiota a commentare","Milan, Italy ğŸ­
Fumo Ku$h ğŸŒ¬ï¸ğŸ’¨ out soon ğŸŒ³ğŸŒŸ",21,1938,0
_orgoglio_veneto_,"Ti aspettiamo ! ğŸ˜ŠğŸ˜Š","âŒâŒâŒâŒâŒâŒâŒ
Pagina Ufficiale dedicata ai Veneti e simpatizzanti
âŒâŒâŒâŒâŒâŒâŒ
Ci ha scelto l',17583756345% dei Veneti
âŒâŒâŒâŒâŒâŒâŒ
ğŸ‘‡ğŸ‘‡ğŸ‘‡LINK FEISBUC UFFICIALEğŸ‘‡ğŸ‘‡ğŸ‘‡",6514,88063,2068
martinelliosk,"Toroo @lucanozzabielli","Ask: martinellioscarr
ğŸ‘½",90,659,22
nader_sinatra,"Che faccia da","NADER - COLLA DI PESCE (PROD MADG)
LINK qui sotto ğŸ”½",41,10017,75
zanco.alberto,"ğŸ’š","Cittadella ğŸ’",309,11759,25
zanco.alberto,"ğŸ’š","Cittadella ğŸ’",309,11759,25
zanco.alberto,"ğŸ’š","Cittadella ğŸ’",309,11759,25
camillaboganellii,"@lazzaroni.fabio  E cosÃ¬ cosa ottieni? Io penso che non si tratta di essere una buonista del cazzo sai? Forse se tutti ci aiutassimo di piÃ¹ e pensassimo meno al proprio interesse tutti adesso potremmo sguazzare nel benessere e soprattutto sguazzare in un mare di generositÃ¡!! Quello che manderÃ  avanti il mondo non sono gli italiani, nÃ© i francesi e nemmeno gli africani. Tutti per uno, uno per tutti caro mio","Machiavelli Scienze Umane",449,2575,25
camillaboganellii,"@lazzaroni.fabio Sai quanti italiani, quelli che difendi tanto, hanno stuprato e maltrattato donne o bambine?? Ci saranno sempre ingiustizie, sappi solo che pure gli italiani le commettono e tante per di piÃ¹!!","Machiavelli Scienze Umane",449,2575,25
camillaboganellii,"@lazzaroni.fabio PerÃ² nel chiudere i confini e nel mandare via i ""troppi clandestini"" non ci vedo nessun aiuto sai? Mi sa che facendo cosÃ¬ non permette a nessuno di vivere meglio, anzi fa credere cosÃ¬ che TUTTI I CLANDESTINI SIANO DEI DELINQUENTI.. ma sai com'Ã¨ si sbaglia di grossoğŸ˜˜","Machiavelli Scienze Umane",449,2575,25
camillaboganellii,"@lazzaroni.fabio lo sai che mezzo secolo fa eravamo noi a immigrare in altri paesi? Ti sarebbe piaciuto non ricevere alcun aiuto??","Machiavelli Scienze Umane",449,2575,25
camillaboganellii,"@lazzaroni.fabio quindi tu vorresti che ognuno stesse nelle sue casine e nel suo piccolo stato? Che tristezza di mondo","Machiavelli Scienze Umane",449,2575,25
camillaboganellii,"@sean1991naes Di certo il governo di sinistra ora come ora non farebbe sparire nessun debito pubblico, ma almeno non lo alza!!! Aprire gli occhi non Ã¨ da tutti, siete ancora in tempo ragazzi","Machiavelli Scienze Umane",449,2575,25
camillaboganellii,"@lazzaroni.fabio ma perchÃ© devi generalizzare tutto?? Non tutti vengono qui per spacciare e rubare come dici tu!","Machiavelli Scienze Umane",449,2575,25
camillaboganellii,"@sean1991naes io non ti ho mai dato del razzista, lo hai fatto tu da solo sicchÃ© mi sa che lo sai di esserloğŸ¤·","Machiavelli Scienze Umane",449,2575,25
michelle.nathalie,"Quanta ignoranza","Beauty may be dangerous but intelligence is lethal. 
ğŸ¦ğŸ˜ğŸŒ´ğŸ‡±ğŸ‡°//ğŸ‡®ğŸ‡¹ğŸ“Milan",396,3403,780
pastafarianz,"Rega seguiteci e gli spaghetti non vi lasceranno mai soli","ğŸ”¸Chiesa pastafariana protestante.
ğŸ”¸Luogo di culto e venerazione del Prodigioso Spaghetto Volante.
ğŸ”¸Senza olio di palma.",3,69,13
_ministero_del_meme_,"Ho visto l'intervista intera... Concordo con tutto","ğŸ”¸ğŸ”º[2K]ğŸ”ºğŸ”¸
ğŸ˜µPAGINA DI DEGRADO ASSOLUTOğŸ˜µ
â—¼â—¼â—»â—»â—» 22% TO 5KğŸ”’
ğŸ”²Post di me***a
ğŸ”²Membro di [DNK]",194,2222,217
_ministero_del_meme_,"I problemi sono 1) Verrete eletti?","ğŸ”¸ğŸ”º[2K]ğŸ”ºğŸ”¸
ğŸ˜µPAGINA DI DEGRADO ASSOLUTOğŸ˜µ
â—¼â—¼â—»â—»â—» 22% TO 5KğŸ”’
ğŸ”²Post di me***a
ğŸ”²Membro di [DNK]",194,2222,217
_ministero_del_meme_,"2) farete davvero quelle cose se verrete eletti???","ğŸ”¸ğŸ”º[2K]ğŸ”ºğŸ”¸
ğŸ˜µPAGINA DI DEGRADO ASSOLUTOğŸ˜µ
â—¼â—¼â—»â—»â—» 22% TO 5KğŸ”’
ğŸ”²Post di me***a
ğŸ”²Membro di [DNK]",194,2222,217
madlipz.pauli,grande,"2 Admin ğŸ™‹ğŸ™Œ
ğŸ”¹From Pauli (Monserrato)",2,14,1
sabry_love_rickylive.it_,"@giuseppe.nicolosi.338  chiudi quella fogna!",,22,199,1
salvini_enterprise,"@_mezzomajmo_ AROPORTHO","Nuovo brand ispirato al grande Salvini: padrone dell universo e liberatore dell'Italia",3,40,0
salvini_enterprise,"@_mezzomajmo_ MALPENSAH","Nuovo brand ispirato al grande Salvini: padrone dell universo e liberatore dell'Italia",3,40,0
gianmariacarbini,"Non ti vergogni sciacallo dei miei coglioni. Tornate al nord e non venire in Sardegna . Non sei nemmeno degno di guardare il nostro mare ... noi siamo dei terroni e persone come te non ne vogliamo. Prometti ai sardi che se ti votano regalerai 20 anni di vita in piÃ¹ a tutti magari qualche bestia come te ci crede... vergognati perchÃ© non pubblichi cosa ti dicono nel parlamento europeo quando ci vai. Sei ridicolo montato arrogante e di destra. Hai tutti i peggior difetto del mondo.... fuck",,26,813,47
radiatore_mentale,"@alessia_mazzei pensi seriamente che ti risponda?","Pagina di meme e videoğŸ‡®ğŸ‡¹ğŸ‡ºğŸ‡¸
Ironia su tutto.",19,11943,1322
elojsa_,"Bello scatto. Complimenti al fotografo. ğŸ˜‰",,11,185,14
lady_princess1020,"Freddure, vai Salvini sono con te, batti tutti ğŸ˜‰ @matteosalviniofficial","26/06/2016 Mika concert.Like from Giorgia,Luca Ward,James Blunt,Holly Combs,David Henrie,Zac Efron,Ashley Tisdale.Emma Watson direct. Harry Potter â¤ï¸",100,2285,84
_simonapace,"@fabio.piras come se i comunisti di merda non avessero fatto di peggio!!!! Lascia parlare, lascia dire â€œSTUDIAâ€ a chi non sa cosa si ricorderÃ  tra qualche giorno, le cause e gli effetti dei comunisti","â€¢20        â€¢ItalianğŸ‡®ğŸ‡¹      â€¢Aries â™ˆï¸               In a relationship ğŸ…°ï¸                  XIV III MMXVI      â€¢Per aspera ad astrağŸ’«",166,1916,910
_simonapace,"@freejamesjonas ma stai zitto ignorante","â€¢20        â€¢ItalianğŸ‡®ğŸ‡¹      â€¢Aries â™ˆï¸               In a relationship ğŸ…°ï¸                  XIV III MMXVI      â€¢Per aspera ad astrağŸ’«",166,1916,910
_simonapace,"@fabio.piras contro il comunista di turno, tranquillo!! FORZA LEGAğŸ’š","â€¢20        â€¢ItalianğŸ‡®ğŸ‡¹      â€¢Aries â™ˆï¸               In a relationship ğŸ…°ï¸                  XIV III MMXVI      â€¢Per aspera ad astrağŸ’«",166,1916,910
_simonapace,"@freejamesjonas tu poi mi traduci un â€œdiscorso di renziâ€ in inglese?","â€¢20        â€¢ItalianğŸ‡®ğŸ‡¹      â€¢Aries â™ˆï¸               In a relationship ğŸ…°ï¸                  XIV III MMXVI      â€¢Per aspera ad astrağŸ’«",166,1916,910
_simonapace,"@freejamesjonas magari aspetta una lezione da Renzi ğŸ¤« stai zitto","â€¢20        â€¢ItalianğŸ‡®ğŸ‡¹      â€¢Aries â™ˆï¸               In a relationship ğŸ…°ï¸                  XIV III MMXVI      â€¢Per aspera ad astrağŸ’«",166,1916,910
_simonapace,"@freejamesjonas tu continua a seguire la sinistra, tranquilloğŸ¤— non preoccuparti di nientâ€™altro","â€¢20        â€¢ItalianğŸ‡®ğŸ‡¹      â€¢Aries â™ˆï¸               In a relationship ğŸ…°ï¸                  XIV III MMXVI      â€¢Per aspera ad astrağŸ’«",166,1916,910
_simonapace,"wow che graziağŸ˜‚","â€¢20        â€¢ItalianğŸ‡®ğŸ‡¹      â€¢Aries â™ˆï¸               In a relationship ğŸ…°ï¸                  XIV III MMXVI      â€¢Per aspera ad astrağŸ’«",166,1916,910
pusher_97,"@valerioteo66 stop farti le seghe che sei troppo vecchio ğŸ˜…","14 / 10 / 1997 
Agadir   ğŸ‡²ğŸ‡¦  / Lucca  ğŸ‡®ğŸ‡¹ 
Music (Trap) / Sport (Football)
Italiano / Ø§Ù„Ø¹Ø±Ø¨ÙŠØ© / FranÃ§ais / English / Shqip /",67,452,7
salvini_premier,"W MATTEO SALVINI PREMIER ğŸ’ªğŸ’ª","SALVINI PREMIER 2018
IdeeğŸ’¡ Cuoreâ¤ CoraggioğŸ’ª
Lega-Salvini PremierğŸ’š Noi con Salvini ğŸ’™
Fanpage di supporto al Capitano Matteo SalviniğŸ‡®ğŸ‡¹ğŸ’ª",105,877,120
salvini_premier,"Un ottimo premier e un ottimo papÃ  ğŸ’ªğŸ’• #salvinipremier","SALVINI PREMIER 2018
IdeeğŸ’¡ Cuoreâ¤ CoraggioğŸ’ª
Lega-Salvini PremierğŸ’š Noi con Salvini ğŸ’™
Fanpage di supporto al Capitano Matteo SalviniğŸ‡®ğŸ‡¹ğŸ’ª",105,877,120
saiamarinaemanuela,"Mi sta giÃ  simpatico! Viva la razza bianca!!!! ......Qui siamo in via di estinzione!....","Wife,Model,DegreeJournalism,Testimonial YachtC.MontecarloCasiraghi,PlaymateOfTheYear,SupportCharityProgectIndabo,
DamaGuardianofPeace,Philanthropist",257,2677,2060
saiamarinaemanuela,"@febtoon scemo sarai tu ragazzetto ...torna nella tua splendida e sicura cittÃ ! Ebeti!","Wife,Model,DegreeJournalism,Testimonial YachtC.MontecarloCasiraghi,PlaymateOfTheYear,SupportCharityProgectIndabo,
DamaGuardianofPeace,Philanthropist",257,2677,2060
saiamarinaemanuela,"@febtoon di piÃ¹! Visti i tempi di oggi Ã¨ un complimento!!!","Wife,Model,DegreeJournalism,Testimonial YachtC.MontecarloCasiraghi,PlaymateOfTheYear,SupportCharityProgectIndabo,
DamaGuardianofPeace,Philanthropist",257,2677,2060
_swaggynigga_,"ma che cazz","â€¢Riccioneeâš ï¸ğŸ’”",282,2773,17
meraviglie_beauty_e_food,"come mai tutte ste zecche pure qui? rosicate rosicate...ihihihhi...","Web influencer and trendsetter
https://www.facebook.com/meravigliebeautyedintorni/",1388,12305,216
cristianorossi,"@matteosalviniofficial ma Lei che competenze ha in medicina per sparare certe minchiate? #ignorante andante","ğŸ‹ğŸ»â€â™‚ï¸Personal Trainer
ğŸ’ªğŸ¼Training: Ipertrofia/Funzionale/Posturale/Riabilitativo 
ğŸ“Manzoni Fitness Club, Vicolo Giardino,3 Milano 
ğŸ“§ rossi.crist@me.com",553,10377,1944
ajfocornw,ginooo,,6,1388,0
sabrinastramezzi,"âœ¨âœ³ï¸ğŸ’¢ğŸ‘‘ğŸ’¥ğŸ“·","ITALIANA LombardiağŸŒˆ
CantanteğŸ¤
Geometraâ€‹ğŸ“
Molto sensibile!!!â™¡
Amo la sinceritÃ !â˜®ï¸
Nel mio profilo ci sono scatti di vita!ğŸ¼â˜¯ï¸ğŸµ
GemellaElena",80,10715,518
cani_lorenzo,"Idolo ğŸ˜","âš ï¸âš ï¸âš ï¸",196,1293,6
ele2579,"Cara che tenera",,5,218,1
avanguardia_nazionale,"@mxmxfl allora sono meglio quelle della sinistra leggi i programmi dei partiti di entrambe le fazioni politiche noterai presto chi sta dalla parte del italiano e chi dalla parte dei soldi, dei vantaggi e dello straniero immigrato","Anti-islamizzazione 
Nazionalismo
Euroscetticismo
Ispirazione FascistağŸ’«",10,106,12
lucreziabenedettii,"@martina_dossi  siamo con teeeğŸ˜ğŸ˜ğŸ˜ğŸ˜ğŸ˜ğŸ˜ğŸ˜ #PREMIER","27/08/2002ğŸ€
ITCG Cesare Battisti SalÃ³ğŸ“š",63,726,9
paul_lukatell,"@_blanche_blanche_ vergognoso hai detto bene eppure sta rischiando di inchiappettare tutti di nuovo,Ã¨ una vergogna mentre il suo amico dell urti marcisce al posto suo",,10,53,8
mantua_meme,Gino,"Posteremo 2 meme al giorno Uno al pomeriggio ed uno alla sera.                                                     Due admin ğŸ“¦.",2,62,9
mantua_meme,Guno,"Posteremo 2 meme al giorno Uno al pomeriggio ed uno alla sera.                                                     Due admin ğŸ“¦.",2,62,9
mantua_meme,Gibo,"Posteremo 2 meme al giorno Uno al pomeriggio ed uno alla sera.                                                     Due admin ğŸ“¦.",2,62,9
alessio030_curva_nord,Gin9,"ALESSIO COLA ğŸ’™
1E (Liceo Scientifico Ettore Majorana )ğŸ’™
13-12-03 ğŸ’™
GUIDONIA ğŸ’™
S.S LAZIOğŸ’™
CURVA NORDğŸ’™
BASKETğŸ’™
CALCIOğŸ’™
PALLAVOLOğŸ’™
SWIMMINGğŸ’™",5,921,37
esap.cry,#LESKEDE,"""Do not disturb""ğŸ’§",33,589,21
alessandro_coratella,"Non ridere, che la legge Fornero l'hai votata anche tu","Bello, simpatico, intelligente, onesto, sensibile, dolce, piacevole, ma soprattutto modesto.",157,1361,93
