martiinaquattrone,"Ciao Luigi! â¤ï¸ Sono fiera del tuo percorso e ti ringrazio io in prima persona per le emozioni che ci hai regalato in questa campagna! Mi hai fatto conoscere e amare la vera politica, non ho mai visto lâ€™Italia cosÃ¬ unita, ed Ã¨ una delle cose piÃ¹ belle! Ricorda che lâ€™umiltÃ  vince sempre, non vedo lâ€™ora sia domani sera per vedere i risultati e le facce di quei ladri che purtroppo hanno rovinato questo fantastico paese! Sei un esempio! Grazie â¤ï¸ SIAMO TUTTI CON TE!!!â­ï¸â­ï¸â­ï¸â­ï¸â­ï¸ @luigi.di.maio","Italian girl ğŸ‡®ğŸ‡¹
You visit my shop online @almondbrand ğŸ‘ˆğŸ»",789,5672,46
paola.k21__,"Mai sia","ItalyğŸ•
StudentğŸ“š
â™ˆğŸ’„ğŸ‘ ğŸ¸ğŸ”´âš« big dream",190,1121,2
paola.k21__,"@alessandrogarau__ ma tu che ne capisci di Politica! Ma vai a giocare dai taci","ItalyğŸ•
StudentğŸ“š
â™ˆğŸ’„ğŸ‘ ğŸ¸ğŸ”´âš« big dream",190,1121,2
paola.k21__,"@francesco13_17 rido","ItalyğŸ•
StudentğŸ“š
â™ˆğŸ’„ğŸ‘ ğŸ¸ğŸ”´âš« big dream",190,1121,2
paola.k21__,"@calcioeuropeo33 manco morti","ItalyğŸ•
StudentğŸ“š
â™ˆğŸ’„ğŸ‘ ğŸ¸ğŸ”´âš« big dream",190,1121,2
giorgia_larini_98,"ğŸŒŸğŸŒŸğŸŒŸğŸŒŸğŸŒŸ","â€¢Solo io, solo tu voleremo liberiâ€¢
Marco Masini ğŸ¤ğŸ’™",147,920,517
therealmygram,"@milena.95.vergara Vero. SmetterÃ³ di sognare perchÃ© il sogno inizierÃ³ a viverlo realmente. Buona vita cara â˜ºğŸ˜‚","""Vivere Ã¨ la cosa piÃ¹ rara del mondo. I piÃ¹ esistono solamente"" .O.Wilde. 
Milan, Italy
Graduated ğŸ“",248,4293,640
therealmygram,"@corpuslux51 Hai ragione, il governo non si puÃ³ dare in prova a nessuno, perchÃ© Ã© questione di massima serietÃ . Purtroppo alla Raggi non Ã© stato permesso di lavorare, cosa concessa alle precedenti amministrazioni, sai come si dice, la mano destra lava la sinistra. Quando penso che pur di avere una poltrona ci si candida a Bolzano, rabbrividisco. Come si puÃ³ portare in Parlamento tematiche di un territorio di cui non si sa nulla ?  Ci si candida nella propria cittÃ , solo cosÃ­ si possono comprendere e sostenere i bisogni dei cittadini. Anche questa Ã© serietÃ . Desidero una forza politica in cui chi sbaglia viene accompagnato alla porta e non promosso di ruolo.","""Vivere Ã¨ la cosa piÃ¹ rara del mondo. I piÃ¹ esistono solamente"" .O.Wilde. 
Milan, Italy
Graduated ğŸ“",248,4293,640
therealmygram,"@antonello_canella Ti ringrazio â˜º","""Vivere Ã¨ la cosa piÃ¹ rara del mondo. I piÃ¹ esistono solamente"" .O.Wilde. 
Milan, Italy
Graduated ğŸ“",248,4293,640
therealmygram,"@corpuslux51 Su Bolzano perÃ³ che ne pensi?  Scherzi a parte, anche se abbiamo idee completamente diverse in fatto di politiche, in un certo modo ti ammiro, perchÃ© da mesi, costantemente, sei sempre sul pezzo : Luigi Di Maio. Comunque domani parto da Milano per Roma e finalmente avrÃ³ l'onore di vedere le buche di cui ci hai tanto parlato. Buonanotte perchÃ© domattina la sveglia mi chiama ğŸ˜‰","""Vivere Ã¨ la cosa piÃ¹ rara del mondo. I piÃ¹ esistono solamente"" .O.Wilde. 
Milan, Italy
Graduated ğŸ“",248,4293,640
therealmygram,"@corpuslux51 Thanks â˜º","""Vivere Ã¨ la cosa piÃ¹ rara del mondo. I piÃ¹ esistono solamente"" .O.Wilde. 
Milan, Italy
Graduated ğŸ“",248,4293,640
therealmygram,"@_elisgram_ Grazie, forza âœŒğŸ’ª","""Vivere Ã¨ la cosa piÃ¹ rara del mondo. I piÃ¹ esistono solamente"" .O.Wilde. 
Milan, Italy
Graduated ğŸ“",248,4293,640
therealmygram,"@eugenio_benji_88 Senti ma ti sei preso una cotta per me ? No perchÃ© non Ã© la prima volta che mi scrivi ğŸ˜‚ Ma non hai degli amici, una ragazza, un lavoro, degli studi, insomma, un qualcosa che ti distragga da Di Maio ? Dai, sei noioso. A me non paga NESSUNO. Sono solo una ragazza che si Ã© stancata e che vuole cambiare. Ciao ciao â˜º","""Vivere Ã¨ la cosa piÃ¹ rara del mondo. I piÃ¹ esistono solamente"" .O.Wilde. 
Milan, Italy
Graduated ğŸ“",248,4293,640
therealmygram,"@eugenio_benji_88  Contento tu. Sai, sei un ragazzo, sei un giovane ed alla tua etÃ  dovresti sentire il desiderio di cambiare, di risollevare questo Paese. Ma non lo vedi che l'Italia sta morendo giorno dopo giorno ? Ma non vedi a che cosa ci ha portato una cattiva gestione del Paese ?  Guarda che non si vive (solo)di social, programmi televisivi,partite, divertimento o di attacco giornaliero a Di Maio ed al M5S. Esci, fai un giro per le strade della tua cittÃ , guarda le liquidazioni totali, le serrande dei negozi abbassate. PerchÃ© se respiriamo la stessa aria, non puoi parlare cosÃ­.","""Vivere Ã¨ la cosa piÃ¹ rara del mondo. I piÃ¹ esistono solamente"" .O.Wilde. 
Milan, Italy
Graduated ğŸ“",248,4293,640
therealmygram,"@eugenio_benji_88 Mi escono spontaneamente, nessun guadagno ğŸ˜‰ Sai com'Ã©, ci sono persone che credono in qualcosa â˜º","""Vivere Ã¨ la cosa piÃ¹ rara del mondo. I piÃ¹ esistono solamente"" .O.Wilde. 
Milan, Italy
Graduated ğŸ“",248,4293,640
therealmygram,"@bianchi4556 Carissima, ho letto il tuo messaggio, la tua situazione siamo in tanti a viverla, purtroppo questo Ã© il risultato dell'operato dei nostri politici. Ã‰ una grande malattia per l'Italia e come tale dobbiamo avere la speranza per lottare e per guarire. Il cambiamento Ã© l'ultima possibilitÃ  che ci viene data, se le promesse del M5S non verranno mantenute in caso di vittoria, i tanti italiani che avranno votato per questo cambiamento, stai tranquilla che non si faranno piÃº prendere in giro. Io sono un'attivista ma non ho problemi a far sentire la mia voce, insieme ad altre mille voci. Diamoci una possibilitÃ , vota M5S â˜º","""Vivere Ã¨ la cosa piÃ¹ rara del mondo. I piÃ¹ esistono solamente"" .O.Wilde. 
Milan, Italy
Graduated ğŸ“",248,4293,640
therealmygram,"@michele_dit Generalmente le volte che ho votato, non essendoci ancora la novitÃ  introdotta dal Rosatellum, ho comunque trovato sempre presidenti di seggio attenti. Se l'elettore riuscisse a mettere la scheda nell'urna non sarebbe piÃº disattenzione, ma la cosa prenderebbe un altro nome che evito di dire sui social ğŸ˜‰","""Vivere Ã¨ la cosa piÃ¹ rara del mondo. I piÃ¹ esistono solamente"" .O.Wilde. 
Milan, Italy
Graduated ğŸ“",248,4293,640
therealmygram,"@michele_dit  Lo so, del resto mi pare ci sia un detto che piÃº o meno dice, se non ricordo male : "" Trovata la legge, fatto l'inganno "" . PerÃ³ a differenza di prima dove mancava ogni tipo di tutela almeno ora c 'Ã© la possibilitÃ  di ridurre con una bella percentuale ogni tipo di broglio ğŸ˜Š","""Vivere Ã¨ la cosa piÃ¹ rara del mondo. I piÃ¹ esistono solamente"" .O.Wilde. 
Milan, Italy
Graduated ğŸ“",248,4293,640
therealmygram,"@naomicampailla Ciao, scusami se mi intrometto, ma ho avuto modo di leggere eh beh, da quanto leggo hai ricevuto il mio stesso trattamento da questo profilo che a quanto pare continua ad insultare ed ad offendere a titolo gratuito tutti, con una particolare propensione verso noi donne. Ti suggerirei di segnalarlo, io l'ho fatto, piÃº siamo e meglio Ã©, perchÃ© qui non si tratta piÃº di pareri diversi ma di vere e proprie offese personali che non possono essere accettate. Grazie e buona giornata â˜º","""Vivere Ã¨ la cosa piÃ¹ rara del mondo. I piÃ¹ esistono solamente"" .O.Wilde. 
Milan, Italy
Graduated ğŸ“",248,4293,640
therealmygram,"@naomicampailla Bravissima, anche perchÃ© ho notato in un post pubblicato da Di Maio che il soggetto in questione con una sua conoscente a quanto pare, nel commentare Ã© stato gentile ed educato perchÃ© ovviamente si conoscono nella vita "" offline "" con gli altri si permette di offendere pesantemente. Per questo dobbiamo segnalarlo, perchÃ© il cyberbullismo parte anche da episodi cosÃ­. Grazie ancora â˜ºâ˜ºâ˜º","""Vivere Ã¨ la cosa piÃ¹ rara del mondo. I piÃ¹ esistono solamente"" .O.Wilde. 
Milan, Italy
Graduated ğŸ“",248,4293,640
therealmygram,"@jacopoaugenti Non ci riferiamo a te, tranquillo â˜ºğŸ˜ƒğŸ˜ƒ","""Vivere Ã¨ la cosa piÃ¹ rara del mondo. I piÃ¹ esistono solamente"" .O.Wilde. 
Milan, Italy
Graduated ğŸ“",248,4293,640
therealmygram,"@imbenedettabano @imbenedettabano Ma la tua vita ruota intorno a Luigi Di Maio ed alle continue critiche che gli muovi ?  Noto sempre che sei sulla sua pagina, forse vivi nella speranza che lui o un altro ti noti. Comunque non sono fragile, mi sono fatta le ossa stando vicina ad una nonna malata di un Alzheimer devastante ed un meraviglioso fratello autistico, perciÃ³. So bene che cosa sia la vita e quando i commenti provengono da profili sterili mi scivolano addosso, ma se permetti, ci sono dei limiti che non devono essere superati e soprattutto non tutti sono come me, ci sono anche persone piÃº sensibili e fragili che magari possono andare in crisi per un commento. Esiste il cyberbullismo, sai ? Una volta in un tuo commento ho letto che hai un figlio. Non togliergli tempo continuando a scrivere commenti privi di essenza, passa il tuo tempo con lui ğŸ˜‰ Buona vita cara â˜º","""Vivere Ã¨ la cosa piÃ¹ rara del mondo. I piÃ¹ esistono solamente"" .O.Wilde. 
Milan, Italy
Graduated ğŸ“",248,4293,640
therealmygram,"@imbenedettabano Noi non ci conosciamo perciÃ³ non comprendo il tuo continuo darmi della fragile, ho un fisico longilineo ma sono una ragazza di ferro, e credimi che se avessi voluto far piangere qualcuno qui su IG ci sarei riuscita, ma non con gli insulti bensÃ­ con l'intelligenza, ma sono educata e rispettosa degli altri . Si stanno facendo campagne, di cui sono anche attivista contro il femminicidio e ti posso garantire, dalle informazioni che raccolgo, che il primo passo della violenza Ã© verbale. Hai parlato di ""piccola vendetta verbale"", perchÃ© allora ti sei risentita del commento della ragazza?  Toccami che mi fa male. Vale sempre per tutti. Internet Ã© una piazza, virtuale, ma pur sempre una piazza pubblica, dove anche se si  blocca e cancella, tutto rimane e se si insulta poi bisogna renderne conto. I tempi della giustizia sono lenti, ma arrivano ğŸ˜‰ğŸ˜‰ğŸ˜‰","""Vivere Ã¨ la cosa piÃ¹ rara del mondo. I piÃ¹ esistono solamente"" .O.Wilde. 
Milan, Italy
Graduated ğŸ“",248,4293,640
therealmygram,"@imbenedettabano Purtroppo, noto una contraddizione unica nelle tue risposte. Appunto perchÃ© hai avuto delle esperienze dolorose nella tua vita, di cui mi dispiace, dovresti essere un esempio sui social con i tuoi commenti, dovresti aver tatto e sensibilitÃ  verso chi non conosci e di cui non sai il vissuto.Mi ricordo di te, mi avevi detto : "" Io voto e tu ? "". Il bullismo nasce proprio dal concetto : "" Io ho sofferto tanto e per questo ora faccio soffrire te "". Ã‰ qui che bisona intervenire interroppendo questo "" circolo vizioso "". Da ultimo,  il "" Vaffaday "" Ã© nato come slogan di sfondamento, bisognava dare uno scossone, poi il M5S si Ã© evoluto, Ã© cresciuto. Ed ora ciao e buona domenica â˜º","""Vivere Ã¨ la cosa piÃ¹ rara del mondo. I piÃ¹ esistono solamente"" .O.Wilde. 
Milan, Italy
Graduated ğŸ“",248,4293,640
therealmygram,"@imbenedettabano Figurati, non mi riferisco certamente a te, anzi, anche a me piace l'ironia, un pÃ³ di sano humor inglese ci vuole, se non c'Ã© pepe nella vita sarebbe tutto una noia ğŸ˜‰Mi riferisco a chi sputa veleno gratuitamente, a chi pare abbia proprio un animo cattivo a giudicare da quanto scrive. Se hai tempo e voglia prova a dare uno sguardo ai commenti che mi ha rivolto un determinato soggetto qui su IG. E con me ne sono stati offesi altri. Ã‰ li che secondo me occorrerebbe intervenire, i confronti civili ed anche divertenti, benvengano â˜ºâ˜ºâ˜º","""Vivere Ã¨ la cosa piÃ¹ rara del mondo. I piÃ¹ esistono solamente"" .O.Wilde. 
Milan, Italy
Graduated ğŸ“",248,4293,640
therealmygram,"@imbenedettabano Si possono avere idee diverse, ma l'intelligenza di entrambe ha prevalso.Ti ringrazio, ricambio i complimenti e auguri sempre per tutto â˜ºâ˜ºâ˜º","""Vivere Ã¨ la cosa piÃ¹ rara del mondo. I piÃ¹ esistono solamente"" .O.Wilde. 
Milan, Italy
Graduated ğŸ“",248,4293,640
therealmygram,"""Niente, nessun al mondo potrÃ  fermare, fermare, fermare, fermare, quest'onda che va. Quest'onda che viene e che va. POSITIVO "" L'unica piccola modifica che mi permetto di fare alla canzone di Jovanotti Ã© che quest'onda, la nostra, non se ne va ğŸ˜ŠğŸ˜ŠğŸ˜Š","""Vivere Ã¨ la cosa piÃ¹ rara del mondo. I piÃ¹ esistono solamente"" .O.Wilde. 
Milan, Italy
Graduated ğŸ“",248,4293,640
therealmygram,"@king_franco Ti riferisci a me?  Comunque ti ho segnalato e stanno svolgendo indagini nei confronti di titolari di profili appositamente creati come il tuo, che insultano e diffondono  notizie false e / o insulti. Tu hai violato queste regole con affermazioni diffamatorie. La mia denuncia c'Ã© giÃ , e non sarÃ³ certo io a sostenere le spese processuali per la difesa. Buona giornata, microbo di tastiera ğŸ˜Š","""Vivere Ã¨ la cosa piÃ¹ rara del mondo. I piÃ¹ esistono solamente"" .O.Wilde. 
Milan, Italy
Graduated ğŸ“",248,4293,640
therealmygram,"@king_franco Mi fai tristezza, perchÃ© devi essere una persona profondamente sola, un "" Signor sÃ­, signore "" nella vita quotidiana, insoddisfatto della propria vita, la cui unica compagnia Ã© quella dei social. Insulti e offendi perchÃ© solo cosÃ­ ti senti considerato, importante ed hai attenzione. Di "" regale "" hai solo il nickname. Il tuo Ã© solo bullismo digitale, come tutte le cose, ci sarÃ  la prospettiva di risarcire il danno, molto meglio della censura.Ciao microbo ğŸ˜‚ğŸ˜‚ğŸ˜‚ğŸ˜‚ğŸ˜‚ğŸ˜‚ğŸ˜‚ğŸ˜‚","""Vivere Ã¨ la cosa piÃ¹ rara del mondo. I piÃ¹ esistono solamente"" .O.Wilde. 
Milan, Italy
Graduated ğŸ“",248,4293,640
therealmygram,"@king_franco Ahahahah, ma sai solo usare le solite tre parole per i tuoi insulti ?  Dai testolina, impegnati di piÃº, puoi fare di meglio. Spero. Mi sto divertendo con te, ma non Ã© che sei anche geloso a vedere tutti i cuoricini ? Ahahahahahahahah ğŸ˜‚ğŸ˜‚ğŸ˜‚ğŸ˜‚ğŸ˜‚ğŸ˜‚ğŸ˜‚ğŸ˜‚ğŸ˜‚ğŸ˜‚ğŸ˜‚ğŸ˜‚ğŸ˜‚","""Vivere Ã¨ la cosa piÃ¹ rara del mondo. I piÃ¹ esistono solamente"" .O.Wilde. 
Milan, Italy
Graduated ğŸ“",248,4293,640
therealmygram,"E finalmente, KING mi ha bloccata, brrrrrr, che paura ğŸ˜‚ğŸ˜‚ğŸ˜‚ğŸ˜‚ğŸ˜‚ğŸ˜‚ğŸ˜‚ğŸ˜‚ğŸ˜‚ğŸ˜‚ğŸ˜‚ğŸ˜‚ğŸ˜‚","""Vivere Ã¨ la cosa piÃ¹ rara del mondo. I piÃ¹ esistono solamente"" .O.Wilde. 
Milan, Italy
Graduated ğŸ“",248,4293,640
therealmygram,"@grace_sardegnanelcuore Ahahah, potrebbe essere. Troppa rabbia, troppo astio, troppo rancore... Troppo tutto. Offende ma poi blocca chi ha denigrato, dovrebbe essere il contrario o no ? Quando non si hanno argomentazioni valide e non si Ã© in grado di controbattere, succede questo ğŸ˜","""Vivere Ã¨ la cosa piÃ¹ rara del mondo. I piÃ¹ esistono solamente"" .O.Wilde. 
Milan, Italy
Graduated ğŸ“",248,4293,640
therealmygram,"@grace_sardegnanelcuore Grazie cara. Non ho mai avuto a che fare con gli haters dei social e per la prima volta, seguendo la pagina IG di Di Maio, mi sono resa conto di quanta cattiveria e veleno gratuito abbiano alcuni profili. Poi, continuava a dire che mando cuoricini e scrivo ad una pagina IG inutilmente perchÃ© tanto a Di Maio, a detta sua, non importa ( lui ha usato altri termini ) di IG. Mai mandato cuoricini, mi limito a fare delle semplici analisi sulla situazione del nostro Paese. SarÃ  andato in tilt a forza di insultare ğŸ˜‚ğŸ˜‚ğŸ˜‚","""Vivere Ã¨ la cosa piÃ¹ rara del mondo. I piÃ¹ esistono solamente"" .O.Wilde. 
Milan, Italy
Graduated ğŸ“",248,4293,640
therealmygram,"@grace_sardegnanelcuore Comunque, come ben sai, tutto ciÃ³ che produciamo in rete Ã© destinato a rimanere per sempre, si puÃ³ cancellare ma ci sono gli screen ect ect ect, ed io ho provveduto a fare le mie segnalazioni, ahahahah ğŸ˜‚ğŸ˜†ğŸ˜†","""Vivere Ã¨ la cosa piÃ¹ rara del mondo. I piÃ¹ esistono solamente"" .O.Wilde. 
Milan, Italy
Graduated ğŸ“",248,4293,640
therealmygram,"Mentre per "" qualcuno "" siamo dati, numeri, statistiche, Instat e voti, per il MoVimento 5 Stelle siamo persone.","""Vivere Ã¨ la cosa piÃ¹ rara del mondo. I piÃ¹ esistono solamente"" .O.Wilde. 
Milan, Italy
Graduated ğŸ“",248,4293,640
therealmygram,"@horror_e_chinese Motivo ? Grazie","""Vivere Ã¨ la cosa piÃ¹ rara del mondo. I piÃ¹ esistono solamente"" .O.Wilde. 
Milan, Italy
Graduated ğŸ“",248,4293,640
therealmygram,"@horror_e_chinese Scusami, ma continuo a non capire dove tu voglia arrivare. Se l'intento Ã© quello di ribadire il concetto che le notizie e le informazioni divulgate dal M5s sono fake, beh credo sia il caso di produrre argomentazioni valide.","""Vivere Ã¨ la cosa piÃ¹ rara del mondo. I piÃ¹ esistono solamente"" .O.Wilde. 
Milan, Italy
Graduated ğŸ“",248,4293,640
therealmygram,"@horror_e_chinese Si. Ma tu continui a non rispondere alla mia domanda. Cosa vorresti esprimere ?","""Vivere Ã¨ la cosa piÃ¹ rara del mondo. I piÃ¹ esistono solamente"" .O.Wilde. 
Milan, Italy
Graduated ğŸ“",248,4293,640
therealmygram,"@horror_e_chinese Disinformazione ? Anche i dati Instat sulla diminuizione della disoccupazione giovanile che ci vengono forniti ad esempio potrebbero essere considerati come disinformazione .","""Vivere Ã¨ la cosa piÃ¹ rara del mondo. I piÃ¹ esistono solamente"" .O.Wilde. 
Milan, Italy
Graduated ğŸ“",248,4293,640
therealmygram,"@horror_e_chinese Sai perchÃ© il tasso di disoccupazione giovanile Ã© diminuito ? PerchÃ© i giovani purtroppo, stanchi di non trovare lavoro, ormai disillusi e rassegnati, smettono di inviare i loro cv. Le indagini, le statistiche, non tengono in considerazione le persone che non ricercano piÃº lavoro, ma solo coloro che hanno continuato a ricercare un'occupazione e l'hanno trovata. Ecco perchÃ© diminuisce il tasso di disoccupazione. Non hai nemmeno idea di quanti giovani scrivano a Di Maio chiedendogli se sono loro ad avere qualcosa che non vada, visto che la disoccupazione pare essere diminuita, ma loro non riescono a trovare lavoro. Questa Ã© disinformazione.","""Vivere Ã¨ la cosa piÃ¹ rara del mondo. I piÃ¹ esistono solamente"" .O.Wilde. 
Milan, Italy
Graduated ğŸ“",248,4293,640
therealmygram,"@horror_e_chinese Guarda, giÃ  il che tu ed altri profili che screditate in continuazione Luigi Di Maio ed il M5s vi ""nascondete "" con account privi di un'identitÃ  mi fa dubitare su quanto scrivete, Ã© giÃ  questo Ã© un punto a vostro sfavore. Tu hai parlato di laureati competenti e volonterosi che lavorano ma come mai i talenti emigrano all'estero diventando anche figure di rilievo in diversi settori?  Forse perchÃ© in Italia, ci sono ancora i ""parenti di "", ""i figli di "", "" gli amici di "", "" i conoscenti di "". Ã‰ tutto un ""di"".","""Vivere Ã¨ la cosa piÃ¹ rara del mondo. I piÃ¹ esistono solamente"" .O.Wilde. 
Milan, Italy
Graduated ğŸ“",248,4293,640
therealmygram,"@horror_e_chinese * fatto","""Vivere Ã¨ la cosa piÃ¹ rara del mondo. I piÃ¹ esistono solamente"" .O.Wilde. 
Milan, Italy
Graduated ğŸ“",248,4293,640
therealmygram,"@horror_e_chinese Le aziende emigrano quasi tutte all'estero, e quando chiudono la sede italiana, pongono i propri dipendenti ad una scelta obbligata : o accettare il trasferimento ( con stipendi che andrebbero anche bene per la Nazione "" di traferimento "" ma da "" fame "" qualora si abbia una famiglia in Italia a cui inviare il denaro). Il reddito di cittadinanza non Ã© un reddito di mantenimento. Oltre 2 miliardi di euro per la riforma dei centri d'impiego. Incontro tra domanda e offerta di lavoro, garantendo una continua formazione a chi perde l'occupazione. Con la flex security le imprese saranno piÃº competitive e le persone usciranno dalla condizione di povertÃ .","""Vivere Ã¨ la cosa piÃ¹ rara del mondo. I piÃ¹ esistono solamente"" .O.Wilde. 
Milan, Italy
Graduated ğŸ“",248,4293,640
therealmygram,"@horror_e_chinese Andiamo in Pace ğŸ˜‰","""Vivere Ã¨ la cosa piÃ¹ rara del mondo. I piÃ¹ esistono solamente"" .O.Wilde. 
Milan, Italy
Graduated ğŸ“",248,4293,640
therealmygram,"@grace_sardegnanelcuore Quando metti alcune persone  davanti all'evidenza succede questo. TuttÃ³ ciÃ³ dimostra la disinformazione che hanno ğŸ˜ŠAlmeno cominceranno a smettere di attaccare tanto per. Se mi menzioneranno nei commenti risponderÃ³ con il nostro progamma ğŸ˜„","""Vivere Ã¨ la cosa piÃ¹ rara del mondo. I piÃ¹ esistono solamente"" .O.Wilde. 
Milan, Italy
Graduated ğŸ“",248,4293,640
therealmygram,"@grace_sardegnanelcuore PiÃº che vili incompetenti e impreparati ğŸ˜Š","""Vivere Ã¨ la cosa piÃ¹ rara del mondo. I piÃ¹ esistono solamente"" .O.Wilde. 
Milan, Italy
Graduated ğŸ“",248,4293,640
therealmygram,"@albader486 Eeeehhh... A buon intenditore.... ğŸ˜‚ğŸ˜‚ğŸ˜‚ğŸ˜‚ğŸ˜‚ğŸ˜‚ğŸ˜‚","""Vivere Ã¨ la cosa piÃ¹ rara del mondo. I piÃ¹ esistono solamente"" .O.Wilde. 
Milan, Italy
Graduated ğŸ“",248,4293,640
therealmygram,"Simpatizzanti, attivisti, cittadini... Insieme ce la faremo ğŸ’ª","""Vivere Ã¨ la cosa piÃ¹ rara del mondo. I piÃ¹ esistono solamente"" .O.Wilde. 
Milan, Italy
Graduated ğŸ“",248,4293,640
therealmygram,"@iannarillifranco Avevo letto su Twitter una bellissima frase di CryScRyx, che diceva: "" La trasparenza illumina,
non acceca."" â˜ºğŸ‘Œ","""Vivere Ã¨ la cosa piÃ¹ rara del mondo. I piÃ¹ esistono solamente"" .O.Wilde. 
Milan, Italy
Graduated ğŸ“",248,4293,640
therealmygram,"@grace_sardegnanelcuore  CiÃ³ che conta e che ha rilevanza per noi Ã© il programma che sta portando avanti il MoVimento 5 Stelle, del resto come diveva Oscar Wilde, "" Se mi lodano mi sento umile, ma quando mi insultano so di aver toccato le stelle "". Tanti aspirano alla ""#bellavita"" e noi a vivere a cinque stelle ğŸ˜Šâ˜ºğŸ˜‰","""Vivere Ã¨ la cosa piÃ¹ rara del mondo. I piÃ¹ esistono solamente"" .O.Wilde. 
Milan, Italy
Graduated ğŸ“",248,4293,640
therealmygram,"@ile_0316 Grazie ğŸ˜ŠğŸ˜ŠğŸ˜Š","""Vivere Ã¨ la cosa piÃ¹ rara del mondo. I piÃ¹ esistono solamente"" .O.Wilde. 
Milan, Italy
Graduated ğŸ“",248,4293,640
therealmygram,"@grace_sardegnanelcuore Se poi avere un titolo accademico equivale a scrivere incomprensibilmente sui social, a offendere, a fare i leoni di tastiera credendo che tutto passi inosservato, beh mia nonna che ha 102 anni e la licenza elementare potrebbe insegnare la vita intera a questi profili social. L'intelligenza non si misura con la laurea, anzi. Buon sabato â˜º","""Vivere Ã¨ la cosa piÃ¹ rara del mondo. I piÃ¹ esistono solamente"" .O.Wilde. 
Milan, Italy
Graduated ğŸ“",248,4293,640
therealmygram,"@grace_sardegnanelcuore Che bello 101, complimenti anche agli anni raggiunti da tua nonna ğŸ‘ğŸ‘ğŸ‘ğŸ‘","""Vivere Ã¨ la cosa piÃ¹ rara del mondo. I piÃ¹ esistono solamente"" .O.Wilde. 
Milan, Italy
Graduated ğŸ“",248,4293,640
therealmygram,"@grace_sardegnanelcuore Immaginavo e mi dispiace. Io cerco di tenermela stretta il piÃº possibile, anche se capisco che piano piano.... Non ho figli ma mia nonna Ã© come se fosse la mia bambina. Quando ami una persona non sei mai pronto a perderla che abbia 20 come 1000 anni. SembrerÃ³ retorica, ma sono sicura che tua nonna sia sempre accanto a te â¤â¤â¤","""Vivere Ã¨ la cosa piÃ¹ rara del mondo. I piÃ¹ esistono solamente"" .O.Wilde. 
Milan, Italy
Graduated ğŸ“",248,4293,640
therealmygram,"@albader486 Pronto a farti due risate ? ğŸ˜‚ğŸ˜‚ğŸ˜‚","""Vivere Ã¨ la cosa piÃ¹ rara del mondo. I piÃ¹ esistono solamente"" .O.Wilde. 
Milan, Italy
Graduated ğŸ“",248,4293,640
therealmygram,"@grace_sardegnanelcuore Ahahah, fidati che Ã© meglio cosÃ­ â˜ºâ˜ºâ˜º Abbiamo cose importanti alle quali pensare âœŒâœŒâœŒâœŒ","""Vivere Ã¨ la cosa piÃ¹ rara del mondo. I piÃ¹ esistono solamente"" .O.Wilde. 
Milan, Italy
Graduated ğŸ“",248,4293,640
therealmygram,"@grace_sardegnanelcuore Purtroppo ci sono profili con i quali Ã© impossibile dialogare e confrontarsi, commentano solo allo scopo di provocare. Per questo vanno ingnorati, noi siamo giÃ  oltre ğŸ˜ Buona domenica â˜ºâ˜ºâ˜ºâ˜º","""Vivere Ã¨ la cosa piÃ¹ rara del mondo. I piÃ¹ esistono solamente"" .O.Wilde. 
Milan, Italy
Graduated ğŸ“",248,4293,640
therealmygram,"Bravo, sono questi i messaggi che i cittadini devono sapere, tutti noi abbiamo bisogno di sentirci tutelati e protetti da chi ci rappresenta, non come adesso in cui, passami il termine , il cittadino Ã© la ""vittima sacrificale "" di errori voluti. Siamo con voi ğŸ‘ŒğŸ‘ŒğŸ‘Œ","""Vivere Ã¨ la cosa piÃ¹ rara del mondo. I piÃ¹ esistono solamente"" .O.Wilde. 
Milan, Italy
Graduated ğŸ“",248,4293,640
therealmygram,"@cpg62 Coerenza ed onestÃ . Purtroppo siamo arrivati ad un punto in cui ( quasi ) tutti dicono e fanno ciÃ³ che vogliono, a discapito del cittadino. Per questo il 4 Marzo abbiamo la  possibilitÃ  di far sentire la nostra voce e di cambiare davvero questo Paese âœŒâœŒâœŒ","""Vivere Ã¨ la cosa piÃ¹ rara del mondo. I piÃ¹ esistono solamente"" .O.Wilde. 
Milan, Italy
Graduated ğŸ“",248,4293,640
therealmygram,"@cpg62 Ã‰ vero, Ã© un atteggiamento brutto.Se ci fossero stati altri comportamenti forse non ci troveremmo in questa situazione. Per fortuna c'Ã© il M5s ğŸ‘ŒğŸ‘ŒğŸ‘Œ","""Vivere Ã¨ la cosa piÃ¹ rara del mondo. I piÃ¹ esistono solamente"" .O.Wilde. 
Milan, Italy
Graduated ğŸ“",248,4293,640
therealmygram,"@cpg62 Ã‰ proprio questo il punto. Non c'Ã© onestÃ . QualitÃ  che invece non manca al MoVimento. Ã‰ vero, qualcuno ha commesso degli errori, ma subito riconosciuti e giustamente ""criticati "" da Luigi Di Maio e dal M5s. Se non Ã© onestÃ  questa....","""Vivere Ã¨ la cosa piÃ¹ rara del mondo. I piÃ¹ esistono solamente"" .O.Wilde. 
Milan, Italy
Graduated ğŸ“",248,4293,640
therealmygram,"Non ti e vi fermate mai, chi si ferma Ã© perduto ed il MoVimento, Ã© sempre in movimento ğŸ˜‚ Battute a parte, state facendo un grande lavoro, manca poco ğŸ‘ŒğŸ‘ŒğŸ‘Œ","""Vivere Ã¨ la cosa piÃ¹ rara del mondo. I piÃ¹ esistono solamente"" .O.Wilde. 
Milan, Italy
Graduated ğŸ“",248,4293,640
therealmygram,"Seguendo Alessandro da Fazio ho "" percepito "" ancora di piÃº la "" passione "" che ci state mettendo per cambiare questro nostro Paese. Mentre voi, qualora il 4 Marzo non riusciste ad "" avere i numeri "" per governare, siete pronti a intese / convergenze su tematiche per il bene del cittadino, "" qualcun' altro "" Ã© invece pronto per riandare alle urne, continuando perÃ³ nell'attesa, con il #governogentiloni. Il #4marzo non Ã© il #4dicembre, perciÃ³.... Forza ğŸ’ª","""Vivere Ã¨ la cosa piÃ¹ rara del mondo. I piÃ¹ esistono solamente"" .O.Wilde. 
Milan, Italy
Graduated ğŸ“",248,4293,640
therealmygram,"* mi corrego Camera e Senato","""Vivere Ã¨ la cosa piÃ¹ rara del mondo. I piÃ¹ esistono solamente"" .O.Wilde. 
Milan, Italy
Graduated ğŸ“",248,4293,640
therealmygram,"@eugenio_benji_88 #ancoratu? #manondovevamovedercipiÃº ? ğŸ˜‚ğŸ˜‚ğŸ˜‚ğŸ˜‚","""Vivere Ã¨ la cosa piÃ¹ rara del mondo. I piÃ¹ esistono solamente"" .O.Wilde. 
Milan, Italy
Graduated ğŸ“",248,4293,640
therealmygram,""" Poco fa "" ho avuto modo di ascoltare Alessandro ad Arcore. Ã‰ stata la "" mia "" prima volta ad un evento cosÃ­ e che dire, mi sono emozionata. Insieme alle persone che erano con me, ci siamo sentiti parte di un progetto. Sento ancora l'adrenalina addosso ğŸ˜Š. Sempre piÃº convinta di credere in voi ğŸ‘Œ","""Vivere Ã¨ la cosa piÃ¹ rara del mondo. I piÃ¹ esistono solamente"" .O.Wilde. 
Milan, Italy
Graduated ğŸ“",248,4293,640
therealmygram,"@melania_c23 Ti ringrazio, manca poco, ce la stiamo mettendo tutta per convincere gli indecisi, l'entusiasmo la buona volontÃ  e le proposte concrete non mancano, il M5s Ã© l'unica alternativa per il cambiamento, se crediamo nell'onesta e nella pulizia basta una X nel posto giusto ğŸ‘Œ","""Vivere Ã¨ la cosa piÃ¹ rara del mondo. I piÃ¹ esistono solamente"" .O.Wilde. 
Milan, Italy
Graduated ğŸ“",248,4293,640
therealmygram,"@lory.bellin Perfetto, grazie â˜º","""Vivere Ã¨ la cosa piÃ¹ rara del mondo. I piÃ¹ esistono solamente"" .O.Wilde. 
Milan, Italy
Graduated ğŸ“",248,4293,640
therealmygram,"@davidechiuc Grazie â˜ºâ˜ºâ˜º","""Vivere Ã¨ la cosa piÃ¹ rara del mondo. I piÃ¹ esistono solamente"" .O.Wilde. 
Milan, Italy
Graduated ğŸ“",248,4293,640
therealmygram,"L'alba o comunque la mattina presto della Sardegna, Ã© un qualcosa di indescrivibile, quasi dal sapore ""romantico"" . Buona domenica e buon lavoro Luigi ğŸ‘Œ","""Vivere Ã¨ la cosa piÃ¹ rara del mondo. I piÃ¹ esistono solamente"" .O.Wilde. 
Milan, Italy
Graduated ğŸ“",248,4293,640
therealmygram,"Luigi, torna con un mare di voti ğŸ‘ŒğŸ‘ŒğŸ‘Œ","""Vivere Ã¨ la cosa piÃ¹ rara del mondo. I piÃ¹ esistono solamente"" .O.Wilde. 
Milan, Italy
Graduated ğŸ“",248,4293,640
therealmygram,"@astiana1278 Prova a leggere bene il loro progrmma e poi mi farai sapere ğŸ˜„","""Vivere Ã¨ la cosa piÃ¹ rara del mondo. I piÃ¹ esistono solamente"" .O.Wilde. 
Milan, Italy
Graduated ğŸ“",248,4293,640
therealmygram,"Vi raggiungerei anche a nuoto, per ascoltare le vostre parole, il vostro futuro in programma che mi piace ""sostituire "" con presente in programma, ma da Milano Ã© un pÃ³ difficile ğŸ˜‚ Scherzi a parte, questo Paese ha voglia di tornare florido, ha voglia di respirare, dopo anni di apnea. Il cambiamento Ã© possibile, mi auguro che il #rally sia solo l'inizio del ritorno in pista dell'Italia âœŒ","""Vivere Ã¨ la cosa piÃ¹ rara del mondo. I piÃ¹ esistono solamente"" .O.Wilde. 
Milan, Italy
Graduated ğŸ“",248,4293,640
therealmygram,"Ciao @luigi.di.maio , ho scelto di credere nel M5S, perÃ³ sono ancora perplessa su certe tematiche a livello periferico. Il vostro MoVimento Ã© nato pochi anni fa per lo scontento generale del Paese ed appunto si Ã© chiamato ""MoVimento "". Ora che siete il primo partito non dovrete piÃº essere solo un "" movimento "" e raccogliere gli scontenti provenienti da varie idee politiche o quelli che non si sentono piÃº di votare ma un vero e proprio rappresentante popolare, formato da uomini, non politici. Dovete anche accogliere quei giovani che per la prima volta si avvicinano al voto, convicendoli, non si puÃ³ pensare : "" tanto ai ragazzi non interessa la politica,  guardano solo il cellulare. "" Se non si comincia a cambiare il pensiero di un quartiere, come si puÃ³ cambiare il Paese ?  Partecipa, scegli, cambia ? Fateci partecipare.","""Vivere Ã¨ la cosa piÃ¹ rara del mondo. I piÃ¹ esistono solamente"" .O.Wilde. 
Milan, Italy
Graduated ğŸ“",248,4293,640
therealmygram,"""Credere in qualcosa e non viverla, Ã© disonestÃ  "". Andate avanti, portate i vostri programmi nelle piazze , continuate a farvi conoscere. L'Italia puÃ³ partecipare , se partecipa puÃ³ conoscere, se conosce puÃ³ cambiare, se puÃ³ cambiare, puÃ³ tornare a respirare ğŸ‘Œ","""Vivere Ã¨ la cosa piÃ¹ rara del mondo. I piÃ¹ esistono solamente"" .O.Wilde. 
Milan, Italy
Graduated ğŸ“",248,4293,640
therealmygram,"Tutelare le eccellenze #madeinitaly :punto o tappa fondamentale per far ripartire l'economia del nostro Paese. Forza @luigi.di.maio , vai a tutto gas con il #rally ğŸš—","""Vivere Ã¨ la cosa piÃ¹ rara del mondo. I piÃ¹ esistono solamente"" .O.Wilde. 
Milan, Italy
Graduated ğŸ“",248,4293,640
therealmygram,"@lory.bellin Ecco perchÃ© mi sono informata sul ""#modusoperandi "" del M5S. Ad esempio sono concorde con la "" regola "" dei due mandati. PerchÃ© anche la persona piÃº integra , piÃº onesta , a lungo andare in ""determinati settori "" finirebbe per rimanere "" incastrata "" in ingranaggi indipendenti della sua volontÃ . Com'Ã© che si dice ?  Se fissi a lungo l'oscuritÃ , anche l'oscuritÃ  finirÃ  per voler fissare te. Ho estremizzato, perÃ³. E poi come dice Luigi , se sai che hai un tempo specifico per attuare programmi per i cittadini perchÃ© poi ritorni alla tua vita, ti impegni velocemente per farlo.","""Vivere Ã¨ la cosa piÃ¹ rara del mondo. I piÃ¹ esistono solamente"" .O.Wilde. 
Milan, Italy
Graduated ğŸ“",248,4293,640
therealmygram,"Sono sempre stata solidale con Virginia Raggi anche se, quando Ã© stata eletta non ""seguivo la vostra politica "" ma nei suoi occhi ho visto quell'amore e quella determinazione per cambiare Roma Capitale, non ha potuto ancora concretizzare il suo progetto , lasciamola lavorare. Con la Lombardi alla Regione, riusciranno a creare  un team per rendere alla Regione Lazio e Roma il nome di Capitale che le spetta.","""Vivere Ã¨ la cosa piÃ¹ rara del mondo. I piÃ¹ esistono solamente"" .O.Wilde. 
Milan, Italy
Graduated ğŸ“",248,4293,640
therealmygram,"Il lavoro Ã© un diritto per tutti, perÃ³ ci sono tante categorie,aziende che stanno soffrendo per la chiusura e perdita del posto di lavoro. Come hai detto tu Luigi  abbandonati a se stessi, anche dai sindacati. Molte aziende si trasferiscono all'estero per i bassi costi di gestione, in Italia le tasse sono al limite del possibile, troppe. Dovrete far in modo, che il lavoro ritorni in Italia, abbassando le tasse si produce lavoro, l' economia riprende, la crisi si supera e pagano tutti. Il miracolo si puÃ³ fare, basta volerlo e soprattutto essere onesti con i cittadini.","""Vivere Ã¨ la cosa piÃ¹ rara del mondo. I piÃ¹ esistono solamente"" .O.Wilde. 
Milan, Italy
Graduated ğŸ“",248,4293,640
therealmygram,"@corpuslux51 Talmente ""miracolato "" che farÃ  vedere le stelle ğŸ˜‰. Ã‰ venerdÃ­,  esci e divertiti un pÃ³, un weekend di pace lo puoi concedere a Luigi âœŒâœŒâœŒ","""Vivere Ã¨ la cosa piÃ¹ rara del mondo. I piÃ¹ esistono solamente"" .O.Wilde. 
Milan, Italy
Graduated ğŸ“",248,4293,640
therealmygram,"@corpuslux51 Purtroppo non sai cogliere l'ironia , la vita Ã© giÃ  difficile per quanto sta succendendo ed Ã© sano ( sor ) ridere un pÃ³. Ti ho risposto perchÃ© il tuo commento era palesemente riferito al mio ed avevo due opzioni : o non rispondere o cercare di capire. Ho scelto la seconda. Tu non commenti l'uomo politico, tu commenti l'uomo.  Fossi in te prima di scrivere mi chiederei perchÃ© lo faccio. Ã‰ comodo essere un leone di tastiera senza metterci la faccia. Come puÃ³ un partito ispirare fiducia se chi lo sostiene non ha nemmeno un volto. Pensaci â˜º","""Vivere Ã¨ la cosa piÃ¹ rara del mondo. I piÃ¹ esistono solamente"" .O.Wilde. 
Milan, Italy
Graduated ğŸ“",248,4293,640
therealmygram,"@antonello_canella Esatto. Anzi, sarebbe inumano il contrario.","""Vivere Ã¨ la cosa piÃ¹ rara del mondo. I piÃ¹ esistono solamente"" .O.Wilde. 
Milan, Italy
Graduated ğŸ“",248,4293,640
therealmygram,"I miei nonni dopo la guerra hanno creato e costruito un futuro. I miei genitori hanno lavorato per mantenere un futuro. La politica sbagliata ha distrutto il nostro futuro.","""Vivere Ã¨ la cosa piÃ¹ rara del mondo. I piÃ¹ esistono solamente"" .O.Wilde. 
Milan, Italy
Graduated ğŸ“",248,4293,640
therealmygram,"@achille.diaz Assolutamente ğŸ‘ŒğŸ‘","""Vivere Ã¨ la cosa piÃ¹ rara del mondo. I piÃ¹ esistono solamente"" .O.Wilde. 
Milan, Italy
Graduated ğŸ“",248,4293,640
therealmygram,"@luigimariabrambilla Io nella mia vita non ho mai guardato gli altri, non ho mai avuto un'ideologia politica, ma un pregio che penso di avere Ã© quello di informarmi, conoscere e capire ciÃ³ su cui mi sto informando. Ho avuto modo di conoscere persone del M5S che sono tutt'altro che insulti. Sono persone perbene, che hanno sensibilitÃ  e che credono nell'aria pulita e nel cambiamento del nostro Paese. Detto ciÃ³, penso di essere ancora in democrazia dove Ã© permesso esprimere il proprio parere senza rabbia nÃ© offese. Grazie a Dio, il mondo Ã© bello perchÃ© Ã© vario â˜º","""Vivere Ã¨ la cosa piÃ¹ rara del mondo. I piÃ¹ esistono solamente"" .O.Wilde. 
Milan, Italy
Graduated ğŸ“",248,4293,640
therealmygram,"C'Ã© chi (s) parla e chi incontra ""fisicamente "" le realtÃ  ed i bisogni del fulcro dell'economia del nostro Paese. #trovaledifferenze","""Vivere Ã¨ la cosa piÃ¹ rara del mondo. I piÃ¹ esistono solamente"" .O.Wilde. 
Milan, Italy
Graduated ğŸ“",248,4293,640
therealmygram,"Hai ragione, il governo deve essere patrimonio del Paese, di ogni singolo elettore. Solo in questo maniera il cittadino puÃ³ sentirsi tutelato e rappresentato nei suoi diritti. In questo Paese c'Ã© molto da fare e nessuno ha la ""bacchetta magica "" per risolvere i problemi, ma se c'Ã© la volontÃ  e la pulizia, ciÃ³ si puÃ³ fare.","""Vivere Ã¨ la cosa piÃ¹ rara del mondo. I piÃ¹ esistono solamente"" .O.Wilde. 
Milan, Italy
Graduated ğŸ“",248,4293,640
therealmygram,"Ciao, ti sto seguendo nel tuo percorso elettorale, non ho ancora le idee chiare, mi dai l'impressione della persona pulita, noi giovani abbiamo bisogno di ossigeno e toglierci la maschera che non ci fa respirare. Auguri sempre per tutto.","""Vivere Ã¨ la cosa piÃ¹ rara del mondo. I piÃ¹ esistono solamente"" .O.Wilde. 
Milan, Italy
Graduated ğŸ“",248,4293,640
therealmygram,"@massimiliano.tellini Onestamente ho imparato, dopo varie esperienze, a fare come San Tommaso, e dunque a verificare per credere. Tutti sono bravi a parole, tanto piÃº quando lo si fa "" sulla pelle degli altri "". All'inizio anche io ero scettica, ma ho voluto informarmi e quello che dicono e che fanno mi ispira fiducia. Sono giovani, Ã© vero, ma questo non puÃ³ essere una colpa. Noi, giovani e non, ABBIAMO IL DIRITTO di LAVORARE (dignitosamente )nel  NOSTRO Paese e non di lasciarlo. Per adesso continuerÃ³ ad informarmi, ho tempo fino a Marzo, ahah ğŸ˜„Buona serata e grazie per il feedback ğŸ‘Œ","""Vivere Ã¨ la cosa piÃ¹ rara del mondo. I piÃ¹ esistono solamente"" .O.Wilde. 
Milan, Italy
Graduated ğŸ“",248,4293,640
therealmygram,"I cani e gli animali in generale,  sono puri. La stessa purezza di cui ha bisogno questo Paese.","""Vivere Ã¨ la cosa piÃ¹ rara del mondo. I piÃ¹ esistono solamente"" .O.Wilde. 
Milan, Italy
Graduated ğŸ“",248,4293,640
paolamassari,"Facce nuove. Non ci posso credere ğŸ˜…ğŸ˜ƒ","Cacciatrice di prime volte. Only Iphone 7 Plus. Roma",502,4048,713
rossella_serra_,"ğŸ”ğŸ”ğŸ”ğŸ”","La bellezza di una Donna Ã¨ la sua femminilitÃ . ğŸ‘ ğŸ’„ğŸ‘‘ğŸ‘‘ğŸ‘‘ 
â€¢ğŸ’‘ Sei tu il regalo mio piÃ¹ grande ğŸ’ â€¢Oâ¤
â€¢ğŸ”ğŸŸğŸŒ®ğŸ•ğŸ£ğŸ  ğŸğŸ·ğŸ¦ğŸ«
â€¢Gym ğŸ‹â™€",176,6373,613
angelagram85,"@simo1.9boss ğŸ˜‚ğŸ˜‚ğŸ˜‚","Italian girl ğŸ‡®ğŸ‡¹
Medico del lavoroğŸ‘©â€âš•ï¸
Igiene degli alimenti ğŸ…
Sicilia ... Trentino ğŸ„ğŸ·
Sorella di @anna.anouk â¤ğŸ‘­ğŸ¶
@andreaconti11 â¤ğŸ‘«ğŸ",403,2748,402
angelagram85,"@_elisgram_ esatto i 5 stelle ridanno l Italia in mano agli italiani quello che gli altri non capiscono!!! ğŸ’ª","Italian girl ğŸ‡®ğŸ‡¹
Medico del lavoroğŸ‘©â€âš•ï¸
Igiene degli alimenti ğŸ…
Sicilia ... Trentino ğŸ„ğŸ·
Sorella di @anna.anouk â¤ğŸ‘­ğŸ¶
@andreaconti11 â¤ğŸ‘«ğŸ",403,2748,402
angelagram85,"@stefanya17 loro hanno restituito 23 milioni agli italiani... gli altri che hanno fatto ? ğŸ™ˆ ma sapete leggere le notizie ???","Italian girl ğŸ‡®ğŸ‡¹
Medico del lavoroğŸ‘©â€âš•ï¸
Igiene degli alimenti ğŸ…
Sicilia ... Trentino ğŸ„ğŸ·
Sorella di @anna.anouk â¤ğŸ‘­ğŸ¶
@andreaconti11 â¤ğŸ‘«ğŸ",403,2748,402
_elisgram_,"Siete grandi! Siete L'ECCELLENZA DI CUI L'ITALIA HA BISOGNO PER RIALZARSI. IO vi voto e oltre a ciÃ² VI STIMO (Ã© la prima volta che stimo dei politici). Grandi grandi e grandi!","Gemini â™Š 
Nature&Animals lover ğŸŒ¿ğŸ¾ğŸŒº
ğŸŒŸğŸŒŸğŸŒŸğŸŒŸğŸŒŸ
Fitness ğŸ’™ ğŸ’ªğŸ‘£âœŒ",220,3112,348
_elisgram_,"@angelagram85 brava! Ã‰ cosÃ¬! Forza 5 stelle! AffinchÃ© la nostra Italia si rialzi e con lei il suo popolo!","Gemini â™Š 
Nature&Animals lover ğŸŒ¿ğŸ¾ğŸŒº
ğŸŒŸğŸŒŸğŸŒŸğŸŒŸğŸŒŸ
Fitness ğŸ’™ ğŸ’ªğŸ‘£âœŒ",220,3112,348
_elisgram_,"All'estero prendono in giro noi italiani perchÃ© ci facciamo sempre fregare dai soliti politici corrotti. Comunque anche all'estero non si sono mai lamentati dei 5 stelle. Dobbiamo riscattarci! Forza 5 stelle.","Gemini â™Š 
Nature&Animals lover ğŸŒ¿ğŸ¾ğŸŒº
ğŸŒŸğŸŒŸğŸŒŸğŸŒŸğŸŒŸ
Fitness ğŸ’™ ğŸ’ªğŸ‘£âœŒ",220,3112,348
_elisgram_,"@angelagram85 gli italiani si riprenderanno ciÃ² che Ã© loro se vogliono veramente cambiare.","Gemini â™Š 
Nature&Animals lover ğŸŒ¿ğŸ¾ğŸŒº
ğŸŒŸğŸŒŸğŸŒŸğŸŒŸğŸŒŸ
Fitness ğŸ’™ ğŸ’ªğŸ‘£âœŒ",220,3112,348
_elisgram_,"@robertcristiandigioia non dire stupidaggini quando parli sui social e usa informazioni reali. Altrimenti qualcuno potrebbe denunciarti.","Gemini â™Š 
Nature&Animals lover ğŸŒ¿ğŸ¾ğŸŒº
ğŸŒŸğŸŒŸğŸŒŸğŸŒŸğŸŒŸ
Fitness ğŸ’™ ğŸ’ªğŸ‘£âœŒ",220,3112,348
_elisgram_,"Forza 5 stelle! Siete il cambiamento che voglio vedere in Italia!","Gemini â™Š 
Nature&Animals lover ğŸŒ¿ğŸ¾ğŸŒº
ğŸŒŸğŸŒŸğŸŒŸğŸŒŸğŸŒŸ
Fitness ğŸ’™ ğŸ’ªğŸ‘£âœŒ",220,3112,348
_elisgram_,"@robertcristiandigioia DICI IL FALSO. Comunque ok, allora sei pregato di non seguirci piÃ¹ neanche su instagram. L'ignoranza agli ignoranti.","Gemini â™Š 
Nature&Animals lover ğŸŒ¿ğŸ¾ğŸŒº
ğŸŒŸğŸŒŸğŸŒŸğŸŒŸğŸŒŸ
Fitness ğŸ’™ ğŸ’ªğŸ‘£âœŒ",220,3112,348
_elisgram_,"@therealmygram concordo pienamente! Grandi 5 stelle!","Gemini â™Š 
Nature&Animals lover ğŸŒ¿ğŸ¾ğŸŒº
ğŸŒŸğŸŒŸğŸŒŸğŸŒŸğŸŒŸ
Fitness ğŸ’™ ğŸ’ªğŸ‘£âœŒ",220,3112,348
_elisgram_,"@simo1.9boss io non sono affatto disinformata. Anzi voto @movimento5stelle perchÃ© mi sono informata e al posto di votare i soliti corrotti ho scelto di cambiare.","Gemini â™Š 
Nature&Animals lover ğŸŒ¿ğŸ¾ğŸŒº
ğŸŒŸğŸŒŸğŸŒŸğŸŒŸğŸŒŸ
Fitness ğŸ’™ ğŸ’ªğŸ‘£âœŒ",220,3112,348
_elisgram_,"ğŸ˜‚ğŸ˜‚ğŸ˜‚ grandi","Gemini â™Š 
Nature&Animals lover ğŸŒ¿ğŸ¾ğŸŒº
ğŸŒŸğŸŒŸğŸŒŸğŸŒŸğŸŒŸ
Fitness ğŸ’™ ğŸ’ªğŸ‘£âœŒ",220,3112,348
andromedareal,"Pultroppo non sarÃ² a Roma oggi , ma sono con voi!! ğŸ¤—ğŸ˜˜","Andromeda on tour whit ExpoTvğŸ’                     MINIME ğŸ’£ğŸ°                                                            Peace and heart inside ğŸ’—",4,1276,16
chiaabutch,"@imbenedettabano non devono parlare di onestÃ , ma puÃ² parlarne Berlusconi magari o Renzi?","Art is you and i",218,3032,379
chiaabutch,"@imbenedettabano l'onestÃ  Ã¨ quindi la mafia? Ãˆ prendere in giro? Non Ã¨ ora di cambiare aria?","Art is you and i",218,3032,379
mondo_pubblicita,"@mondo_pubblicita  dubbi sulle elezioni?","Pubblicizza le tue serate, i tuoi eventi, i tuoi piatti, i tuoi prodotti oppure te stessoâœŒï¸",310,2597,4
mondo_pubblicita,"Scopri tutta la veritÃ  con @mondo_pubblicita","Pubblicizza le tue serate, i tuoi eventi, i tuoi piatti, i tuoi prodotti oppure te stessoâœŒï¸",310,2597,4
mondo_pubblicita,@mondo_pubblicita,"Pubblicizza le tue serate, i tuoi eventi, i tuoi piatti, i tuoi prodotti oppure te stessoâœŒï¸",310,2597,4
aarianna.albani,"@melissapresepi  CIAO","come un lago mi guardi e ti specchi, non mi capirai mai",157,821,23
maggiolina13,"Avanti tutta ragazziiiiiii!",,5,181,31
maggiolina13,Pronti!,,5,181,31
freelymyself,"VI DICO SOLO GRAZIE. Tutto il resto sarebbe superfluo â¤ï¸","Milano ğŸ‡®ğŸ‡¹ 
Nulla si crea, Nulla si distrugge, Tutto si trasforma ğŸ¦‹ 
Moâ™ˆï¸imento 5 â­ï¸â­ï¸â­ï¸â­ï¸â­ï¸",74,375,826
mcchiara91,"@dinocata60 cambia che un ipotetico 30enne dopo 35 anni di lavoro andrebbe in pensione a 65 anni. Ãˆ matematica ragazzi. 30+35=65 e 65+35=100",,380,2691,74
mcchiara91,"@tizy.co61 Facendo i conti dovrebbe andare in pensione a 69 anni, non 81. Tra 12 anni lei avrÃ  69 anni con 31 anni di contributi. Quindi 69anni+31contributi=100",,380,2691,74
mcchiara91,"@iladl84 In quel caso dovrebbe valere il discorso del reddito di cittadinanza e tutto ciÃ² che ne concerne, che ovviamente non significa stare a casa senza far nulla.",,380,2691,74
sofia.s20,"ğŸŒŸğŸŒŸğŸŒŸğŸŒŸğŸŒŸ","Quello che forse non avevamo previsto era che la collisione fra due simili potesse cambiare TUTTO.",47,392,86
imbrigliogabriella,"@jacopoaugenti  ma Ã¨ uno scherzo si?",,40,203,9
giusi__cusimano,"ğŸ‘ğŸ‘ğŸ‘",,50,285,227
mario.rossi9992018,"@aslunigiugio no l'educazione prima di tutto",,0,6,0
francesco_bauco,"ğŸŒğŸŒğŸ‘ğŸ»ğŸ‘ğŸ»ğŸ‘ğŸ»ğŸ‘ğŸ»","~ Anything can happen ~
RomeğŸ‡®ğŸ‡¹|L.A.ğŸ‡ºğŸ‡¸",341,10459,738
marcorivettifreedom,"â­ï¸â­ï¸â­ï¸â­ï¸â­ï¸","Dreamer & Digital EntrepreneurğŸŒ
Freedom & LifestyleğŸ’
â€œIâ€™m not obsessed with money, Iâ€™m obsessed with freedomâ€
ğ—•ğ˜‚ğ˜† ğ—•ğ—¶ğ˜ğ—°ğ—¼ğ—¶ğ—» ğ—®ğ—»ğ—± ğ—²ğ—®ğ—¿ğ—» ğŸ­ğŸ¬% ğ—¯ğ—¼ğ—»ğ˜‚ğ˜€ ğ—¶ğ—»ğ˜€ğ˜ğ—®ğ—»ğ˜ğ—¹ğ˜†",257,1719,183
domenico_88,@carmendeceglie,"Industrial Engineer, Synthesizer lover & Vinyl collector from Bari ğŸš…âœˆï¸ğŸš˜ğŸ¹ ğŸ¼ğŸ§",251,1939,151
guisomaria,"Grazie a te e tutto il movimento 5 stelle â¤ï¸",,104,521,32
giorgiacampus,Segnalapostsegnalapostsegnalapost,"Non scherzavo
quando dicevo
mi togli il fiato
e il sonno
con te di giorno
non respiro
e la notte non dormo.",575,24904,73
giorgiacampus,"@giancarlocanc ğŸ¤¦ğŸ»â€â™€ï¸","Non scherzavo
quando dicevo
mi togli il fiato
e il sonno
con te di giorno
non respiro
e la notte non dormo.",575,24904,73
alfredson__,@theoneway_,"ItalianğŸ‡®ğŸ‡¹ SalernoğŸ”±
""Vivere ardendo e non bruciarsi mai.""",150,898,253
silviogiovanazzi,"Wee come va franco? come va tua sorella? Vai a lavare i piatti? O mangi i sassi?","But it's not enough to beat me!
â–¶ï¸ Trento, Italy
â–¶ï¸ 06.03.1998
â–¶ï¸ palestra e nuoto
-Velaisnow",126,1661,6
silviogiovanazzi,"ğŸ’™ğŸ’™ğŸ’™","But it's not enough to beat me!
â–¶ï¸ Trento, Italy
â–¶ï¸ 06.03.1998
â–¶ï¸ palestra e nuoto
-Velaisnow",126,1661,6
any_cakoni,"Bravissimo ğŸ‘ğŸ»ğŸ‘ğŸ»ğŸ‘ğŸ»ğŸ‘ğŸ» voi siete il futuro!!!","ğŸ‘©ğŸ¼â€ğŸ“Terapista della Riabilitazione Psichiatrica. ğŸ‘©ğŸ¼â€ğŸ«Educatrice presso scuola superiore B.Marsano.",85,703,585
any_cakoni,Grandissimo!!!!,"ğŸ‘©ğŸ¼â€ğŸ“Terapista della Riabilitazione Psichiatrica. ğŸ‘©ğŸ¼â€ğŸ«Educatrice presso scuola superiore B.Marsano.",85,703,585
guerra.emanuela,"ğŸ˜†",,10,73,71
guerra.emanuela,"Vorrei essere napoletana!",,10,73,71
guerra.emanuela,"Aspettiamo la foto vestito da Corsaro Nero (o Zorro?)",,10,73,71
guerra.emanuela,"Sale sempre piÃ¹ piene. ""Il vento sta cambiando"".",,10,73,71
guerra.emanuela,"Una forza inesauribile! Complimenti!  Non ti fermare mai. Grazie.",,10,73,71
sara_loren_81,"ğŸ˜‚",,13,147,920
sara_loren_81,Buongiorno!,,13,147,920
sara_loren_81,"Ãˆ un video x far venire la nausea?!",,13,147,920
sara_loren_81,"Giggino....mi fai diventare matta a starti dietro...quando a carrara??? ğŸ˜¬ğŸ˜˜",,13,147,920
sara_loren_81,"Hai preso la nave?!",,13,147,920
sara_loren_81,"Io 2 cucchiaini di zucchero grazie...sei un tesoro! ğŸ˜‚",,13,147,920
sara_loren_81,Bomboloniii,,13,147,920
sara_loren_81,"Sei fissato allora!! ğŸ˜‚ğŸ˜‚ğŸ˜‚",,13,147,920
sara_loren_81,"Sono guantini di pelle quelli sul cruscotto?! ğŸ˜‚",,13,147,920
sara_loren_81,"Si ho cpt ma qui mi passano tutti avanti...rispettate la fila! ğŸ˜‚",,13,147,920
sara_loren_81,"Credo anche io....",,13,147,920
francesko_dj,"â­â­â­â­â­ğŸ˜‰ğŸ‘Š","Alzarsi e' umano; restare a letto, divino!!!!!!!",196,1518,910
giuliafalerireal,"@luigi.di.maio ğŸ˜ğŸ˜Š","ğŸ’¼Co-Founder and CEO at GreenPower 
â€¢Wanderlust ğŸŒ | âœˆï¸ | ğŸ—º
â€¢falerigiulia@gmail.com",1035,16589,98
giuliafalerireal,"@luigi.di.maio â¤ï¸","ğŸ’¼Co-Founder and CEO at GreenPower 
â€¢Wanderlust ğŸŒ | âœˆï¸ | ğŸ—º
â€¢falerigiulia@gmail.com",1035,16589,98
assuntasarnataro7768,"forza ce la faremo.ciao luigi",,3,18,0
rggsanna,Ottimo!!,"â€¢PHOTOGRAPHER ğŸ“· 
â€¢VIDEOMAKER ğŸ“¹
â€¢ITALIAN ğŸ‡®ğŸ‡¹ 
â€¢IED VISUAL ART
For collaboration click email ğŸ“©
Direct message for info â¬†ï¸
Visit my backstage page â¬‡ï¸",1529,15507,169
rggsanna,Grande!!,"â€¢PHOTOGRAPHER ğŸ“· 
â€¢VIDEOMAKER ğŸ“¹
â€¢ITALIAN ğŸ‡®ğŸ‡¹ 
â€¢IED VISUAL ART
For collaboration click email ğŸ“©
Direct message for info â¬†ï¸
Visit my backstage page â¬‡ï¸",1529,15507,169
giancarlocanc,"ğŸ˜‚",,450,11043,180
il_giamba,"@imbenedettabano tranquilla sarÃ  atterraggio morbido visto che sono spiaccicati ormai da decenni tutti quelli del PD e FORZA ITALIA...abbiamo i tappetini gia li dove devono stare!",,36,746,307
ariannabortolani,"IN ITALIA STA ANDANDO TUTTO AL CONTRARIO. INCREDIBILE!",,23,157,1
ariannabortolani,"E ABOLIZIONE LEGGE FORNERO MI RACCOMANDO.....",,23,157,1
ariannabortolani,"LA GENERAZIONE ANNI 60 NON PUÃ’ ANDARE IN PENSIONE CON L'ETÃ€ OLTRE 70 ANNI....MORIREMO PRIMA!!!!",,23,157,1
ariannabortolani,"I GIOVANI DEVONO SUBENTRARE A NOI, SOPRATTUTTO DEVONO FORMARSI SUL LAVORO CON I ""VECCHI DEL MESTIERE""!!!!!",,23,157,1
ariannabortolani,"GRAZIE, ONOREVOLE PRESIDENTE!!!!",,23,157,1
debraxyx,"Daje tutta @luigi.di.maio","Arte per passione ğŸ˜ğŸ¨ğŸ©ğŸŒˆ                             amo gli animali ğŸ˜»ğŸ•ğŸˆğŸ¶ğŸ€ğŸ¤ğŸ°
Sailor Daddy Tattoo âš“ğŸ’€âš“",313,2961,294
giovi.light,"Che orgoglio avervi nella mia bellissima cittÃ : Torino! â¤","~ blogger ~ foodblogger ~ recipe writer ~ foodstylist ~ author ~ food photographer ~ lifestyle ~ 
email: giovilight@libero.it ~ my blog ğŸ‘‡",618,5186,959
trunzofrancesco,"A un piede nella tomba e ancora si vede in giro stu fantoccio ma che vada via dal cu....l",,1,27,2
daallolio_,@avaglians,"ğŸ“Rome,ItalyğŸ‡®ğŸ‡¹/ 18y>>Languages StudentğŸ“šâ€¢Showjumper and horse lover [Last ChangeğŸ‡ğŸ»] Addicted to coffee â˜•ï¸ and videogames ğŸ®",320,5629,282
elemisoutache,"Madonna che cosa meravigliosa sarebbe avervi al governo di questo sgangherato governo. Ridareste speranza e buon umore a tutte quelle persone giovani che li hanno persi",,146,1084,136
elemisoutache,"Ha ragione orietta berti che adesso mi sta simpatica. Sei bellissimooooo",,146,1084,136
tony197979,"Grande Luigi",,12,97,4
sheedxx,Ambra,"â™š
Emanuele Maneffa
ğŸ‡ºğŸ‡¸ Seattle/Los Angeles 
ğŸ‡®ğŸ‡¹ Milan
Basketball player",124,4412,445
sheedxx,Ambra,"â™š
Emanuele Maneffa
ğŸ‡ºğŸ‡¸ Seattle/Los Angeles 
ğŸ‡®ğŸ‡¹ Milan
Basketball player",124,4412,445
donato_grecoo,"Continua cosÃ¬ Luigi stanno cercando di infangarvi in tutti i modi solo perchÃ© hanno paura di voi ğŸ’ªğŸ½â™¥ï¸","ğŸ‡®ğŸ‡¹ Italian Student ~ XCVIII
The resume page of my life ğŸ’‹ğŸ’¦",373,2920,90
gianni.paint,Unici,,1,50,0
mariapia_stella,"Siete uno spettacolo",,9,829,57
giuliotraina,"@lucpal83 preferisco uno che spaglia un congiuntivo di un evasore fiscale che da soldi alla mafia",,299,2481,137
giuliotraina,"@gianperg fatti una camomilla",,299,2481,137
antonio.vario,"@principessapulce non puoi zittire chi ha dalla sua parte tutti i media..istituzioni, lobbyes corrotte di grossi imprenditori...solo noi lo possiamo zittire, mandandolo a casa insieme  a questa classe politica degna dei peggiori delinquenti truffatori, e dico poco!!! Ma non vedete come tutti insieme..d'accordo, appoggiati da tutti i servizi di informazione, alcuni PAGATI DA NOI!!!..stanno facendo questa campagna elettorale tutti contro..UNO..il M5S!!!! La paura che hanno di loro, non e dettata dal peso politico individuale, ma dalla consapevolezza di non essere riusciti a bloccare la presa di coscienza del popolo che, seppur non perfetti, anzi con grosse ingenuitÃ  a loro carico, sono, Il M5S, l' unica vera alternativa x spezzare questo vortice di distruzione sociale globale che sta attuando questa accozzaglia di traditori venduti corrotti che hanno un solo scopo!!... Portare la popolazione al livello di schiavi da comandare docilmente x fame e disperazione,in cambio di un tozzo di pane!",,9,52,0
raffaellla_passaglia,"Fiera di votare movimento cinque stelle",,38,812,278
lookatfausto,"Forse aveva la sigaretta per bruciare il foglio? ğŸ¤”","â­•Swimmer ğŸŠğŸ»,14 years, Barletta 
â­• I'm â™‘
â­•Classical high school  A. Casardi PugliağŸ‡®ğŸ‡¹
â­• PhotographyğŸ“¸
ğŸ”½ğŸ”»Ğ¼Ò¯Â Ñ‚Ğ½Î¹scÑÏ…sĞ½ğŸ”»ğŸ”½",352,2268,322
leonantonelli,Amen!,,10,462,6
xitaint,"@clementinadagostino ahahahahhaahhahahahahahahah ovvio","im trillion miles away family rich blessed asf/I can buy building I can burn building take your bitch and rebuild d building 4 fuk more/it-h-ny/ğŸ¦–",100,12357,6
xitaint,"@clementinadagostino lâ€™aiuto al sud vi serve eccome ma quale bellezza e bellezza ahahahah servono le industrie gli obbiettivi i soldi la speranza ahahahahahah con la bellezza bella mia ti ci puoi lavar le mele","im trillion miles away family rich blessed asf/I can buy building I can burn building take your bitch and rebuild d building 4 fuk more/it-h-ny/ğŸ¦–",100,12357,6
xitaint,"ğŸ—£ğŸ‘‘","im trillion miles away family rich blessed asf/I can buy building I can burn building take your bitch and rebuild d building 4 fuk more/it-h-ny/ğŸ¦–",100,12357,6
xitaint,"Forza!ğŸ¤©â­ï¸â­ï¸â­ï¸â­ï¸â­ï¸","im trillion miles away family rich blessed asf/I can buy building I can burn building take your bitch and rebuild d building 4 fuk more/it-h-ny/ğŸ¦–",100,12357,6
xitaint,"LA GIOIA del futuro","im trillion miles away family rich blessed asf/I can buy building I can burn building take your bitch and rebuild d building 4 fuk more/it-h-ny/ğŸ¦–",100,12357,6
valeriodorazio.it,"ğŸ¤™","ğŸ‘” Digital Marketing Manager
ğŸ“ Rome
ğŸ“ Marketing Degree
ğŸ“± iPhone X 256GB Silver
âŒšï¸ iWatch 3 Caramel&Gold
ğŸ“© info@valeriodorazio.com
ğŸ’¼ WEB â¬‡ï¸",5,29998,434
rossellaciscognetti,"Sei stato grandissimo!!! Grazie per regalarci una nuova speranza. @luigi.di.maio",,75,476,105
domeampl,"A quando la riduzione o lâ€™eliminazione delle accise sui carburanti ? Renzi si era esaltato su questa cosa ma non lâ€™ha mai mantenuta.",,50,269,53
franco.scaglione.14,"Eccoti lÃ¬ nel centro del gruppo",,3,32,0
monicasott,"Certo!! Inconfondibile in piedi al centro con le mani aperte",,129,654,15
pieratamburi,"Sempre uguale.",,32,236,0
marcoromanom5s,"@luigi.di.maio e allora dai allungati anche a Madrid! Noi ti stiamo aspettando.","Candidato per il M5S alla Camera dei deputati nella ripartizione Europa.",11,89,14
adacicirello,"Bella foto! â¤",,39,252,0
romina.ganci,"Ma quantu si bieddu?! Grandissimo presidenteeeeeeee! Ãˆ il tuo momento! Abbiamo bisogno di te per far risorgere questo paese! Per tutti gli italiani onesti e giusti! non vogliamo essere piÃ¹ il paese zimbello del resto del mondo! Riprendiamoci la nostra dignitÃ !!!!â¤ï¸",,12,127,1
andrealatoitaly,"Hai deluso la cittÃ  di Taranto l'altra sera.","Amo gli animali piÃ¹ di me stesso.
ğŸ‘‘BLOGGERğŸ‘‘
Libera la tua mente prima che si liberi di te.
ğŸŒŸSPORT and MUSIC is LIFEğŸŒŸ
ğŸ“ITALIA",55,1401,22
andrealatoitaly,"Hai parlato il politichese come tutti gli altri partiti, l'Ilva la vogliamo smantellare. BASTA MORTI INNOCENTI","Amo gli animali piÃ¹ di me stesso.
ğŸ‘‘BLOGGERğŸ‘‘
Libera la tua mente prima che si liberi di te.
ğŸŒŸSPORT and MUSIC is LIFEğŸŒŸ
ğŸ“ITALIA",55,1401,22
nancyswan_91,"Io voterÃ² un governo all'altezza dei miei obiettivi. Inevitabilmente, M5S.","ğŸŒ Italy / Naples",128,641,380
nancyswan_91,"@nannina1953 si infatti li voterÃ²!","ğŸŒ Italy / Naples",128,641,380
nancyswan_91,"E noi ci speriamo","ğŸŒ Italy / Naples",128,641,380
nancyswan_91,"E noi ci speriamo","ğŸŒ Italy / Naples",128,641,380
lauren_fondacaro,"Io câ€™ero ğŸ‘ğŸ¼ğŸ‘ğŸ¼",,3983,26225,691
no_face_no_game,"@catialiaci ma guarda non sono contro all'abolizione dei vitalizii e altri vantaggi ai politici,  anzi... Dico solo che ancora non ha pubblicato i dati matematici affinchÃ© dimostri che il reddito di cittadinanza  Ã¨ applicabile. CHIEDO SOLO TRASPARENZA",,0,235,0
no_face_no_game,"@catialiaci si ma se vuole il voto deve tirare fuori i maledetti Conti che ha fatto affinchÃ© siano possibili quelle manovre. Qua a Roma i 5 stelle non sono andati molto bene con la Raggi , fidati",,0,235,0
no_face_no_game,"@la_casa_dei_fiori Dove?",,0,235,0
luigi.di.maio,"@therealmygram grazie mille! Testa e cuore, insieme ce la faremo!","Vice Presidente della Camera dei Deputati. Candidato premier del MoVimento 5 Stelle alle elezioni politiche del 2018.",65,136102,687
luigi.di.maio,"Grande @drago.marco! La prossima volta la facciamo anche con Gaia ğŸ˜‰Un abbraccio!","Vice Presidente della Camera dei Deputati. Candidato premier del MoVimento 5 Stelle alle elezioni politiche del 2018.",65,136102,687
giovanni.gasbarro,"@giada_guarini dajeeee","Non vorrei descrivere la mia giovinezza come un Thriller di Kubrick, ma la veritÃ  personale si trova altrove. Lontana dalla cinepresa di natale.",276,1433,393
giancajuncogippogrissino,"Come vorrei che il 4 marzo venisse utilizzata solo una piccola parte della forza che li ha trascinati fin lÃ¬, nella cabina elettorale... Peccato che l'animo umano Ã¨ volubile, se ti sventolano una banconota davanti agli occhi...",,70,365,23
giancajuncogippogrissino,"@pattydeange ma parlando seriamente, cosa si rischia a reclamare? Che tuo figlio riceva rappresaglie? Che ripeta l'anno? Non potrÃ  accadere nulla, soprattutto se rendi piÃ¹ persone partecipi di ciÃ². Loro provano a spaventarci, ma perchÃ© sanno che il processo che porta ad aprire gli occhi agli italiani Ã¨ irreversibile. Basta solo aver il coraggio di osare, di accendere i fari su di loro, di denunciare ed informare quante piÃ¹ persone, cerca rinforzi nel tuo MU, vedrai che si scioglieranno come neve al sole.",,70,365,23
giancajuncogippogrissino,"@miley.berisha probabilmente hai giÃ  tu la forza di essere promotrice di azioni che li raggiungano. Provaci, parti, vedrai che altri ti seguiranno, incoraggiati dal tuo esempio",,70,365,23
giancajuncogippogrissino,"Lo ripeto da anni, eravamo al Circo Massimo, @luigi.di.maio, probabilmente non ricordi. Forse finalmente ci siamo, ma quanto tempo sprecato senza un nostro canale digitale terrestre con un palinsesto a base di corretta informazione, programmi educativi, talk show banditi, notizie dal mondo approfondite, programmi giornalieri tipo Report, tutorial dove gli anziani imparano ad usare il pc, consigli per combattere sprechi e crisi, Tg dove si parla di come aiutare i piÃ¹ bisognosi, programmi tipo Leonardo per stimolare le idee e le innovazioni tecnologiche. Insomma una tv ad immagine e somiglianza del web. Mi fu detto che era morta, ma passano gli anni e finchÃ© resterÃ  l'elettrodomestico piÃ¹ usato, la tv ce la dobbiamo fare da noi, invece di frequentare i canali dei partiti ostili...",,70,365,23
giancajuncogippogrissino,"@stay_folish cosa proponi? Fuori la tua idea, nel M5S viene ascoltata ;)",,70,365,23
giancajuncogippogrissino,"@simonapianobar si metterÃ  mano anche a questo problema, nel frattempo evidenzialo su Rousseau, piÃ¹ se ne parla prima viene preso in considerazione",,70,365,23
giancajuncogippogrissino,"Ma non ci vuole molto per immaginare...",,70,365,23
caterinagrittani,"Sei stato grande! Superiore ad ogni aspettativa . Dobbiamo stravincereâ­ï¸â­ï¸â­ï¸â­ï¸â­ï¸",,15,102,87
gianmaria.arcangeli.official,"Mai staccarsi da chi vota. Questa Ã© una bella foto. Speriamo in Dio.","Architecture. Proportion. Fibo. Motivation. Joy. LIFE.",69,3921,76
gianmaria.arcangeli.official,"Ci siamo capiti.","Architecture. Proportion. Fibo. Motivation. Joy. LIFE.",69,3921,76
gianmaria.arcangeli.official,Grande!,"Architecture. Proportion. Fibo. Motivation. Joy. LIFE.",69,3921,76
gabrieledeluisi,"Grande sei unico",,3,54,1
alewar68,"Bravo Luigi!!! A riveder le Stelle!!!",,53,337,0
andreabelussiphoto,"@cesare.freti gli tirano ad Orgosolo ahaha","outdoor and adventure photographer, chasing beauty and emotions. clickalps official photographer.",647,6026,41
cannone.massimo,"Luigi avanti tutta. Il 4 marzo sarÃ  il giorno della liberazione",,12,62,65
paganoluigi68,"Avanti siamo con te",,8,52,0
paganoluigi68,"Forza vai avanti cosi che anno paura  grande luigi",,8,52,0
luiginodesantis,"Avanti tutta stanno in ritirata sono tutti alla corda un grande imboccalupo",,1,7,0
andreamalaguti99,"@___alessandra__ale__ questo Ã¨  verissimo condivido perÃ² poi bisogna fare della crescita e non la fai in questo modo certamente","ğŸ‡®ğŸ‡¹Bologna-Milano
ğŸ‘¨â€ğŸ’»Web seller
ğŸ“šBassi Burgatti
ğŸ“·Photographer
ğŸ’¼Financial investor
ğŸ‘¨â€ğŸ“UniversitÃ  Bocconi - Economia e Finanza CLEF (2018)",545,3727,336
veroh96,Bello,,193,998,27
veroh96,:),,193,998,27
antonio.aloi,"Di Maio sei speciale come persona! Ti vogliamo al governo come presidente del consiglio ğŸ‘",,10,52,1
antonio.aloi,"Di Maio ti sosteniamo e battagliamo tutti i giorni per il movimento cinque stelle âœŒğŸ»",,10,52,1
tommipoggi,"âœŒğŸ»","#RadioSteadyGo âš“ï¸
â­â­â­â­â­ğŸ§ â™¥ï¸",97,909,2393
donatellaiannone,"Le ho scritto in privato. Volevo evidenziare sulla mia professione i disastri del ddl della Lorenzin e per chiedere i diritti miei e della mia categoria ho indetto una petizione. Sicura del suo appoggio la metto sotto. Spero che in lei si possa davvero trovare per quanto il contorno lo permetta un appoggio serio e leale contro i cittadini ormai schifati e scoraggiati da questa politica di mafia e degrado. Grazie infinite se approfondirÃ  i disagi della.mia categoria. https://www.petizioni24.com/diritti_ai_dietisti","ï¿½Dietista Nutrizionistaï¿½ Docente di Nutrizione eï¿½ Medicina e discipline bionaturali. ï¿½
Based: Soverato - Gioiosa 
ï¿½347/4947929 macadodi@libero.it",437,2965,2659
____.peppe.____,"Ww il 5 â­ï¸","ITALYğŸ‡®ğŸ‡¹LOVE FOOTBALLğŸ†âš½ï¸JUVENTUSâš«ï¸âšªï¸âš«ï¸2Bâ¤ï¸ğŸ“™ğŸ“˜ğŸ“š",145,1580,60
____.peppe.____,"â­ï¸â­ï¸â­ï¸â­ï¸â­ï¸","ITALYğŸ‡®ğŸ‡¹LOVE FOOTBALLğŸ†âš½ï¸JUVENTUSâš«ï¸âšªï¸âš«ï¸2Bâ¤ï¸ğŸ“™ğŸ“˜ğŸ“š",145,1580,60
christiancaruso7,"Sei, siete la nostra speranza.. Forza e coraggio. La VERA ITALIA Ã¨ con voi",,115,1048,242
christiancaruso7,"@lagargano che vuol dire che deve rifiutare dei voti ğŸ˜‚ğŸ˜‚",,115,1048,242
christiancaruso7,"@1981hotmail.commarioalla segnaliamo tutti il profilo di @adilpamplonasilva",,115,1048,242
christiancaruso7,"@alessandrorgaz un fascista in meno",,115,1048,242
christiancaruso7,"@alessandrorgaz per essere ancora piÃ¹ precisi ignorante come la merda..ma fai come vuoi.. Evidentemente preferisci quel genio di salvini",,115,1048,242
christiancaruso7,"@alessandrorgaz beccato, perÃ² non leghista ma ammetto di avere una mentalitÃ  dirizzata piÃ¹ verso la destra.. PerÃ² non Ã¨ tempo di destra e sinistra, qui a marzo si sceglie tra bene o male, ladri e onesti.. Come si fa ad essere indecisi maledizione. Detto questo scusami per l'insulto non volevo.",,115,1048,242
christiancaruso7,"@alessandrorgaz vamos ğŸ’ªğŸ¤™ğŸ»ğŸ¤™ğŸ»",,115,1048,242
christiancaruso7,"@raffaeledeguida il male dell'Italia sono gli italiani stessi.. In un paese normale il movimento 5 stelle arriverebbe tranquillamente al 40 per cento se non oltre.. Ma qui ci sono ragazzi che credono alle ideologie di Hitler e mussolini o peggio credono ancora a Berlusconi e Renzi.. Il male dell'Italia Ã¨ l'ignoranza.. Qualcosa che neanche l'onestÃ  puÃ² battere probabilmente",,115,1048,242
christiancaruso7,"Forza presidente",,115,1048,242
christiancaruso7,"FORZA PRESIDENTE",,115,1048,242
christiancaruso7,"La speranza in una foto",,115,1048,242
christiancaruso7,"Forza e coraggio presidente",,115,1048,242
francy_gri,"@domenicocr  ma dove Ã¨? La sinagoga ?","Basketball Player ğŸ€
International Business and law Student ğŸ“š
Born in Sorrento, lives in Reggio emilia ğŸ“
Je m'en fous.
Roma lover ğŸ’›â¤",138,1016,392
gianmariacarbini,"Ã‰ impensabile che la gente non voti te e il tuo partito. Non dovresti neanche spiegare il vostro programma in quanto con L informazione che corre oggi saremo solo stupidi e idioti a dare fiato e credito a quei schiacalli che ci hanno massacrato e distrutto... tutti a casa o in galera. Banda di criminali . E nonostante tutto sono ancora lÃ¬ a dire un mare di cavillate che non ci credono nemmeno loro. #di maio premier a vita e 5 stelle unico partito onesto che lavora per correggere gli errori o meglio orrori di questa gente  che ha governato per decenni...",,26,812,47
gianmariacarbini,"Forza e coraggio e mandiamo a casa i fannulloni ... che hanno rovinato intere generazioni.. compresa la nostra... #di maio a vita!!!!",,26,812,47
gvdanese,"abbiamo il piu alto numero di poliziotti in europa.  ma stai vaneggiando???",,11,461,61
elisabettamastromarino,"Caro di Maio ,noi Grillini ci stiamo battendo per lo jus solo e L appendino",,7,52,29
federicofrungillo,"Renzi,te lo sogni un abbraccio cosÃ¬.",,10,61,0
federicofrungillo,"Sei un grande.",,10,61,0
giollimaurizio1969,"Due grandi uomini forza m5s",,2,17,20
giollimaurizio1969,"Luigi li leggi i messaggi?",,2,17,20
latavernadelcapitano,"Un abbraccio affettuoso a voi due",,21,110,19
adoromarinamello,"Que lindo!","Estilo, atitude e conforto! ğŸ‘ŸğŸ’— 
Produtos confeccionados em couro.
ğŸ’»www.marinamello.com.br â €â €â €â €â €â €â €â € â €â €â €â €â €â €â € ğŸ›Compre pelo site:",1491,79804,1966
mariodellibovi,"â€˜Aiutaci Obi Wan Kenobi, sei la nostra ultima speranzaâ€™","Italian Entrepreneur. Keeper of the vision.Tapebox Ltd founder and Ceo.",224,1183,258
maurizioaleandri,"ğŸ‘ğŸ‘ğŸ‘ğŸ‘",,3,29,0
gs.marine,"Vai vai ...","facerock guitarist",990,6571,220
easportsfifa18credits_ita,"CREDITI GRATUITI E GIOCATORI PER FIFA 18 XBOX ONE  VISITA LA NOSTRA PAGINA SCRIVIMI IN DIRECTğŸ”¥ğŸ”¥","Cercate crediti e giocatori a prezzi bassissimi? Non esitare a contattarci! In piÃ¹ ogni giorno metterÃ² un giocatore ad un prezzo scontatissimo! DIRECT",9,83,35
easportsfifa18credits_ita,"CREDITI GRATUITI E GIOCATORI PER FIFA 18 XBOX ONE  VISITA LA NOSTRA PAGINA SCRIVIMI IN DIRECTğŸ”¥ğŸ”¥","Cercate crediti e giocatori a prezzi bassissimi? Non esitare a contattarci! In piÃ¹ ogni giorno metterÃ² un giocatore ad un prezzo scontatissimo! DIRECT",9,83,35
silvionapolitano70,"Faccio una sola domanda a chi Ã¨ contrario al movimento. Non vi sono bastati gli ultimi trent'anni di governo? Posso capire tutte le perplessitÃ  su chi non Ã¨ mai stato al governo ma non venire a dirmi che sinistra e destra cambieranno qualcosa, perchÃ© prima uno poi l'altro Ã¨ poi anche insieme ( con i governi tecnici) hanno governato il paese. Quindi cosa vi spinge ancora a votarli?",,6,76,7
silvionapolitano70,"Come si fa ancora a dare fiducia a chi ci ha governato in questi trent'anni? Se vi piace la corruzione, le tangenti, la disoccupazione, la povertÃ , allora continuiamo a votare come negli ultimi 30 anni, se invece vogliamo provare, ripeto provare, perchÃ© peggio Ã¨ impossibile fare, votiamo qualcuno che fino ad ora sta dimostrando di meritarlo.",,6,76,7
rmgrazia,"Grandissime Avanti tutta Buonasera presidente sempre piÃ¹ forti",mamma,31,359,0
rmgrazia,"Un grazie a tutti siete grandissimi ragazzi",mamma,31,359,0
adrianocomazzetto,"Luigi crediamo in te come in tutto il movimento io faro la mia parte contaci",,6,48,0
shabbychicgioielli,"Meritate di stare al governo @luigi.di.maio","â—Jewelry store: Corso Umberto I,168 
â—Marano di Napoli
â—Tel: +39 0815866749
â—Whatsapp: +39 3913857327
â—Spedizioni/Shipping Italia/Europa
â—Pagina FB:â¬‡",1546,8895,4172
shabbychicgioielli,"Brava Orietta","â—Jewelry store: Corso Umberto I,168 
â—Marano di Napoli
â—Tel: +39 0815866749
â—Whatsapp: +39 3913857327
â—Spedizioni/Shipping Italia/Europa
â—Pagina FB:â¬‡",1546,8895,4172
giulioboccato,"QUESTO Ãˆ GIUSTO LUIGI. Ãˆ FORZA RAGAZZI.BUON LAVORO !!!!",,4,39,0
juve_cuorebianconero,"Grandeeeee presidente...... sei tutto noi... @movimento5stelle","Ragazzi sempre e #forzajuve  notizie e foto e video dal mondo bianconero. soprattutto tifose juventine mandate le vostre foto con la maglia della juve",1151,6105,1834
mistetix,"Fatelo sparire una volta per sempre non merita nemmeno di farsi vedere in tv.be forse sulle sue si",,3,19,0
avetta_since1920,"Nice pic","Italian Marble and Gres Lab, Private Wellness, Interior Design, Bathroom, Kitchen,  Wood and Tiles for your personal nest.               SINCE 1920âŒš",748,6265,202
000franky00,"Comm si frisc Giggi... Vai che ce magnamm!! ğŸ˜‚","From Napoli (IT).
Student.
25 anni.
Add me (FB)",99,2235,420
pattyforevercxx,"Guarda avanti quando guidi","Amo i miei seguaciğŸ‘¯ğŸ‘­ğŸ‘ªğŸ‘«ğŸ’ğŸ‘ğŸ‘ğŸ‘ŒğŸ‘ŒğŸ‘ŒğŸ˜˜ğŸ˜˜ğŸ˜˜ğŸ˜˜",27,409,215
marconotarogram,"Grazie Luigi Ã¨ stato un grande privilegio poter parlare con te oggi!","â€¢ ğŸ‘¨â€ğŸ“ Student of Public and Political Communication ~ UniTo
â€¢ ğŸ“ Journalist
â€¢ ğŸ“ Graduated in Political Science
â€¢ ğŸ›« Traveller  
â€¢ ğŸ‘¨â€ğŸ’» Blog â¤µï¸",456,9587,486
peregomanuel,"@tinasanto81 grazie",,7,199,0
glo_nasello,"@sfais96 nitido",,135,679,25
wednesday_s_pearls,"Dovreste pensare alle leggi da fare...","Birthplace: Earth
Race: Human
Religion: Love
Politic: freedom 
Philosophy: do no harm, but take no shit
ğŸ‘NO DIRECT ISOLA",1539,23109,10354
lidiafabbiano,"Per niente",,15,105,68
lidiafabbiano,"Se la abolisce  ne fa un'altra  peggio",,15,105,68
nicolebergstrom_,"@paolafulli Esatto","ğŸ‡®ğŸ‡¹ ITALIA ğŸ‡®ğŸ‡¹ ğŸ‡¸ğŸ‡ª Jag Ã¤lskar Sverige ğŸ‡¸ğŸ‡ª
AlberghieroğŸ“š -18ğŸ” -ğŸ“VENEZIA",99,810,232
nicolebergstrom_,#IovotoLega,"ğŸ‡®ğŸ‡¹ ITALIA ğŸ‡®ğŸ‡¹ ğŸ‡¸ğŸ‡ª Jag Ã¤lskar Sverige ğŸ‡¸ğŸ‡ª
AlberghieroğŸ“š -18ğŸ” -ğŸ“VENEZIA",99,810,232
mariamoscagiuri,"Il nostro presidente inteligente misurato disponibile ingegnoso magnifico!!",,2,88,0
giulia.bodyfit,"Il mio Presidente!","Ideatrice e Formatrice BodyFitÂ® Metodo Funzionale neuromuscolare. 
Core Ability, Postura dinamica, Equilibrio, Coordinazione, Controllo corporeo.",101,889,132
lucas_huarcaya,"Sei fortissimo!!!","ğŸ‡®ğŸ‡¹  ğŸ‡¬ğŸ‡§   ğŸ‡µğŸ‡ª",262,1526,99
the.strange_world,"Verso una nuova repubblica.. peggio di Star Wars â­ï¸â­ï¸â­ï¸â­ï¸â­ï¸",,40,498,3
melodyducati,"Grande uomo ğŸ˜¢",,37,405,183
capozzi.paola,"Non vedo l'ora di rivotare per voi",,15,116,1
cislaghipietrogiuseppe,"Siete grandi siete i migliori continuate cosÃ¬ W MOVIMENTO CINQUE STELLE â›¤â›¤â›¤â›¤â›¤",,50,299,0
