2969,307,Bfq5neLgAus
2969,307,Bfq5neLgAus
2969,307,Bfq5neLgAus
2969,307,Bfq5neLgAus
2969,307,Bfq5neLgAus
2969,307,Bfq5neLgAus
2969,307,Bfq5neLgAus
2969,307,Bfq5neLgAus
2969,307,Bfq5neLgAus
2969,307,Bfq5neLgAus
2969,307,Bfq5neLgAus
2969,307,Bfq5neLgAus
2969,307,Bfq5neLgAus
2969,307,Bfq5neLgAus
2969,307,Bfq5neLgAus
2969,307,Bfq5neLgAus
2969,307,Bfq5neLgAus
2969,307,Bfq5neLgAus
2969,307,Bfq5neLgAus
2969,307,Bfq5neLgAus
2969,307,Bfq5neLgAus
2969,307,Bfq5neLgAus
2969,307,Bfq5neLgAus
2969,307,Bfq5neLgAus
2969,307,Bfq5neLgAus
2969,307,Bfq5neLgAus
2969,307,Bfq5neLgAus
2969,307,Bfq5neLgAus
2969,307,Bfq5neLgAus
2969,307,Bfq5neLgAus
2969,307,Bfq5neLgAus
6171,337,BfoDH61gxg-
6171,337,BfoDH61gxg-
6171,337,BfoDH61gxg-
6171,337,BfoDH61gxg-
6171,337,BfoDH61gxg-
6171,337,BfoDH61gxg-
6171,337,BfoDH61gxg-
6171,337,BfoDH61gxg-
6171,337,BfoDH61gxg-
6171,337,BfoDH61gxg-
6171,337,BfoDH61gxg-
6171,337,BfoDH61gxg-
6171,337,BfoDH61gxg-
6171,337,BfoDH61gxg-
6171,337,BfoDH61gxg-
6171,337,BfoDH61gxg-
6171,337,BfoDH61gxg-
6171,337,BfoDH61gxg-
6171,337,BfoDH61gxg-
6171,337,BfoDH61gxg-
6171,337,BfoDH61gxg-
6171,337,BfoDH61gxg-
6171,337,BfoDH61gxg-
6171,337,BfoDH61gxg-
6171,337,BfoDH61gxg-
6171,337,BfoDH61gxg-
6171,337,BfoDH61gxg-
6171,337,BfoDH61gxg-
6171,337,BfoDH61gxg-
6171,337,BfoDH61gxg-
6171,337,BfoDH61gxg-
2962,584,Bfluys7ggUi
2962,584,Bfluys7ggUi
2962,584,Bfluys7ggUi
2962,584,Bfluys7ggUi
2962,584,Bfluys7ggUi
2962,584,Bfluys7ggUi
2962,584,Bfluys7ggUi
2962,584,Bfluys7ggUi
2962,584,Bfluys7ggUi
2962,584,Bfluys7ggUi
2962,584,Bfluys7ggUi
2962,584,Bfluys7ggUi
2962,584,Bfluys7ggUi
2962,584,Bfluys7ggUi
2962,584,Bfluys7ggUi
2962,584,Bfluys7ggUi
2962,584,Bfluys7ggUi
2962,584,Bfluys7ggUi
2962,584,Bfluys7ggUi
2962,584,Bfluys7ggUi
2962,584,Bfluys7ggUi
2962,584,Bfluys7ggUi
2962,584,Bfluys7ggUi
2962,584,Bfluys7ggUi
2962,584,Bfluys7ggUi
2962,584,Bfluys7ggUi
2962,584,Bfluys7ggUi
2962,584,Bfluys7ggUi
2962,584,Bfluys7ggUi
2962,584,Bfluys7ggUi
3059,277,BfllO7uAqRZ
3059,277,BfllO7uAqRZ
3059,277,BfllO7uAqRZ
3059,277,BfllO7uAqRZ
3059,277,BfllO7uAqRZ
3059,277,BfllO7uAqRZ
3059,277,BfllO7uAqRZ
3059,277,BfllO7uAqRZ
3059,277,BfllO7uAqRZ
3059,277,BfllO7uAqRZ
3059,277,BfllO7uAqRZ
3059,277,BfllO7uAqRZ
3059,277,BfllO7uAqRZ
3059,277,BfllO7uAqRZ
3059,277,BfllO7uAqRZ
3059,277,BfllO7uAqRZ
3059,277,BfllO7uAqRZ
3059,277,BfllO7uAqRZ
3059,277,BfllO7uAqRZ
3059,277,BfllO7uAqRZ
3059,277,BfllO7uAqRZ
3059,277,BfllO7uAqRZ
3059,277,BfllO7uAqRZ
3059,277,BfllO7uAqRZ
3059,277,BfllO7uAqRZ
3059,277,BfllO7uAqRZ
3059,277,BfllO7uAqRZ
1951,571,BfkjSX2Ag5D
1951,571,BfkjSX2Ag5D
1951,571,BfkjSX2Ag5D
1951,571,BfkjSX2Ag5D
1951,571,BfkjSX2Ag5D
1951,571,BfkjSX2Ag5D
1951,571,BfkjSX2Ag5D
1951,571,BfkjSX2Ag5D
1951,571,BfkjSX2Ag5D
1951,571,BfkjSX2Ag5D
1951,571,BfkjSX2Ag5D
1951,571,BfkjSX2Ag5D
1951,571,BfkjSX2Ag5D
1951,571,BfkjSX2Ag5D
1951,571,BfkjSX2Ag5D
1951,571,BfkjSX2Ag5D
1951,571,BfkjSX2Ag5D
1951,571,BfkjSX2Ag5D
1951,571,BfkjSX2Ag5D
1951,571,BfkjSX2Ag5D
1638,179,BfiVJSOAOGx
1638,179,BfiVJSOAOGx
1638,179,BfiVJSOAOGx
1638,179,BfiVJSOAOGx
1638,179,BfiVJSOAOGx
1638,179,BfiVJSOAOGx
1638,179,BfiVJSOAOGx
1638,179,BfiVJSOAOGx
1638,179,BfiVJSOAOGx
1638,179,BfiVJSOAOGx
1638,179,BfiVJSOAOGx
1638,179,BfiVJSOAOGx
1638,179,BfiVJSOAOGx
1638,179,BfiVJSOAOGx
1638,179,BfiVJSOAOGx
1638,179,BfiVJSOAOGx
1638,179,BfiVJSOAOGx
1638,179,BfiVJSOAOGx
1638,179,BfiVJSOAOGx
1638,179,BfiVJSOAOGx
1638,179,BfiVJSOAOGx
1638,179,BfiVJSOAOGx
1638,179,BfiVJSOAOGx
1638,179,BfiVJSOAOGx
1638,179,BfiVJSOAOGx
1638,179,BfiVJSOAOGx
1638,179,BfiVJSOAOGx
1638,179,BfiVJSOAOGx
1638,179,BfiVJSOAOGx
1638,179,BfiVJSOAOGx
1638,179,BfiVJSOAOGx
1638,179,BfiVJSOAOGx
1638,179,BfiVJSOAOGx
1638,179,BfiVJSOAOGx
3862,299,BfiEuiNAD0N
3862,299,BfiEuiNAD0N
3862,299,BfiEuiNAD0N
3862,299,BfiEuiNAD0N
3862,299,BfiEuiNAD0N
3862,299,BfiEuiNAD0N
3862,299,BfiEuiNAD0N
3862,299,BfiEuiNAD0N
3862,299,BfiEuiNAD0N
3862,299,BfiEuiNAD0N
3862,299,BfiEuiNAD0N
3862,299,BfiEuiNAD0N
3862,299,BfiEuiNAD0N
3862,299,BfiEuiNAD0N
3862,299,BfiEuiNAD0N
3862,299,BfiEuiNAD0N
3862,299,BfiEuiNAD0N
3862,299,BfiEuiNAD0N
3862,299,BfiEuiNAD0N
3862,299,BfiEuiNAD0N
3862,299,BfiEuiNAD0N
3862,299,BfiEuiNAD0N
3862,299,BfiEuiNAD0N
3862,299,BfiEuiNAD0N
3862,299,BfiEuiNAD0N
3862,299,BfiEuiNAD0N
3862,299,BfiEuiNAD0N
3862,299,BfiEuiNAD0N
2557,70,BfhLBuuAygc
2557,70,BfhLBuuAygc
2557,70,BfhLBuuAygc
2557,70,BfhLBuuAygc
2557,70,BfhLBuuAygc
2557,70,BfhLBuuAygc
2557,70,BfhLBuuAygc
2557,70,BfhLBuuAygc
2557,70,BfhLBuuAygc
2557,70,BfhLBuuAygc
2557,70,BfhLBuuAygc
2557,70,BfhLBuuAygc
2557,70,BfhLBuuAygc
2557,70,BfhLBuuAygc
2557,70,BfhLBuuAygc
2557,70,BfhLBuuAygc
2557,70,BfhLBuuAygc
2557,70,BfhLBuuAygc
2557,70,BfhLBuuAygc
2557,70,BfhLBuuAygc
2557,70,BfhLBuuAygc
2557,70,BfhLBuuAygc
2557,70,BfhLBuuAygc
2557,70,BfhLBuuAygc
2557,70,BfhLBuuAygc
2557,70,BfhLBuuAygc
2557,70,BfhLBuuAygc
2557,70,BfhLBuuAygc
1721,105,BfgMv0BA1OB
1721,105,BfgMv0BA1OB
1721,105,BfgMv0BA1OB
1721,105,BfgMv0BA1OB
1721,105,BfgMv0BA1OB
1721,105,BfgMv0BA1OB
1721,105,BfgMv0BA1OB
1721,105,BfgMv0BA1OB
1721,105,BfgMv0BA1OB
1721,105,BfgMv0BA1OB
1721,105,BfgMv0BA1OB
1721,105,BfgMv0BA1OB
1721,105,BfgMv0BA1OB
1721,105,BfgMv0BA1OB
1721,105,BfgMv0BA1OB
1721,105,BfgMv0BA1OB
1721,105,BfgMv0BA1OB
1721,105,BfgMv0BA1OB
1721,105,BfgMv0BA1OB
1721,105,BfgMv0BA1OB
1721,105,BfgMv0BA1OB
1721,105,BfgMv0BA1OB
1721,105,BfgMv0BA1OB
1721,105,BfgMv0BA1OB
3665,199,Bfeacw1gLDB
3665,199,Bfeacw1gLDB
3665,199,Bfeacw1gLDB
3665,199,Bfeacw1gLDB
3665,199,Bfeacw1gLDB
3665,199,Bfeacw1gLDB
3665,199,Bfeacw1gLDB
3665,199,Bfeacw1gLDB
3665,199,Bfeacw1gLDB
3665,199,Bfeacw1gLDB
3665,199,Bfeacw1gLDB
3665,199,Bfeacw1gLDB
3665,199,Bfeacw1gLDB
3665,199,Bfeacw1gLDB
3665,199,Bfeacw1gLDB
3665,199,Bfeacw1gLDB
3665,199,Bfeacw1gLDB
3665,199,Bfeacw1gLDB
3665,199,Bfeacw1gLDB
3665,199,Bfeacw1gLDB
3665,199,Bfeacw1gLDB
3665,199,Bfeacw1gLDB
3665,199,Bfeacw1gLDB
3665,199,Bfeacw1gLDB
3665,199,Bfeacw1gLDB
3665,199,Bfeacw1gLDB
3665,199,Bfeacw1gLDB
3665,199,Bfeacw1gLDB
3665,199,Bfeacw1gLDB
3665,199,Bfeacw1gLDB
3665,199,Bfeacw1gLDB
3665,199,Bfeacw1gLDB
3665,199,Bfeacw1gLDB
5489,313,BfdNX0fA6tV
5489,313,BfdNX0fA6tV
5489,313,BfdNX0fA6tV
5489,313,BfdNX0fA6tV
5489,313,BfdNX0fA6tV
5489,313,BfdNX0fA6tV
5489,313,BfdNX0fA6tV
5489,313,BfdNX0fA6tV
5489,313,BfdNX0fA6tV
5489,313,BfdNX0fA6tV
5489,313,BfdNX0fA6tV
5489,313,BfdNX0fA6tV
5489,313,BfdNX0fA6tV
5489,313,BfdNX0fA6tV
5489,313,BfdNX0fA6tV
5489,313,BfdNX0fA6tV
5489,313,BfdNX0fA6tV
5489,313,BfdNX0fA6tV
5489,313,BfdNX0fA6tV
5489,313,BfdNX0fA6tV
5489,313,BfdNX0fA6tV
5489,313,BfdNX0fA6tV
5489,313,BfdNX0fA6tV
5489,313,BfdNX0fA6tV
5489,313,BfdNX0fA6tV
5489,313,BfdNX0fA6tV
5489,313,BfdNX0fA6tV
5489,313,BfdNX0fA6tV
5489,313,BfdNX0fA6tV
5489,313,BfdNX0fA6tV
5489,313,BfdNX0fA6tV
7040,453,BfdA7RfAmtX
7040,453,BfdA7RfAmtX
7040,453,BfdA7RfAmtX
7040,453,BfdA7RfAmtX
7040,453,BfdA7RfAmtX
7040,453,BfdA7RfAmtX
7040,453,BfdA7RfAmtX
7040,453,BfdA7RfAmtX
7040,453,BfdA7RfAmtX
7040,453,BfdA7RfAmtX
7040,453,BfdA7RfAmtX
7040,453,BfdA7RfAmtX
7040,453,BfdA7RfAmtX
7040,453,BfdA7RfAmtX
7040,453,BfdA7RfAmtX
7040,453,BfdA7RfAmtX
7040,453,BfdA7RfAmtX
7040,453,BfdA7RfAmtX
7040,453,BfdA7RfAmtX
7040,453,BfdA7RfAmtX
7040,453,BfdA7RfAmtX
7040,453,BfdA7RfAmtX
7040,453,BfdA7RfAmtX
7040,453,BfdA7RfAmtX
7040,453,BfdA7RfAmtX
7040,453,BfdA7RfAmtX
7040,453,BfdA7RfAmtX
2639,98,BfbAMYEAUuo
2639,98,BfbAMYEAUuo
2639,98,BfbAMYEAUuo
2639,98,BfbAMYEAUuo
2639,98,BfbAMYEAUuo
2639,98,BfbAMYEAUuo
2639,98,BfbAMYEAUuo
2639,98,BfbAMYEAUuo
2639,98,BfbAMYEAUuo
2639,98,BfbAMYEAUuo
2639,98,BfbAMYEAUuo
2639,98,BfbAMYEAUuo
2639,98,BfbAMYEAUuo
2639,98,BfbAMYEAUuo
2639,98,BfbAMYEAUuo
2639,98,BfbAMYEAUuo
2639,98,BfbAMYEAUuo
2639,98,BfbAMYEAUuo
2639,98,BfbAMYEAUuo
2639,98,BfbAMYEAUuo
2639,98,BfbAMYEAUuo
2639,98,BfbAMYEAUuo
2639,98,BfbAMYEAUuo
2639,98,BfbAMYEAUuo
2639,98,BfbAMYEAUuo
2639,98,BfbAMYEAUuo
2639,98,BfbAMYEAUuo
2639,98,BfbAMYEAUuo
2639,98,BfbAMYEAUuo
2639,98,BfbAMYEAUuo
2639,98,BfbAMYEAUuo
2639,98,BfbAMYEAUuo
9164,619,BfamkN2gkWz
9164,619,BfamkN2gkWz
9164,619,BfamkN2gkWz
9164,619,BfamkN2gkWz
9164,619,BfamkN2gkWz
9164,619,BfamkN2gkWz
9164,619,BfamkN2gkWz
9164,619,BfamkN2gkWz
9164,619,BfamkN2gkWz
9164,619,BfamkN2gkWz
9164,619,BfamkN2gkWz
9164,619,BfamkN2gkWz
9164,619,BfamkN2gkWz
9164,619,BfamkN2gkWz
9164,619,BfamkN2gkWz
9164,619,BfamkN2gkWz
9164,619,BfamkN2gkWz
9164,619,BfamkN2gkWz
9164,619,BfamkN2gkWz
9164,619,BfamkN2gkWz
9164,619,BfamkN2gkWz
9164,619,BfamkN2gkWz
9164,619,BfamkN2gkWz
9164,619,BfamkN2gkWz
9164,619,BfamkN2gkWz
9164,619,BfamkN2gkWz
9164,619,BfamkN2gkWz
9164,619,BfamkN2gkWz
9164,619,BfamkN2gkWz
9164,619,BfamkN2gkWz
2945,69,BfZXdgNAAex
2945,69,BfZXdgNAAex
2945,69,BfZXdgNAAex
2945,69,BfZXdgNAAex
2945,69,BfZXdgNAAex
2945,69,BfZXdgNAAex
2945,69,BfZXdgNAAex
2945,69,BfZXdgNAAex
2945,69,BfZXdgNAAex
2945,69,BfZXdgNAAex
2945,69,BfZXdgNAAex
2945,69,BfZXdgNAAex
2945,69,BfZXdgNAAex
2945,69,BfZXdgNAAex
2945,69,BfZXdgNAAex
2945,69,BfZXdgNAAex
2945,69,BfZXdgNAAex
2945,69,BfZXdgNAAex
2945,69,BfZXdgNAAex
2945,69,BfZXdgNAAex
2945,69,BfZXdgNAAex
2945,69,BfZXdgNAAex
2945,69,BfZXdgNAAex
2945,69,BfZXdgNAAex
2945,69,BfZXdgNAAex
2945,69,BfZXdgNAAex
2945,69,BfZXdgNAAex
2945,69,BfZXdgNAAex
2945,69,BfZXdgNAAex
2945,69,BfZXdgNAAex
2945,69,BfZXdgNAAex
1846,65,BfY9_0Mg7Cp
1846,65,BfY9_0Mg7Cp
1846,65,BfY9_0Mg7Cp
1846,65,BfY9_0Mg7Cp
1846,65,BfY9_0Mg7Cp
1846,65,BfY9_0Mg7Cp
1846,65,BfY9_0Mg7Cp
1846,65,BfY9_0Mg7Cp
1846,65,BfY9_0Mg7Cp
1846,65,BfY9_0Mg7Cp
1846,65,BfY9_0Mg7Cp
1846,65,BfY9_0Mg7Cp
1846,65,BfY9_0Mg7Cp
1846,65,BfY9_0Mg7Cp
1846,65,BfY9_0Mg7Cp
1846,65,BfY9_0Mg7Cp
1846,65,BfY9_0Mg7Cp
1846,65,BfY9_0Mg7Cp
1846,65,BfY9_0Mg7Cp
1846,65,BfY9_0Mg7Cp
1846,65,BfY9_0Mg7Cp
1846,65,BfY9_0Mg7Cp
1846,65,BfY9_0Mg7Cp
1846,65,BfY9_0Mg7Cp
1846,65,BfY9_0Mg7Cp
1846,65,BfY9_0Mg7Cp
1846,65,BfY9_0Mg7Cp
1846,65,BfY9_0Mg7Cp
1846,65,BfY9_0Mg7Cp
1846,65,BfY9_0Mg7Cp
1846,65,BfY9_0Mg7Cp
1846,65,BfY9_0Mg7Cp
1846,65,BfY9_0Mg7Cp
1846,65,BfY9_0Mg7Cp
1846,65,BfY9_0Mg7Cp
1846,65,BfY9_0Mg7Cp
3329,158,BfYTRmVAY36
3329,158,BfYTRmVAY36
3329,158,BfYTRmVAY36
3329,158,BfYTRmVAY36
3329,158,BfYTRmVAY36
3329,158,BfYTRmVAY36
3329,158,BfYTRmVAY36
3329,158,BfYTRmVAY36
3329,158,BfYTRmVAY36
3329,158,BfYTRmVAY36
3329,158,BfYTRmVAY36
3329,158,BfYTRmVAY36
3329,158,BfYTRmVAY36
3329,158,BfYTRmVAY36
3329,158,BfYTRmVAY36
3329,158,BfYTRmVAY36
3329,158,BfYTRmVAY36
3329,158,BfYTRmVAY36
3329,158,BfYTRmVAY36
3329,158,BfYTRmVAY36
3329,158,BfYTRmVAY36
3329,158,BfYTRmVAY36
3329,158,BfYTRmVAY36
3329,158,BfYTRmVAY36
3329,158,BfYTRmVAY36
3329,158,BfYTRmVAY36
3329,158,BfYTRmVAY36
3329,158,BfYTRmVAY36
3329,158,BfYTRmVAY36
3329,158,BfYTRmVAY36
3329,158,BfYTRmVAY36
3329,158,BfYTRmVAY36
3329,158,BfYTRmVAY36
2997,285,BfWJCDuAR0U
2997,285,BfWJCDuAR0U
2997,285,BfWJCDuAR0U
2997,285,BfWJCDuAR0U
2997,285,BfWJCDuAR0U
2997,285,BfWJCDuAR0U
2997,285,BfWJCDuAR0U
2997,285,BfWJCDuAR0U
2997,285,BfWJCDuAR0U
2997,285,BfWJCDuAR0U
2997,285,BfWJCDuAR0U
2997,285,BfWJCDuAR0U
2997,285,BfWJCDuAR0U
2997,285,BfWJCDuAR0U
2997,285,BfWJCDuAR0U
2997,285,BfWJCDuAR0U
2997,285,BfWJCDuAR0U
2997,285,BfWJCDuAR0U
2997,285,BfWJCDuAR0U
2997,285,BfWJCDuAR0U
2997,285,BfWJCDuAR0U
2997,285,BfWJCDuAR0U
2997,285,BfWJCDuAR0U
2997,285,BfWJCDuAR0U
2997,285,BfWJCDuAR0U
2997,285,BfWJCDuAR0U
2997,285,BfWJCDuAR0U
2997,285,BfWJCDuAR0U
2997,285,BfWJCDuAR0U
2997,285,BfWJCDuAR0U
1580,94,BfVilLvgB6A
1580,94,BfVilLvgB6A
1580,94,BfVilLvgB6A
1580,94,BfVilLvgB6A
1580,94,BfVilLvgB6A
1580,94,BfVilLvgB6A
1580,94,BfVilLvgB6A
1580,94,BfVilLvgB6A
1580,94,BfVilLvgB6A
1580,94,BfVilLvgB6A
1580,94,BfVilLvgB6A
1580,94,BfVilLvgB6A
1580,94,BfVilLvgB6A
1580,94,BfVilLvgB6A
1580,94,BfVilLvgB6A
1580,94,BfVilLvgB6A
1580,94,BfVilLvgB6A
1580,94,BfVilLvgB6A
1580,94,BfVilLvgB6A
1580,94,BfVilLvgB6A
1580,94,BfVilLvgB6A
1580,94,BfVilLvgB6A
1580,94,BfVilLvgB6A
1580,94,BfVilLvgB6A
1580,94,BfVilLvgB6A
1580,94,BfVilLvgB6A
1580,94,BfVilLvgB6A
1580,94,BfVilLvgB6A
1580,94,BfVilLvgB6A
1580,94,BfVilLvgB6A
1580,94,BfVilLvgB6A
1580,94,BfVilLvgB6A
1580,94,BfVilLvgB6A
1580,94,BfVilLvgB6A
1580,94,BfVilLvgB6A
1664,152,BfTkmUdAekM
1664,152,BfTkmUdAekM
1664,152,BfTkmUdAekM
1664,152,BfTkmUdAekM
1664,152,BfTkmUdAekM
1664,152,BfTkmUdAekM
1664,152,BfTkmUdAekM
1664,152,BfTkmUdAekM
1664,152,BfTkmUdAekM
1664,152,BfTkmUdAekM
1664,152,BfTkmUdAekM
1664,152,BfTkmUdAekM
1664,152,BfTkmUdAekM
1664,152,BfTkmUdAekM
1664,152,BfTkmUdAekM
1664,152,BfTkmUdAekM
1664,152,BfTkmUdAekM
1664,152,BfTkmUdAekM
1664,152,BfTkmUdAekM
1664,152,BfTkmUdAekM
1664,152,BfTkmUdAekM
1664,152,BfTkmUdAekM
1664,152,BfTkmUdAekM
1664,152,BfTkmUdAekM
1664,152,BfTkmUdAekM
1664,152,BfTkmUdAekM
1664,152,BfTkmUdAekM
1664,152,BfTkmUdAekM
1664,152,BfTkmUdAekM
1664,152,BfTkmUdAekM
1664,152,BfTkmUdAekM
3442,151,BfS6EGfAgiX
3442,151,BfS6EGfAgiX
3442,151,BfS6EGfAgiX
3442,151,BfS6EGfAgiX
3442,151,BfS6EGfAgiX
3442,151,BfS6EGfAgiX
3442,151,BfS6EGfAgiX
3442,151,BfS6EGfAgiX
3442,151,BfS6EGfAgiX
3442,151,BfS6EGfAgiX
3442,151,BfS6EGfAgiX
3442,151,BfS6EGfAgiX
3442,151,BfS6EGfAgiX
3442,151,BfS6EGfAgiX
3442,151,BfS6EGfAgiX
3442,151,BfS6EGfAgiX
3442,151,BfS6EGfAgiX
3442,151,BfS6EGfAgiX
3442,151,BfS6EGfAgiX
3442,151,BfS6EGfAgiX
3442,151,BfS6EGfAgiX
3442,151,BfS6EGfAgiX
3442,151,BfS6EGfAgiX
3442,151,BfS6EGfAgiX
3442,151,BfS6EGfAgiX
3442,151,BfS6EGfAgiX
3442,151,BfS6EGfAgiX
3442,151,BfS6EGfAgiX
3442,151,BfS6EGfAgiX
3442,151,BfS6EGfAgiX
3442,151,BfS6EGfAgiX
3442,151,BfS6EGfAgiX
3442,151,BfS6EGfAgiX
1653,96,BfQAE4igzMW
1653,96,BfQAE4igzMW
1653,96,BfQAE4igzMW
1653,96,BfQAE4igzMW
1653,96,BfQAE4igzMW
1653,96,BfQAE4igzMW
1653,96,BfQAE4igzMW
1653,96,BfQAE4igzMW
1653,96,BfQAE4igzMW
1653,96,BfQAE4igzMW
1653,96,BfQAE4igzMW
1653,96,BfQAE4igzMW
1653,96,BfQAE4igzMW
1653,96,BfQAE4igzMW
1653,96,BfQAE4igzMW
1653,96,BfQAE4igzMW
1653,96,BfQAE4igzMW
1653,96,BfQAE4igzMW
1653,96,BfQAE4igzMW
1653,96,BfQAE4igzMW
1653,96,BfQAE4igzMW
1653,96,BfQAE4igzMW
1653,96,BfQAE4igzMW
1653,96,BfQAE4igzMW
1653,96,BfQAE4igzMW
1653,96,BfQAE4igzMW
1653,96,BfQAE4igzMW
1653,96,BfQAE4igzMW
1653,96,BfQAE4igzMW
1653,96,BfQAE4igzMW
3451,120,BfOT94jAcAc
3451,120,BfOT94jAcAc
3451,120,BfOT94jAcAc
3451,120,BfOT94jAcAc
3451,120,BfOT94jAcAc
3451,120,BfOT94jAcAc
3451,120,BfOT94jAcAc
3451,120,BfOT94jAcAc
3451,120,BfOT94jAcAc
3451,120,BfOT94jAcAc
3451,120,BfOT94jAcAc
3451,120,BfOT94jAcAc
3451,120,BfOT94jAcAc
3451,120,BfOT94jAcAc
3451,120,BfOT94jAcAc
3451,120,BfOT94jAcAc
3451,120,BfOT94jAcAc
3451,120,BfOT94jAcAc
3451,120,BfOT94jAcAc
3451,120,BfOT94jAcAc
3451,120,BfOT94jAcAc
3451,120,BfOT94jAcAc
3451,120,BfOT94jAcAc
3451,120,BfOT94jAcAc
3451,120,BfOT94jAcAc
3451,120,BfOT94jAcAc
3451,120,BfOT94jAcAc
3451,120,BfOT94jAcAc
3451,120,BfOT94jAcAc
3451,120,BfOT94jAcAc
1674,360,BfK89nlA-sd
1674,360,BfK89nlA-sd
1674,360,BfK89nlA-sd
1674,360,BfK89nlA-sd
1674,360,BfK89nlA-sd
1674,360,BfK89nlA-sd
1674,360,BfK89nlA-sd
1674,360,BfK89nlA-sd
1674,360,BfK89nlA-sd
1674,360,BfK89nlA-sd
1674,360,BfK89nlA-sd
1674,360,BfK89nlA-sd
1674,360,BfK89nlA-sd
1674,360,BfK89nlA-sd
1674,360,BfK89nlA-sd
1674,360,BfK89nlA-sd
1674,360,BfK89nlA-sd
1674,360,BfK89nlA-sd
1674,360,BfK89nlA-sd
1674,360,BfK89nlA-sd
1674,360,BfK89nlA-sd
1674,360,BfK89nlA-sd
1674,360,BfK89nlA-sd
1674,360,BfK89nlA-sd
1674,360,BfK89nlA-sd
1674,360,BfK89nlA-sd
1674,360,BfK89nlA-sd
1674,360,BfK89nlA-sd
3217,108,BfJpZnkARPL
3217,108,BfJpZnkARPL
3217,108,BfJpZnkARPL
3217,108,BfJpZnkARPL
3217,108,BfJpZnkARPL
3217,108,BfJpZnkARPL
3217,108,BfJpZnkARPL
3217,108,BfJpZnkARPL
3217,108,BfJpZnkARPL
3217,108,BfJpZnkARPL
3217,108,BfJpZnkARPL
3217,108,BfJpZnkARPL
3217,108,BfJpZnkARPL
3217,108,BfJpZnkARPL
3217,108,BfJpZnkARPL
3217,108,BfJpZnkARPL
3217,108,BfJpZnkARPL
3217,108,BfJpZnkARPL
3217,108,BfJpZnkARPL
3217,108,BfJpZnkARPL
3217,108,BfJpZnkARPL
3217,108,BfJpZnkARPL
3217,108,BfJpZnkARPL
3217,108,BfJpZnkARPL
3217,108,BfJpZnkARPL
3217,108,BfJpZnkARPL
3217,108,BfJpZnkARPL
3217,108,BfJpZnkARPL
3217,108,BfJpZnkARPL
3166,273,BfHN-8uAjvF
3166,273,BfHN-8uAjvF
3166,273,BfHN-8uAjvF
3166,273,BfHN-8uAjvF
3166,273,BfHN-8uAjvF
3166,273,BfHN-8uAjvF
3166,273,BfHN-8uAjvF
3166,273,BfHN-8uAjvF
3166,273,BfHN-8uAjvF
3166,273,BfHN-8uAjvF
3166,273,BfHN-8uAjvF
3166,273,BfHN-8uAjvF
3166,273,BfHN-8uAjvF
3166,273,BfHN-8uAjvF
3166,273,BfHN-8uAjvF
3166,273,BfHN-8uAjvF
3166,273,BfHN-8uAjvF
3166,273,BfHN-8uAjvF
3166,273,BfHN-8uAjvF
3166,273,BfHN-8uAjvF
3166,273,BfHN-8uAjvF
3166,273,BfHN-8uAjvF
3166,273,BfHN-8uAjvF
3166,273,BfHN-8uAjvF
3166,273,BfHN-8uAjvF
3166,273,BfHN-8uAjvF
3166,273,BfHN-8uAjvF
3166,273,BfHN-8uAjvF
3166,273,BfHN-8uAjvF
3166,273,BfHN-8uAjvF
3166,273,BfHN-8uAjvF
1486,129,BfGgmXTg5PZ
1486,129,BfGgmXTg5PZ
1486,129,BfGgmXTg5PZ
1486,129,BfGgmXTg5PZ
1486,129,BfGgmXTg5PZ
1486,129,BfGgmXTg5PZ
1486,129,BfGgmXTg5PZ
1486,129,BfGgmXTg5PZ
1486,129,BfGgmXTg5PZ
1486,129,BfGgmXTg5PZ
1486,129,BfGgmXTg5PZ
1486,129,BfGgmXTg5PZ
1486,129,BfGgmXTg5PZ
1486,129,BfGgmXTg5PZ
1486,129,BfGgmXTg5PZ
1486,129,BfGgmXTg5PZ
1486,129,BfGgmXTg5PZ
1486,129,BfGgmXTg5PZ
1486,129,BfGgmXTg5PZ
1486,129,BfGgmXTg5PZ
1486,129,BfGgmXTg5PZ
1486,129,BfGgmXTg5PZ
1486,129,BfGgmXTg5PZ
1486,129,BfGgmXTg5PZ
1486,129,BfGgmXTg5PZ
1486,129,BfGgmXTg5PZ
1486,129,BfGgmXTg5PZ
1486,129,BfGgmXTg5PZ
1700,123,BfEezK4gzR6
1700,123,BfEezK4gzR6
1700,123,BfEezK4gzR6
1700,123,BfEezK4gzR6
1700,123,BfEezK4gzR6
1700,123,BfEezK4gzR6
1700,123,BfEezK4gzR6
1700,123,BfEezK4gzR6
1700,123,BfEezK4gzR6
1700,123,BfEezK4gzR6
1700,123,BfEezK4gzR6
1700,123,BfEezK4gzR6
1700,123,BfEezK4gzR6
1700,123,BfEezK4gzR6
1700,123,BfEezK4gzR6
1700,123,BfEezK4gzR6
1700,123,BfEezK4gzR6
1700,123,BfEezK4gzR6
1700,123,BfEezK4gzR6
1700,123,BfEezK4gzR6
1700,123,BfEezK4gzR6
1700,123,BfEezK4gzR6
1700,123,BfEezK4gzR6
1700,123,BfEezK4gzR6
1700,123,BfEezK4gzR6
1700,123,BfEezK4gzR6
1700,123,BfEezK4gzR6
1700,123,BfEezK4gzR6
1700,123,BfEezK4gzR6
1700,123,BfEezK4gzR6
1700,123,BfEezK4gzR6
1700,123,BfEezK4gzR6
1700,123,BfEezK4gzR6
1700,123,BfEezK4gzR6
4546,171,BfDx8npAI1P
4546,171,BfDx8npAI1P
4546,171,BfDx8npAI1P
4546,171,BfDx8npAI1P
4546,171,BfDx8npAI1P
4546,171,BfDx8npAI1P
4546,171,BfDx8npAI1P
4546,171,BfDx8npAI1P
4546,171,BfDx8npAI1P
4546,171,BfDx8npAI1P
4546,171,BfDx8npAI1P
4546,171,BfDx8npAI1P
4546,171,BfDx8npAI1P
4546,171,BfDx8npAI1P
4546,171,BfDx8npAI1P
4546,171,BfDx8npAI1P
4546,171,BfDx8npAI1P
4546,171,BfDx8npAI1P
4546,171,BfDx8npAI1P
4546,171,BfDx8npAI1P
4546,171,BfDx8npAI1P
4546,171,BfDx8npAI1P
4546,171,BfDx8npAI1P
4546,171,BfDx8npAI1P
4546,171,BfDx8npAI1P
4546,171,BfDx8npAI1P
4546,171,BfDx8npAI1P
3661,204,BfB0ui-gsyZ
3661,204,BfB0ui-gsyZ
3661,204,BfB0ui-gsyZ
3661,204,BfB0ui-gsyZ
3661,204,BfB0ui-gsyZ
3661,204,BfB0ui-gsyZ
3661,204,BfB0ui-gsyZ
3661,204,BfB0ui-gsyZ
3661,204,BfB0ui-gsyZ
3661,204,BfB0ui-gsyZ
3661,204,BfB0ui-gsyZ
3661,204,BfB0ui-gsyZ
3661,204,BfB0ui-gsyZ
3661,204,BfB0ui-gsyZ
3661,204,BfB0ui-gsyZ
3661,204,BfB0ui-gsyZ
3661,204,BfB0ui-gsyZ
3661,204,BfB0ui-gsyZ
3661,204,BfB0ui-gsyZ
3661,204,BfB0ui-gsyZ
3661,204,BfB0ui-gsyZ
3661,204,BfB0ui-gsyZ
3661,204,BfB0ui-gsyZ
3661,204,BfB0ui-gsyZ
3661,204,BfB0ui-gsyZ
3661,204,BfB0ui-gsyZ
3661,204,BfB0ui-gsyZ
3661,204,BfB0ui-gsyZ
3661,204,BfB0ui-gsyZ
3661,204,BfB0ui-gsyZ
3661,204,BfB0ui-gsyZ
3661,204,BfB0ui-gsyZ
2205,209,Be7_8NaAg8G
2205,209,Be7_8NaAg8G
2205,209,Be7_8NaAg8G
2205,209,Be7_8NaAg8G
2205,209,Be7_8NaAg8G
2205,209,Be7_8NaAg8G
2205,209,Be7_8NaAg8G
2205,209,Be7_8NaAg8G
2205,209,Be7_8NaAg8G
2205,209,Be7_8NaAg8G
2205,209,Be7_8NaAg8G
2205,209,Be7_8NaAg8G
2205,209,Be7_8NaAg8G
2205,209,Be7_8NaAg8G
2205,209,Be7_8NaAg8G
2205,209,Be7_8NaAg8G
2205,209,Be7_8NaAg8G
2205,209,Be7_8NaAg8G
2205,209,Be7_8NaAg8G
2205,209,Be7_8NaAg8G
2205,209,Be7_8NaAg8G
2205,209,Be7_8NaAg8G
2205,209,Be7_8NaAg8G
2205,209,Be7_8NaAg8G
2205,209,Be7_8NaAg8G
2205,209,Be7_8NaAg8G
2205,209,Be7_8NaAg8G
2205,209,Be7_8NaAg8G
2205,209,Be7_8NaAg8G
2205,209,Be7_8NaAg8G
4768,209,Be6R1YKAp3d
4768,209,Be6R1YKAp3d
4768,209,Be6R1YKAp3d
4768,209,Be6R1YKAp3d
4768,209,Be6R1YKAp3d
4768,209,Be6R1YKAp3d
4768,209,Be6R1YKAp3d
4768,209,Be6R1YKAp3d
4768,209,Be6R1YKAp3d
4768,209,Be6R1YKAp3d
4768,209,Be6R1YKAp3d
4768,209,Be6R1YKAp3d
4768,209,Be6R1YKAp3d
4768,209,Be6R1YKAp3d
4768,209,Be6R1YKAp3d
4768,209,Be6R1YKAp3d
4768,209,Be6R1YKAp3d
4768,209,Be6R1YKAp3d
4768,209,Be6R1YKAp3d
4768,209,Be6R1YKAp3d
4768,209,Be6R1YKAp3d
4768,209,Be6R1YKAp3d
4768,209,Be6R1YKAp3d
4768,209,Be6R1YKAp3d
4768,209,Be6R1YKAp3d
4768,209,Be6R1YKAp3d
4768,209,Be6R1YKAp3d
4768,209,Be6R1YKAp3d
4768,209,Be6R1YKAp3d
7782,253,Be3r7IYA2A5
7782,253,Be3r7IYA2A5
7782,253,Be3r7IYA2A5
7782,253,Be3r7IYA2A5
7782,253,Be3r7IYA2A5
7782,253,Be3r7IYA2A5
7782,253,Be3r7IYA2A5
7782,253,Be3r7IYA2A5
7782,253,Be3r7IYA2A5
7782,253,Be3r7IYA2A5
7782,253,Be3r7IYA2A5
7782,253,Be3r7IYA2A5
7782,253,Be3r7IYA2A5
7782,253,Be3r7IYA2A5
7782,253,Be3r7IYA2A5
7782,253,Be3r7IYA2A5
7782,253,Be3r7IYA2A5
7782,253,Be3r7IYA2A5
7782,253,Be3r7IYA2A5
7782,253,Be3r7IYA2A5
7782,253,Be3r7IYA2A5
7782,253,Be3r7IYA2A5
7782,253,Be3r7IYA2A5
7782,253,Be3r7IYA2A5
7782,253,Be3r7IYA2A5
7782,253,Be3r7IYA2A5
7782,253,Be3r7IYA2A5
7782,253,Be3r7IYA2A5
7782,253,Be3r7IYA2A5
7782,253,Be3r7IYA2A5
7782,253,Be3r7IYA2A5
7782,253,Be3r7IYA2A5
3074,168,Be04qbfghGS
3074,168,Be04qbfghGS
3074,168,Be04qbfghGS
3074,168,Be04qbfghGS
3074,168,Be04qbfghGS
3074,168,Be04qbfghGS
3074,168,Be04qbfghGS
3074,168,Be04qbfghGS
3074,168,Be04qbfghGS
3074,168,Be04qbfghGS
3074,168,Be04qbfghGS
3074,168,Be04qbfghGS
3074,168,Be04qbfghGS
3074,168,Be04qbfghGS
3074,168,Be04qbfghGS
3074,168,Be04qbfghGS
3074,168,Be04qbfghGS
3074,168,Be04qbfghGS
3074,168,Be04qbfghGS
3074,168,Be04qbfghGS
3074,168,Be04qbfghGS
3074,168,Be04qbfghGS
3074,168,Be04qbfghGS
3074,168,Be04qbfghGS
3280,209,BexakkPAhPA
3280,209,BexakkPAhPA
3280,209,BexakkPAhPA
3280,209,BexakkPAhPA
3280,209,BexakkPAhPA
3280,209,BexakkPAhPA
3280,209,BexakkPAhPA
3280,209,BexakkPAhPA
3280,209,BexakkPAhPA
3280,209,BexakkPAhPA
3280,209,BexakkPAhPA
3280,209,BexakkPAhPA
3280,209,BexakkPAhPA
3280,209,BexakkPAhPA
3280,209,BexakkPAhPA
3280,209,BexakkPAhPA
3280,209,BexakkPAhPA
3280,209,BexakkPAhPA
3280,209,BexakkPAhPA
3280,209,BexakkPAhPA
3280,209,BexakkPAhPA
3280,209,BexakkPAhPA
3280,209,BexakkPAhPA
3280,209,BexakkPAhPA
3280,209,BexakkPAhPA
3280,209,BexakkPAhPA
3280,209,BexakkPAhPA
3280,209,BexakkPAhPA
3280,209,BexakkPAhPA
2153,201,Bev70L4ANbr
2153,201,Bev70L4ANbr
2153,201,Bev70L4ANbr
2153,201,Bev70L4ANbr
2153,201,Bev70L4ANbr
2153,201,Bev70L4ANbr
2153,201,Bev70L4ANbr
2153,201,Bev70L4ANbr
2153,201,Bev70L4ANbr
2153,201,Bev70L4ANbr
2153,201,Bev70L4ANbr
2153,201,Bev70L4ANbr
2153,201,Bev70L4ANbr
2153,201,Bev70L4ANbr
2153,201,Bev70L4ANbr
2153,201,Bev70L4ANbr
2153,201,Bev70L4ANbr
2153,201,Bev70L4ANbr
2153,201,Bev70L4ANbr
2153,201,Bev70L4ANbr
2153,201,Bev70L4ANbr
2153,201,Bev70L4ANbr
2153,201,Bev70L4ANbr
2153,201,Bev70L4ANbr
2153,201,Bev70L4ANbr
2153,201,Bev70L4ANbr
2153,201,Bev70L4ANbr
2153,201,Bev70L4ANbr
2153,201,Bev70L4ANbr
2153,201,Bev70L4ANbr
2153,201,Bev70L4ANbr
2153,201,Bev70L4ANbr
3242,227,BevO01ogpli
3242,227,BevO01ogpli
3242,227,BevO01ogpli
3242,227,BevO01ogpli
3242,227,BevO01ogpli
3242,227,BevO01ogpli
3242,227,BevO01ogpli
3242,227,BevO01ogpli
3242,227,BevO01ogpli
3242,227,BevO01ogpli
3242,227,BevO01ogpli
3242,227,BevO01ogpli
3242,227,BevO01ogpli
3242,227,BevO01ogpli
3242,227,BevO01ogpli
3242,227,BevO01ogpli
3242,227,BevO01ogpli
3242,227,BevO01ogpli
3242,227,BevO01ogpli
3242,227,BevO01ogpli
3242,227,BevO01ogpli
3242,227,BevO01ogpli
3242,227,BevO01ogpli
3242,227,BevO01ogpli
3242,227,BevO01ogpli
3242,227,BevO01ogpli
3242,227,BevO01ogpli
3242,227,BevO01ogpli
3242,227,BevO01ogpli
3242,227,BevO01ogpli
3242,227,BevO01ogpli
4077,333,Betf5SXgzJv
4077,333,Betf5SXgzJv
4077,333,Betf5SXgzJv
4077,333,Betf5SXgzJv
4077,333,Betf5SXgzJv
4077,333,Betf5SXgzJv
4077,333,Betf5SXgzJv
4077,333,Betf5SXgzJv
4077,333,Betf5SXgzJv
4077,333,Betf5SXgzJv
4077,333,Betf5SXgzJv
4077,333,Betf5SXgzJv
4077,333,Betf5SXgzJv
4077,333,Betf5SXgzJv
4077,333,Betf5SXgzJv
4077,333,Betf5SXgzJv
4077,333,Betf5SXgzJv
4077,333,Betf5SXgzJv
4077,333,Betf5SXgzJv
4077,333,Betf5SXgzJv
4077,333,Betf5SXgzJv
4077,333,Betf5SXgzJv
4077,333,Betf5SXgzJv
4077,333,Betf5SXgzJv
4077,333,Betf5SXgzJv
4077,333,Betf5SXgzJv
4077,333,Betf5SXgzJv
4077,333,Betf5SXgzJv
4077,333,Betf5SXgzJv
4077,333,Betf5SXgzJv
4077,333,Betf5SXgzJv
2167,194,BesKvqKAyWK
2167,194,BesKvqKAyWK
2167,194,BesKvqKAyWK
2167,194,BesKvqKAyWK
2167,194,BesKvqKAyWK
2167,194,BesKvqKAyWK
2167,194,BesKvqKAyWK
2167,194,BesKvqKAyWK
2167,194,BesKvqKAyWK
2167,194,BesKvqKAyWK
2167,194,BesKvqKAyWK
2167,194,BesKvqKAyWK
2167,194,BesKvqKAyWK
2167,194,BesKvqKAyWK
2167,194,BesKvqKAyWK
2167,194,BesKvqKAyWK
2167,194,BesKvqKAyWK
2167,194,BesKvqKAyWK
2167,194,BesKvqKAyWK
2167,194,BesKvqKAyWK
2167,194,BesKvqKAyWK
2167,194,BesKvqKAyWK
2167,194,BesKvqKAyWK
2167,194,BesKvqKAyWK
2167,194,BesKvqKAyWK
2167,194,BesKvqKAyWK
2167,194,BesKvqKAyWK
2167,194,BesKvqKAyWK
2167,194,BesKvqKAyWK
2167,194,BesKvqKAyWK
2167,194,BesKvqKAyWK
2167,194,BesKvqKAyWK
4100,256,BeqVExiA_Du
4100,256,BeqVExiA_Du
4100,256,BeqVExiA_Du
4100,256,BeqVExiA_Du
4100,256,BeqVExiA_Du
4100,256,BeqVExiA_Du
4100,256,BeqVExiA_Du
4100,256,BeqVExiA_Du
4100,256,BeqVExiA_Du
4100,256,BeqVExiA_Du
4100,256,BeqVExiA_Du
4100,256,BeqVExiA_Du
4100,256,BeqVExiA_Du
4100,256,BeqVExiA_Du
4100,256,BeqVExiA_Du
4100,256,BeqVExiA_Du
4100,256,BeqVExiA_Du
4100,256,BeqVExiA_Du
4100,256,BeqVExiA_Du
4100,256,BeqVExiA_Du
4100,256,BeqVExiA_Du
4100,256,BeqVExiA_Du
4100,256,BeqVExiA_Du
4100,256,BeqVExiA_Du
4100,256,BeqVExiA_Du
4100,256,BeqVExiA_Du
4100,256,BeqVExiA_Du
4100,256,BeqVExiA_Du
4100,256,BeqVExiA_Du
4100,256,BeqVExiA_Du
8069,522,BekxE8LAWZS
8069,522,BekxE8LAWZS
8069,522,BekxE8LAWZS
8069,522,BekxE8LAWZS
8069,522,BekxE8LAWZS
8069,522,BekxE8LAWZS
8069,522,BekxE8LAWZS
8069,522,BekxE8LAWZS
8069,522,BekxE8LAWZS
8069,522,BekxE8LAWZS
8069,522,BekxE8LAWZS
8069,522,BekxE8LAWZS
8069,522,BekxE8LAWZS
8069,522,BekxE8LAWZS
8069,522,BekxE8LAWZS
8069,522,BekxE8LAWZS
8069,522,BekxE8LAWZS
8069,522,BekxE8LAWZS
8069,522,BekxE8LAWZS
8069,522,BekxE8LAWZS
8069,522,BekxE8LAWZS
8069,522,BekxE8LAWZS
8069,522,BekxE8LAWZS
9341,619,BegPB2IgoAC
9341,619,BegPB2IgoAC
9341,619,BegPB2IgoAC
9341,619,BegPB2IgoAC
9341,619,BegPB2IgoAC
9341,619,BegPB2IgoAC
9341,619,BegPB2IgoAC
9341,619,BegPB2IgoAC
9341,619,BegPB2IgoAC
9341,619,BegPB2IgoAC
9341,619,BegPB2IgoAC
9341,619,BegPB2IgoAC
9341,619,BegPB2IgoAC
9341,619,BegPB2IgoAC
9341,619,BegPB2IgoAC
9341,619,BegPB2IgoAC
9341,619,BegPB2IgoAC
9341,619,BegPB2IgoAC
9341,619,BegPB2IgoAC
9341,619,BegPB2IgoAC
9341,619,BegPB2IgoAC
9341,619,BegPB2IgoAC
9341,619,BegPB2IgoAC
9341,619,BegPB2IgoAC
9341,619,BegPB2IgoAC
9341,619,BegPB2IgoAC
9341,619,BegPB2IgoAC
9341,619,BegPB2IgoAC
9341,619,BegPB2IgoAC
3929,567,BeS_crDg5-N
3929,567,BeS_crDg5-N
3929,567,BeS_crDg5-N
3929,567,BeS_crDg5-N
3929,567,BeS_crDg5-N
3929,567,BeS_crDg5-N
3929,567,BeS_crDg5-N
3929,567,BeS_crDg5-N
3929,567,BeS_crDg5-N
3929,567,BeS_crDg5-N
3929,567,BeS_crDg5-N
3929,567,BeS_crDg5-N
3929,567,BeS_crDg5-N
3929,567,BeS_crDg5-N
3929,567,BeS_crDg5-N
3929,567,BeS_crDg5-N
3929,567,BeS_crDg5-N
3929,567,BeS_crDg5-N
3929,567,BeS_crDg5-N
3929,567,BeS_crDg5-N
3929,567,BeS_crDg5-N
3929,567,BeS_crDg5-N
3929,567,BeS_crDg5-N
2714,305,BeOLsj4ATPh
2714,305,BeOLsj4ATPh
2714,305,BeOLsj4ATPh
2714,305,BeOLsj4ATPh
2714,305,BeOLsj4ATPh
2714,305,BeOLsj4ATPh
2714,305,BeOLsj4ATPh
2714,305,BeOLsj4ATPh
2714,305,BeOLsj4ATPh
2714,305,BeOLsj4ATPh
2714,305,BeOLsj4ATPh
2714,305,BeOLsj4ATPh
2714,305,BeOLsj4ATPh
2714,305,BeOLsj4ATPh
2714,305,BeOLsj4ATPh
2714,305,BeOLsj4ATPh
2714,305,BeOLsj4ATPh
2714,305,BeOLsj4ATPh
2714,305,BeOLsj4ATPh
2714,305,BeOLsj4ATPh
2714,305,BeOLsj4ATPh
2714,305,BeOLsj4ATPh
2714,305,BeOLsj4ATPh
2714,305,BeOLsj4ATPh
2714,305,BeOLsj4ATPh
5564,338,BeNjOdkAl2s
5564,338,BeNjOdkAl2s
5564,338,BeNjOdkAl2s
5564,338,BeNjOdkAl2s
5564,338,BeNjOdkAl2s
5564,338,BeNjOdkAl2s
5564,338,BeNjOdkAl2s
5564,338,BeNjOdkAl2s
5564,338,BeNjOdkAl2s
5564,338,BeNjOdkAl2s
5564,338,BeNjOdkAl2s
5564,338,BeNjOdkAl2s
5564,338,BeNjOdkAl2s
5564,338,BeNjOdkAl2s
5564,338,BeNjOdkAl2s
5564,338,BeNjOdkAl2s
5564,338,BeNjOdkAl2s
5564,338,BeNjOdkAl2s
5564,338,BeNjOdkAl2s
5564,338,BeNjOdkAl2s
5564,338,BeNjOdkAl2s
2881,196,BeLxCHagKJ6
2881,196,BeLxCHagKJ6
2881,196,BeLxCHagKJ6
2881,196,BeLxCHagKJ6
2881,196,BeLxCHagKJ6
2881,196,BeLxCHagKJ6
2881,196,BeLxCHagKJ6
2881,196,BeLxCHagKJ6
2881,196,BeLxCHagKJ6
2881,196,BeLxCHagKJ6
2881,196,BeLxCHagKJ6
2881,196,BeLxCHagKJ6
2881,196,BeLxCHagKJ6
2881,196,BeLxCHagKJ6
2881,196,BeLxCHagKJ6
2881,196,BeLxCHagKJ6
2881,196,BeLxCHagKJ6
2881,196,BeLxCHagKJ6
2881,196,BeLxCHagKJ6
2881,196,BeLxCHagKJ6
2881,196,BeLxCHagKJ6
2881,196,BeLxCHagKJ6
2881,196,BeLxCHagKJ6
2881,196,BeLxCHagKJ6
2881,196,BeLxCHagKJ6
4435,130,BeLb2l0Adzs
4435,130,BeLb2l0Adzs
4435,130,BeLb2l0Adzs
4435,130,BeLb2l0Adzs
4435,130,BeLb2l0Adzs
4435,130,BeLb2l0Adzs
4435,130,BeLb2l0Adzs
4435,130,BeLb2l0Adzs
4435,130,BeLb2l0Adzs
4435,130,BeLb2l0Adzs
4435,130,BeLb2l0Adzs
4435,130,BeLb2l0Adzs
4435,130,BeLb2l0Adzs
4435,130,BeLb2l0Adzs
4435,130,BeLb2l0Adzs
4435,130,BeLb2l0Adzs
4435,130,BeLb2l0Adzs
4435,130,BeLb2l0Adzs
4435,130,BeLb2l0Adzs
4435,130,BeLb2l0Adzs
4435,130,BeLb2l0Adzs
4435,130,BeLb2l0Adzs
2693,279,BeIrejig_im
2693,279,BeIrejig_im
2693,279,BeIrejig_im
2693,279,BeIrejig_im
2693,279,BeIrejig_im
2693,279,BeIrejig_im
2693,279,BeIrejig_im
2693,279,BeIrejig_im
2693,279,BeIrejig_im
2693,279,BeIrejig_im
2693,279,BeIrejig_im
2693,279,BeIrejig_im
2693,279,BeIrejig_im
2693,279,BeIrejig_im
2693,279,BeIrejig_im
2693,279,BeIrejig_im
2693,279,BeIrejig_im
2693,279,BeIrejig_im
2693,279,BeIrejig_im
2693,279,BeIrejig_im
2693,279,BeIrejig_im
2693,279,BeIrejig_im
2693,279,BeIrejig_im
2693,279,BeIrejig_im
2693,279,BeIrejig_im
2693,279,BeIrejig_im
2693,279,BeIrejig_im
2693,279,BeIrejig_im
2693,279,BeIrejig_im
2693,279,BeIrejig_im
3957,469,BeHy4ACgbdU
3957,469,BeHy4ACgbdU
3957,469,BeHy4ACgbdU
3957,469,BeHy4ACgbdU
3957,469,BeHy4ACgbdU
3957,469,BeHy4ACgbdU
3957,469,BeHy4ACgbdU
3957,469,BeHy4ACgbdU
3957,469,BeHy4ACgbdU
3957,469,BeHy4ACgbdU
3957,469,BeHy4ACgbdU
3957,469,BeHy4ACgbdU
3957,469,BeHy4ACgbdU
3957,469,BeHy4ACgbdU
3957,469,BeHy4ACgbdU
3957,469,BeHy4ACgbdU
3957,469,BeHy4ACgbdU
3957,469,BeHy4ACgbdU
3957,469,BeHy4ACgbdU
3957,469,BeHy4ACgbdU
3957,469,BeHy4ACgbdU
3957,469,BeHy4ACgbdU
3957,469,BeHy4ACgbdU
3957,469,BeHy4ACgbdU
3957,469,BeHy4ACgbdU
3357,152,BeAi4q0gufG
3357,152,BeAi4q0gufG
3357,152,BeAi4q0gufG
3357,152,BeAi4q0gufG
3357,152,BeAi4q0gufG
3357,152,BeAi4q0gufG
3357,152,BeAi4q0gufG
3357,152,BeAi4q0gufG
3357,152,BeAi4q0gufG
3357,152,BeAi4q0gufG
3357,152,BeAi4q0gufG
3357,152,BeAi4q0gufG
3357,152,BeAi4q0gufG
3357,152,BeAi4q0gufG
3357,152,BeAi4q0gufG
3357,152,BeAi4q0gufG
3357,152,BeAi4q0gufG
3357,152,BeAi4q0gufG
3357,152,BeAi4q0gufG
3357,152,BeAi4q0gufG
3357,152,BeAi4q0gufG
3357,152,BeAi4q0gufG
3357,152,BeAi4q0gufG
3357,152,BeAi4q0gufG
7525,839,BeAWW5lgVyx
7525,839,BeAWW5lgVyx
7525,839,BeAWW5lgVyx
7525,839,BeAWW5lgVyx
7525,839,BeAWW5lgVyx
7525,839,BeAWW5lgVyx
7525,839,BeAWW5lgVyx
7525,839,BeAWW5lgVyx
7525,839,BeAWW5lgVyx
7525,839,BeAWW5lgVyx
7525,839,BeAWW5lgVyx
7525,839,BeAWW5lgVyx
7525,839,BeAWW5lgVyx
7525,839,BeAWW5lgVyx
7525,839,BeAWW5lgVyx
7525,839,BeAWW5lgVyx
7525,839,BeAWW5lgVyx
7525,839,BeAWW5lgVyx
7525,839,BeAWW5lgVyx
7525,839,BeAWW5lgVyx
7525,839,BeAWW5lgVyx
7525,839,BeAWW5lgVyx
4304,224,Bd-NTyJgKuX
4304,224,Bd-NTyJgKuX
4304,224,Bd-NTyJgKuX
4304,224,Bd-NTyJgKuX
4304,224,Bd-NTyJgKuX
4304,224,Bd-NTyJgKuX
4304,224,Bd-NTyJgKuX
4304,224,Bd-NTyJgKuX
4304,224,Bd-NTyJgKuX
4304,224,Bd-NTyJgKuX
4304,224,Bd-NTyJgKuX
4304,224,Bd-NTyJgKuX
4304,224,Bd-NTyJgKuX
4304,224,Bd-NTyJgKuX
4304,224,Bd-NTyJgKuX
4304,224,Bd-NTyJgKuX
4304,224,Bd-NTyJgKuX
4304,224,Bd-NTyJgKuX
4304,224,Bd-NTyJgKuX
4304,224,Bd-NTyJgKuX
4304,224,Bd-NTyJgKuX
4304,224,Bd-NTyJgKuX
4304,224,Bd-NTyJgKuX
4304,224,Bd-NTyJgKuX
4304,224,Bd-NTyJgKuX
4304,224,Bd-NTyJgKuX
4304,224,Bd-NTyJgKuX
4304,224,Bd-NTyJgKuX
6915,383,Bd7BnniAsKE
6915,383,Bd7BnniAsKE
6915,383,Bd7BnniAsKE
6915,383,Bd7BnniAsKE
6915,383,Bd7BnniAsKE
6915,383,Bd7BnniAsKE
6915,383,Bd7BnniAsKE
6915,383,Bd7BnniAsKE
6915,383,Bd7BnniAsKE
6915,383,Bd7BnniAsKE
6915,383,Bd7BnniAsKE
6915,383,Bd7BnniAsKE
6915,383,Bd7BnniAsKE
6915,383,Bd7BnniAsKE
6915,383,Bd7BnniAsKE
6915,383,Bd7BnniAsKE
6915,383,Bd7BnniAsKE
6915,383,Bd7BnniAsKE
6915,383,Bd7BnniAsKE
6915,383,Bd7BnniAsKE
6915,383,Bd7BnniAsKE
6915,383,Bd7BnniAsKE
6915,383,Bd7BnniAsKE
6915,383,Bd7BnniAsKE
6915,383,Bd7BnniAsKE
6915,383,Bd7BnniAsKE
6915,383,Bd7BnniAsKE
6915,383,Bd7BnniAsKE
6915,383,Bd7BnniAsKE
6915,383,Bd7BnniAsKE
6915,383,Bd7BnniAsKE
6915,383,Bd7BnniAsKE
3576,371,Bd5IsdPAieb
3576,371,Bd5IsdPAieb
3576,371,Bd5IsdPAieb
3576,371,Bd5IsdPAieb
3576,371,Bd5IsdPAieb
3576,371,Bd5IsdPAieb
3576,371,Bd5IsdPAieb
3576,371,Bd5IsdPAieb
3576,371,Bd5IsdPAieb
3576,371,Bd5IsdPAieb
3576,371,Bd5IsdPAieb
3576,371,Bd5IsdPAieb
3576,371,Bd5IsdPAieb
3576,371,Bd5IsdPAieb
3576,371,Bd5IsdPAieb
3576,371,Bd5IsdPAieb
3576,371,Bd5IsdPAieb
3576,371,Bd5IsdPAieb
3576,371,Bd5IsdPAieb
3576,371,Bd5IsdPAieb
3576,371,Bd5IsdPAieb
3576,371,Bd5IsdPAieb
3576,371,Bd5IsdPAieb
3576,371,Bd5IsdPAieb
16123,1547,BdyaSuyAz_b
16123,1547,BdyaSuyAz_b
16123,1547,BdyaSuyAz_b
16123,1547,BdyaSuyAz_b
16123,1547,BdyaSuyAz_b
16123,1547,BdyaSuyAz_b
16123,1547,BdyaSuyAz_b
16123,1547,BdyaSuyAz_b
16123,1547,BdyaSuyAz_b
16123,1547,BdyaSuyAz_b
16123,1547,BdyaSuyAz_b
16123,1547,BdyaSuyAz_b
16123,1547,BdyaSuyAz_b
16123,1547,BdyaSuyAz_b
16123,1547,BdyaSuyAz_b
16123,1547,BdyaSuyAz_b
16123,1547,BdyaSuyAz_b
16123,1547,BdyaSuyAz_b
16123,1547,BdyaSuyAz_b
16123,1547,BdyaSuyAz_b
16123,1547,BdyaSuyAz_b
16123,1547,BdyaSuyAz_b
16123,1547,BdyaSuyAz_b
16123,1547,BdyaSuyAz_b
16123,1547,BdyaSuyAz_b
16123,1547,BdyaSuyAz_b
16123,1547,BdyaSuyAz_b
16123,1547,BdyaSuyAz_b
16123,1547,BdyaSuyAz_b
16123,1547,BdyaSuyAz_b
16123,1547,BdyaSuyAz_b
16123,1547,BdyaSuyAz_b
16123,1547,BdyaSuyAz_b
16123,1547,BdyaSuyAz_b
16123,1547,BdyaSuyAz_b
2972,1124,BdulFfzAUvD
2972,1124,BdulFfzAUvD
2972,1124,BdulFfzAUvD
2972,1124,BdulFfzAUvD
2972,1124,BdulFfzAUvD
2972,1124,BdulFfzAUvD
2972,1124,BdulFfzAUvD
2972,1124,BdulFfzAUvD
2972,1124,BdulFfzAUvD
2972,1124,BdulFfzAUvD
2972,1124,BdulFfzAUvD
2972,1124,BdulFfzAUvD
2972,1124,BdulFfzAUvD
2972,1124,BdulFfzAUvD
2972,1124,BdulFfzAUvD
2972,1124,BdulFfzAUvD
2972,1124,BdulFfzAUvD
2972,1124,BdulFfzAUvD
2972,1124,BdulFfzAUvD
2972,1124,BdulFfzAUvD
2972,1124,BdulFfzAUvD
2972,1124,BdulFfzAUvD
2972,1124,BdulFfzAUvD
2972,1124,BdulFfzAUvD
2972,1124,BdulFfzAUvD
2972,1124,BdulFfzAUvD
2972,1124,BdulFfzAUvD
3631,306,BduE-ypgOk-
3631,306,BduE-ypgOk-
3631,306,BduE-ypgOk-
3631,306,BduE-ypgOk-
3631,306,BduE-ypgOk-
3631,306,BduE-ypgOk-
3631,306,BduE-ypgOk-
3631,306,BduE-ypgOk-
3631,306,BduE-ypgOk-
3631,306,BduE-ypgOk-
3631,306,BduE-ypgOk-
3631,306,BduE-ypgOk-
3631,306,BduE-ypgOk-
3631,306,BduE-ypgOk-
3631,306,BduE-ypgOk-
3631,306,BduE-ypgOk-
3631,306,BduE-ypgOk-
3631,306,BduE-ypgOk-
3631,306,BduE-ypgOk-
3631,306,BduE-ypgOk-
3631,306,BduE-ypgOk-
3631,306,BduE-ypgOk-
3631,306,BduE-ypgOk-
3631,306,BduE-ypgOk-
3631,306,BduE-ypgOk-
3631,306,BduE-ypgOk-
3631,306,BduE-ypgOk-
3631,306,BduE-ypgOk-
3631,306,BduE-ypgOk-
3631,306,BduE-ypgOk-
3631,306,BduE-ypgOk-
3631,306,BduE-ypgOk-
4012,277,BdmmR2QAfld
4012,277,BdmmR2QAfld
4012,277,BdmmR2QAfld
4012,277,BdmmR2QAfld
4012,277,BdmmR2QAfld
4012,277,BdmmR2QAfld
4012,277,BdmmR2QAfld
4012,277,BdmmR2QAfld
4012,277,BdmmR2QAfld
4012,277,BdmmR2QAfld
4012,277,BdmmR2QAfld
4012,277,BdmmR2QAfld
4012,277,BdmmR2QAfld
4012,277,BdmmR2QAfld
6772,303,BdlWo3ygU0K
6772,303,BdlWo3ygU0K
6772,303,BdlWo3ygU0K
6772,303,BdlWo3ygU0K
6772,303,BdlWo3ygU0K
6772,303,BdlWo3ygU0K
6772,303,BdlWo3ygU0K
6772,303,BdlWo3ygU0K
6772,303,BdlWo3ygU0K
6772,303,BdlWo3ygU0K
6772,303,BdlWo3ygU0K
6772,303,BdlWo3ygU0K
6772,303,BdlWo3ygU0K
6772,303,BdlWo3ygU0K
6772,303,BdlWo3ygU0K
6772,303,BdlWo3ygU0K
6772,303,BdlWo3ygU0K
6772,303,BdlWo3ygU0K
6772,303,BdlWo3ygU0K
6772,303,BdlWo3ygU0K
6772,303,BdlWo3ygU0K
6772,303,BdlWo3ygU0K
6772,303,BdlWo3ygU0K
6772,303,BdlWo3ygU0K
6772,303,BdlWo3ygU0K
6772,303,BdlWo3ygU0K
6462,442,BdkGM3sAtSt
6462,442,BdkGM3sAtSt
6462,442,BdkGM3sAtSt
6462,442,BdkGM3sAtSt
6462,442,BdkGM3sAtSt
6462,442,BdkGM3sAtSt
6462,442,BdkGM3sAtSt
6462,442,BdkGM3sAtSt
6462,442,BdkGM3sAtSt
6462,442,BdkGM3sAtSt
6462,442,BdkGM3sAtSt
6462,442,BdkGM3sAtSt
6462,442,BdkGM3sAtSt
6462,442,BdkGM3sAtSt
6462,442,BdkGM3sAtSt
6462,442,BdkGM3sAtSt
6462,442,BdkGM3sAtSt
6462,442,BdkGM3sAtSt
6462,442,BdkGM3sAtSt
6462,442,BdkGM3sAtSt
6462,442,BdkGM3sAtSt
6462,442,BdkGM3sAtSt
6462,442,BdkGM3sAtSt
8283,963,Bdfsl90ANpP
8283,963,Bdfsl90ANpP
8283,963,Bdfsl90ANpP
8283,963,Bdfsl90ANpP
8283,963,Bdfsl90ANpP
8283,963,Bdfsl90ANpP
8283,963,Bdfsl90ANpP
8283,963,Bdfsl90ANpP
8283,963,Bdfsl90ANpP
8283,963,Bdfsl90ANpP
8283,963,Bdfsl90ANpP
8283,963,Bdfsl90ANpP
8283,963,Bdfsl90ANpP
8283,963,Bdfsl90ANpP
8283,963,Bdfsl90ANpP
8283,963,Bdfsl90ANpP
8283,963,Bdfsl90ANpP
8283,963,Bdfsl90ANpP
8283,963,Bdfsl90ANpP
8283,963,Bdfsl90ANpP
8283,963,Bdfsl90ANpP
8283,963,Bdfsl90ANpP
8283,963,Bdfsl90ANpP
8283,963,Bdfsl90ANpP
8283,963,Bdfsl90ANpP
8283,963,Bdfsl90ANpP
8283,963,Bdfsl90ANpP
8283,963,Bdfsl90ANpP
8283,963,Bdfsl90ANpP
8283,963,Bdfsl90ANpP
6341,1265,BdaoT93A8Ci
6341,1265,BdaoT93A8Ci
6341,1265,BdaoT93A8Ci
6341,1265,BdaoT93A8Ci
6341,1265,BdaoT93A8Ci
6341,1265,BdaoT93A8Ci
6341,1265,BdaoT93A8Ci
6341,1265,BdaoT93A8Ci
6341,1265,BdaoT93A8Ci
6341,1265,BdaoT93A8Ci
6341,1265,BdaoT93A8Ci
6341,1265,BdaoT93A8Ci
6341,1265,BdaoT93A8Ci
6341,1265,BdaoT93A8Ci
6341,1265,BdaoT93A8Ci
6341,1265,BdaoT93A8Ci
6341,1265,BdaoT93A8Ci
6341,1265,BdaoT93A8Ci
6341,1265,BdaoT93A8Ci
6341,1265,BdaoT93A8Ci
6341,1265,BdaoT93A8Ci
6341,1265,BdaoT93A8Ci
6341,1265,BdaoT93A8Ci
6341,1265,BdaoT93A8Ci
6341,1265,BdaoT93A8Ci
6774,1359,BdZt4k-A4dQ
6774,1359,BdZt4k-A4dQ
6774,1359,BdZt4k-A4dQ
6774,1359,BdZt4k-A4dQ
6774,1359,BdZt4k-A4dQ
6774,1359,BdZt4k-A4dQ
6774,1359,BdZt4k-A4dQ
6774,1359,BdZt4k-A4dQ
6774,1359,BdZt4k-A4dQ
6774,1359,BdZt4k-A4dQ
6774,1359,BdZt4k-A4dQ
6774,1359,BdZt4k-A4dQ
6774,1359,BdZt4k-A4dQ
6774,1359,BdZt4k-A4dQ
6774,1359,BdZt4k-A4dQ
6774,1359,BdZt4k-A4dQ
6774,1359,BdZt4k-A4dQ
6774,1359,BdZt4k-A4dQ
6774,1359,BdZt4k-A4dQ
6774,1359,BdZt4k-A4dQ
6774,1359,BdZt4k-A4dQ
6774,1359,BdZt4k-A4dQ
6774,1359,BdZt4k-A4dQ
6774,1359,BdZt4k-A4dQ
6774,1359,BdZt4k-A4dQ
