sirmostefa,"ğŸ™Œ","Elegance isn't fashion",90,1032,38
sirmostefa,"ğŸ‘","Elegance isn't fashion",90,1032,38
sirmostefa,"ğŸ™Œ","Elegance isn't fashion",90,1032,38
sirmostefa,"ğŸ™ŒğŸ™Œ","Elegance isn't fashion",90,1032,38
sirmostefa,"ğŸ‘ğŸ‘ğŸ‘","Elegance isn't fashion",90,1032,38
sirmostefa,"ğŸ†’","Elegance isn't fashion",90,1032,38
sirmostefa,"ğŸ™ŒğŸ™ŒğŸ™Œ","Elegance isn't fashion",90,1032,38
sirmostefa,"ğŸ†’","Elegance isn't fashion",90,1032,38
sirmostefa,"ğŸ™ŒğŸ™ŒğŸ™Œ","Elegance isn't fashion",90,1032,38
sirmostefa,"ğŸ™Œ","Elegance isn't fashion",90,1032,38
sirmostefa,"ğŸ”ğŸ”ğŸ”","Elegance isn't fashion",90,1032,38
sirmostefa,"ğŸ‘","Elegance isn't fashion",90,1032,38
sirmostefa,"ğŸ”ğŸ”ğŸ”","Elegance isn't fashion",90,1032,38
sirmostefa,"ğŸ”","Elegance isn't fashion",90,1032,38
sirmostefa,"ğŸ”ğŸ”ğŸ”","Elegance isn't fashion",90,1032,38
sirmostefa,"ğŸ’¯ğŸ”","Elegance isn't fashion",90,1032,38
lag360,"forza silvioooo. flat tax subitooo","ğŸ‡®ğŸ‡¹     ğŸ‡¦ğŸ‡º     ğŸ‡ªğŸ‡¸    ğŸ‡¬ğŸ‡§
Fitness - Lifestyle - Travel
â€¢ ï¼¬ï½ï½ï½„ï½ï½ â€¢",1087,10238,788
_ministero_del_meme_,"@adella.anna voti casapaund, lo faccia per questo paese","ğŸ”¸ğŸ”º[2K]ğŸ”ºğŸ”¸
ğŸ˜µPAGINA DI DEGRADO ASSOLUTOğŸ˜µ
â—¼â—¼â—»â—»â—» 22% TO 5KğŸ”’
ğŸ”²Post di me***a
ğŸ”²Membro di [DNK]",193,2222,217
_ministero_del_meme_,"Avrei preferito andassi tu","ğŸ”¸ğŸ”º[2K]ğŸ”ºğŸ”¸
ğŸ˜µPAGINA DI DEGRADO ASSOLUTOğŸ˜µ
â—¼â—¼â—»â—»â—» 22% TO 5KğŸ”’
ğŸ”²Post di me***a
ğŸ”²Membro di [DNK]",193,2222,217
sirmostefa,"ğŸ™Œ","Elegance isn't fashion",90,1032,38
sirmostefa,"ğŸ‘","Elegance isn't fashion",90,1032,38
sirmostefa,"ğŸ™Œ","Elegance isn't fashion",90,1032,38
sirmostefa,"ğŸ™ŒğŸ™Œ","Elegance isn't fashion",90,1032,38
sirmostefa,"ğŸ‘ğŸ‘ğŸ‘","Elegance isn't fashion",90,1032,38
sirmostefa,"ğŸ†’","Elegance isn't fashion",90,1032,38
sirmostefa,"ğŸ™ŒğŸ™ŒğŸ™Œ","Elegance isn't fashion",90,1032,38
sirmostefa,"ğŸ†’","Elegance isn't fashion",90,1032,38
sirmostefa,"ğŸ™ŒğŸ™ŒğŸ™Œ","Elegance isn't fashion",90,1032,38
sirmostefa,"ğŸ™Œ","Elegance isn't fashion",90,1032,38
sirmostefa,"ğŸ”ğŸ”ğŸ”","Elegance isn't fashion",90,1032,38
sirmostefa,"ğŸ‘","Elegance isn't fashion",90,1032,38
sirmostefa,"ğŸ”ğŸ”ğŸ”","Elegance isn't fashion",90,1032,38
sirmostefa,"ğŸ”","Elegance isn't fashion",90,1032,38
sirmostefa,"ğŸ”ğŸ”ğŸ”","Elegance isn't fashion",90,1032,38
sirmostefa,"ğŸ’¯ğŸ”","Elegance isn't fashion",90,1032,38
lag360,"forza silvioooo. flat tax subitooo","ğŸ‡®ğŸ‡¹     ğŸ‡¦ğŸ‡º     ğŸ‡ªğŸ‡¸    ğŸ‡¬ğŸ‡§
Fitness - Lifestyle - Travel
â€¢ ï¼¬ï½ï½ï½„ï½ï½ â€¢",1087,10238,788
_ministero_del_meme_,"@adella.anna voti casapaund, lo faccia per questo paese","ğŸ”¸ğŸ”º[2K]ğŸ”ºğŸ”¸
ğŸ˜µPAGINA DI DEGRADO ASSOLUTOğŸ˜µ
â—¼â—¼â—»â—»â—» 22% TO 5KğŸ”’
ğŸ”²Post di me***a
ğŸ”²Membro di [DNK]",193,2222,217
_ministero_del_meme_,"Avrei preferito andassi tu","ğŸ”¸ğŸ”º[2K]ğŸ”ºğŸ”¸
ğŸ˜µPAGINA DI DEGRADO ASSOLUTOğŸ˜µ
â—¼â—¼â—»â—»â—» 22% TO 5KğŸ”’
ğŸ”²Post di me***a
ğŸ”²Membro di [DNK]",193,2222,217
rinocordua,"Ottima scelta presidente...",,44,2795,10
rinocordua,"Forza centro destraaaaaa",,44,2795,10
rinocordua,"Tutti con te presidente... spazza via si luridi pezzenti dei pd e Grillini..... forza presidente",,44,2795,10
rinocordua,"@cristian_ishee non ti piace... come presidente..!!",,44,2795,10
rinocordua,"@cristian_ishee credo che lei non Ã¨ poi cosÃ¬ informato.. la corte di Strasburgo ha dato ragione e quindi dopo anni .. Ã¨ sceso nuovamente in politica.",,44,2795,10
rinocordua,"Forza presidente... ğŸ˜€",,44,2795,10
rinocordua,"Grande Silvio solo tu puoi combattere questi lupi....",,44,2795,10
f_santostefano,4,"â€¢25 Y/O ğŸ¤™ğŸ»
â€¢iPhone 6Sï£¿
â€¢Born in RCğŸŒ¶ Live in BGğŸ“
â€¢Crossfit ğŸ‹ğŸ»
â€¢Kick BoxingğŸ¥‹ğŸ¥Š
â€¢#siemprejuntos â¤ï¸
â€¢á´á´á´…á´‡É´á´€ á´˜á´€Ê€á´‹ 01.07.17. ğŸ«
â€¢FB: Francesco Santostefano",782,5996,983
luccaindipendente,#luccaindipendente,"â˜­ LucÃ¦ decimo communistarum â˜­
#luccalibera
#luccaindipendente",0,20,2
clemylaura62,"Per quanto mi riguarda io ti voto se fai tornare Roma pulita dai giardini alle strade ,i mezzi pubblici efficenti,ospedali senza 5 ore di attesa al pronto soccorso,uffici pubblici con personale,soste a pagamento ridotte,bollo auto su una  sola macchina di propieta',assicurazioni meno salate e posti di lavoro.E' tutto",,4,20,0
its_thelifeofpablo,"Che cattivo contro i 5 stelle, non sei mica Dante Alighieri tu","I speak ğŸ‡®ğŸ‡¹ ğŸ‡¬ğŸ‡§ ğŸ‡ªğŸ‡¸ ğŸ‡«ğŸ‡· ğŸ‡©ğŸ‡ª ğŸ‡·ğŸ‡º",1102,12391,1454
its_thelifeofpablo,"Zio Silvio ma l'hai sentito Marco Travaglio prima? Mi piacerebbe ascoltare la tua replica ğŸ¤£ sei un mito","I speak ğŸ‡®ğŸ‡¹ ğŸ‡¬ğŸ‡§ ğŸ‡ªğŸ‡¸ ğŸ‡«ğŸ‡· ğŸ‡©ğŸ‡ª ğŸ‡·ğŸ‡º",1102,12391,1454
alescioangelo,"@dariodiot  il mago ğŸ˜ğŸ˜ğŸ˜ğŸ˜‚ğŸ˜‚ğŸ˜‚","Sicily ó¾“©",85,14161,114
alescioangelo,"Speriamo bene ğŸ˜ğŸ˜","Sicily ó¾“©",85,14161,114
alescioangelo,"ğŸ˜ó¾“©ğŸ‘ğŸ‘ğŸ‘ğŸ‘","Sicily ó¾“©",85,14161,114
4marzovotolega.nicole,"Siii adoro","#4MarzoVotoLega.
IL mio nuovo profilo Ã¨ @nicolebergstrom_",23,5200,20
ilredellestronzate,"@insta_mauri_c dici sul serio? O sei unaccount comprato ?","â €â €â €â €â €â €â €
ğŸ”¥IlredellestronzateğŸ”¥
â €â €â €â €â €â €â € 
â €â €â›”Ogni Giorno nuovi postâ›”",478,47247,1070
ilredellestronzate,"@sere.na57 mavvaffanculo!","â €â €â €â €â €â €â €
ğŸ”¥IlredellestronzateğŸ”¥
â €â €â €â €â €â €â € 
â €â €â›”Ogni Giorno nuovi postâ›”",478,47247,1070
ilredellestronzate,"@cleoabunny ahahahahah","â €â €â €â €â €â €â €
ğŸ”¥IlredellestronzateğŸ”¥
â €â €â €â €â €â €â € 
â €â €â›”Ogni Giorno nuovi postâ›”",478,47247,1070
ilredellestronzate,"@ufo_break ahahahahah","â €â €â €â €â €â €â €
ğŸ”¥IlredellestronzateğŸ”¥
â €â €â €â €â €â €â € 
â €â €â›”Ogni Giorno nuovi postâ›”",478,47247,1070
ilredellestronzate,"@michele.grande.24.10 ma...","â €â €â €â €â €â €â €
ğŸ”¥IlredellestronzateğŸ”¥
â €â €â €â €â €â €â € 
â €â €â›”Ogni Giorno nuovi postâ›”",478,47247,1070
vero_njca_,"Via da qui","I miei ma, i miei se. Sono strana e non mi capirete mai.ğŸ’”ğŸ–¤ the best place in the world is my mindğŸš€ ç»´ç½—å°¼å¡",274,2314,31
alberto.papaleo,#menomalechesilvioce,,90,1272,109
awed__,"Buongiorno presidente ğŸ‡®ğŸ‡¹ Viva lâ€™italia","Youtuber in crisi. ğŸˆ
Per info e collab: awed@newtopia.it ğŸ§ 
â¬‡ï¸ G U A R D A I M I E I V I D E O â¬‡ï¸",213,1278613,721
jndoeofficial,"@awed__ ahahahah","Art ğŸ¨ | Music ğŸ¼ | Travel ğŸ—º | YouTube ğŸ¬ ğŸ¤ ğŸ§  Latest YouTube video:",739,8381,172
adricamp2494,"ğŸ‘",,5,47,0
giusy.greco.169,"Sei l'unico non mollare mai noi siamo con te tanti saluti",,1,33,0
giusy.greco.169,"Prima bisogna abolire la bischerata per piccoli imprenditori perchÃ© noi facciamo i mercati",,1,33,0
nicola.mannai,"ğŸ‘ğŸ˜œ","Sardigna Italy",528,21589,527
nicola.mannai,"ğŸ‘ğŸ‘Œ","Sardigna Italy",528,21589,527
nicola.mannai,"ğŸ‘ğŸ‘ŒğŸ˜œ","Sardigna Italy",528,21589,527
nicola.mannai,"ğŸ‘ğŸ’ªğŸ‘","Sardigna Italy",528,21589,527
dottorpira,"@evviva_niente E'ILLEGALE FA LE TAGS","IL MIO TELEFONO FA LE FOTOGRAFIE",79,3451,429
cimi_chella,"Dai presidente ğŸ‘ğŸ»","ğŸ‡®ğŸ‡¹ğŸ‡¬ğŸ‡§
Don Cimiâ€™s Page ğŸ™‹ğŸ»â€â™‚ï¸
Doctor In Sports Science ğŸ“ 
Gym Manager ğŸ’ªğŸ»
COLLABORATIONS ğŸ“©
ğŸ“Urbino, Italy ğŸ‡®ğŸ‡¹
â†˜ï¸âœˆï¸I Like Traveling âœˆï¸â†™ï¸You ?",6510,32729,145
cimi_chella,"Forza Presidente ğŸ’ªğŸ»","ğŸ‡®ğŸ‡¹ğŸ‡¬ğŸ‡§
Don Cimiâ€™s Page ğŸ™‹ğŸ»â€â™‚ï¸
Doctor In Sports Science ğŸ“ 
Gym Manager ğŸ’ªğŸ»
COLLABORATIONS ğŸ“©
ğŸ“Urbino, Italy ğŸ‡®ğŸ‡¹
â†˜ï¸âœˆï¸I Like Traveling âœˆï¸â†™ï¸You ?",6510,32729,145
biki_b_,"Numero uno","Praticante avvocato ğŸ’¼âš–ï¸Dottoressa in GiurisprudenzağŸ† Dottoressa di ricerca in Economia Politica e Sperimentale,Tutor Ripetizioni e Tesi universitarie.",272,6649,3250
lleonardoguerri,"@lleonardoguerri @alelope2000","Favourite Numbers: 5, 7, 13 â¬œ
Colour: Red ğŸ”´
Sport: Volley, Gym ğŸ
Snapchat: leoguerri ğŸ”°",401,2786,1070
modernharold,"â—€ğŸ”²âš‰âœ´â™œâœ´âš‰ğŸ”²â–¶ If you have everything alreadyğŸ˜‰...
Just missing a Family Coat of Arms .... Luxury graphic work in any style for premium clients. 
Be unique with your own: ğŸ‘‘ Family Coat of Arms DESIGN ğŸ‘‘  or give it as a present...","Family Coat of Arms DESIGN STUDIO
ğŸ‘‘ Luxury graphic work in any style for premium clientsğŸ‘‘",0,654,124
anna__bertollo,"grande presidente !!!","Liceo F. Corradini",101,644,3
anna__bertollo,@__nicola_03_,"Liceo F. Corradini",101,644,3
cicciolongo22,@cladipaola,"Sicilia ğŸŒ‹ Ac Milan ğŸ”´âš«ï¸ Letteratura ğŸ“– Vasco ğŸ§ Natura ğŸŒ³ Fotografia ğŸ“¸ PlayStation ğŸ® Ping Pong ğŸ“ AIA ğŸƒğŸ»ğŸ‡®ğŸ‡¹",140,904,356
gloria_massimino,"@riccardomiano_  per te che fumi","Î§Î±ÏÎ¯ÎµÏƒÏƒÎ± Î´'Î¿Ï…ÎºÎµÏ„'Î®Î²Î· Ï€Î¬ÏÎ±,Î³Î·ÏÎ±Î»Î­Î¿Î¹  Î´'Î¿Î´ÏŒÎ½Ï„ÎµÏƒ Î³Î»Ï…ÎºÎµÏÎ¿Ï… Î´'Î¿Ï…ÎºÎ­Ï„Î¹ Ï€Î¿Î»Î»ÏŒÏ‚ Î²Î¹ÏŒÏ„Î¿Ï… Ï‡ÏÏŒÎ½Î¿Ï‚ Î»Î­Î»ÎµÎ¹Ï€Ï„Î±Î¹ ... ğŸ’™ 19 ğŸ‘— ItalyğŸŒ¸law-studentğŸ“š ğŸ’¥â™",208,1259,193
_gabrielesalvo_,"non ti hanno ancora incriminato e messo in prigione?",,61,418,10
malaikaarte,"metti un like alla mia pagina Facebook: malaikaarte ğŸ˜‰","Restauratrice ğŸ”
Nel tempo libero artista ğŸ¨
Italy ğŸ‡®ğŸ‡¹
Creazioni in vendita
Per collaborazioni 
E-mail: armi.tarquinio@gmail.com",784,4689,87
fiore_lli_no_,"Bel discorso !!! cerchiamo di diminuire le tasse per gli imprenditori italiani cosÃ¬ le aziende non chiudono e gli ""Italiani"" non vengono licenziati !!! L'Italia non puÃ²  avere tutte queste tasse sennÃ² le aziende  aprono altrove e noi finiamo male !!! Complimenti Presidente !!!!!!","_Sento solo il Presente _â¤ğŸ’‹ğŸ‘„",131,736,209
laura__luciani,"@danielebossari_vincitore  SEMPRE! Quando c era lui si stava meglio ! Dopo di lui con questi governi di sinistra e imposti da loro ricordo solo disgrazie e degrado","ğŸ’ªğŸ»FitnessModel
ğŸ“Rome ğŸ‡®ğŸ‡¹ 
LifeStyleğŸ’…ğŸ» 
Collab: ğŸ“© Lucianilaura95@gmail.com
FACEBOOK â¤µï¸",898,25625,502
alee.negrini,"@giuliopage ignorante comunista","Milano capitale",220,1761,104
alee.negrini,"@giuliopage io mi vergogno che in Italia ci sia ancora gente come te","Milano capitale",220,1761,104
alee.negrini,"@giuliopage dalle tue si capisce in un'attimo che c'hai la mamma puttana","Milano capitale",220,1761,104
alee.negrini,"@giuliopage Coglione bastardo","Milano capitale",220,1761,104
alessio030_curva_nord,Aaaaaaaaaaaaaaaaaaaaa,"ALESSIO COLA ğŸ’™
1E (Liceo Scientifico Ettore Majorana )ğŸ’™
13-12-03 ğŸ’™
GUIDONIA ğŸ’™
S.S LAZIOğŸ’™
CURVA NORDğŸ’™
BASKETğŸ’™
CALCIOğŸ’™
PALLAVOLOğŸ’™
SWIMMINGğŸ’™",5,922,37
partitorealista,"@adella.anna segui questo nuovo possibile partito con idee neofasciste,tutte scritte nel nostro secondo post","Possibile partito emergente
Idee nazionaliste e patriottiche
estrema destra,neofascismo
boia chi molla!
Roma,Italia",29,321,8
partitorealista,"@zani_franco segui questo nuovo possibile partito con idee neofasciste,tutte scritte nel nostro secondo post","Possibile partito emergente
Idee nazionaliste e patriottiche
estrema destra,neofascismo
boia chi molla!
Roma,Italia",29,321,8
atanasov_69,"@znaeshimetomi moia chovek",,127,951,43
official_meme_locatelli,#votodroghiere,"Official Page Istituto Virgo Locatelli Grottammare Meme's",5,45,6
officialpietrobrignolo,"spingi cav","ğŸ“ğŸ“~ğŸ“mï£¿naco;Ğ¼.Â¢/Dr. BRIGNOLO G. family~ğŸ‡®ğŸ‡¹ğŸ‡¨ğŸ‡­ğŸ‡²ğŸ‡¨ğŸ‡¬ğŸ‡§ğŸ‡ºğŸ‡¸ğŸ‡¦ğŸ‡º~composer ÏÎ¹Î±Ğ¸Î¹Ñ•Ñ‚;Ñ•ĞºÎ¹Ñ”Ñâ…‹gÏƒâ„“fÑ”Ñ~travelling around the ğŸŒ .ğŸ¦‹ğŸ¤¬*â†¬'if u know Ï… ĞºĞ¸ÏƒÏ‰'.â„°â„•â„â„´â„½â„’â…ˆâ„±â„®â„ âˆâ™âˆ†âœ°â™†Ï.Ğ² âˆ‚Ê",2,9736,2856
officialpietrobrignolo,"câ€™mon cav !","ğŸ“ğŸ“~ğŸ“mï£¿naco;Ğ¼.Â¢/Dr. BRIGNOLO G. family~ğŸ‡®ğŸ‡¹ğŸ‡¨ğŸ‡­ğŸ‡²ğŸ‡¨ğŸ‡¬ğŸ‡§ğŸ‡ºğŸ‡¸ğŸ‡¦ğŸ‡º~composer ÏÎ¹Î±Ğ¸Î¹Ñ•Ñ‚;Ñ•ĞºÎ¹Ñ”Ñâ…‹gÏƒâ„“fÑ”Ñ~travelling around the ğŸŒ .ğŸ¦‹ğŸ¤¬*â†¬'if u know Ï… ĞºĞ¸ÏƒÏ‰'.â„°â„•â„â„´â„½â„’â…ˆâ„±â„®â„ âˆâ™âˆ†âœ°â™†Ï.Ğ² âˆ‚Ê",2,9736,2856
agrestiangela,"@konsuelo8876  si",,2,290,0
agrestiangela,"@konsuelo8876 infatti che ne sanno!!!!",,2,290,0
sila6kaa,"OmgggğŸ˜ğŸ˜ğŸ˜","Civciv ğŸ¤—
Bursa 
Ä°ÅŸ birlikleri iÃ§in dmğŸ˜‡ğŸ’
Ğ Ğ°Ğ±Ğ¾Ñ‚Ğ° Ğ¸ Ñ€ĞµĞºĞ»Ğ°Ğ¼Ğ° Ğ´Ğ¼ğŸ˜š
Half russian",1153,9318,21
irishakudrina,Great,"Russia MoscowğŸ‡·ğŸ‡ºğŸª, USA MiamiğŸ‡ºğŸ‡¸ğŸŒ´ business and luxury travelâœˆï¸âœˆ The student MGU of Economics and politics facultyğŸ’ğŸ“š Ğ›Ğ”ĞŸĞ  Political Party",382,2309,1069
nunlig,"Un po' di figa qua @silvioberlusconi_official @fconcas4","DIGNITÃ€, UMILTÃ€ e CORAGGIO
ğŸ‡®ğŸ‡¹Agropoliâš“ 
Scienze Politiche Rel.InternazionaliğŸ“šğŸŒğŸ‡¬ğŸ‡§ğŸ‡«ğŸ‡·
ğŸ‘¨â€ğŸ‘©â€ğŸ‘§â€ğŸ‘¦ğŸ•ğŸ¢ğŸ”´âš«ï¸âš½ï¸ğŸ‹ğŸ»ğŸ‚ğŸŠğŸ¼ğŸğŸ·ğŸºğŸ›«ğŸ‡¸ğŸ‡®ğŸ‡ªğŸ‡¸",201,7264,766
pellegrinofrancesco8,"Solo per la simpatia meriterebbe il voto. Gli studiosi dicono che ridere fa bene. Un'intervista di Berlusconi al giorno , toglie il medico di torno.ğŸ˜€ğŸ˜€ğŸ˜€ #SEMPREOPERATIVO ğŸ‘",,34,173,158
toretto7084,"Grande Fausto, sempre presente!","ğŸ‡®ğŸ‡¹ Computer Engineer, 33 yo, Milan ğŸ“. 
I love good restaurant, shoot what I eat and romantic landscapes with my Iphone ğŸ‡®ğŸ‡¹",3,261,629
toretto7084,"Grande Silvio sempre numero 1","ğŸ‡®ğŸ‡¹ Computer Engineer, 33 yo, Milan ğŸ“. 
I love good restaurant, shoot what I eat and romantic landscapes with my Iphone ğŸ‡®ğŸ‡¹",3,261,629
_lilposty_,"luce dei miei occhi","ğŸ‡®ğŸ‡¹ğŸ‡ºğŸ‡¸ğŸ‡¸ğŸ‡² designer and founder of SMTTS",760,5314,18
taniadiblasio,"@vito_b11 ma manco sa chi Ã¨ Falcone e non ha capito neanche il collegamento ğŸ¤£","EngineeringğŸ‘·ğŸ»â€â™€ï¸21
Discutiamo di politica.
La storia deve essere un esercizio per conoscere, non una retorica per assolvere o per condannare.",61,1146,23
valerio_bulletti,"Grande presidente â¤ï¸â¤ï¸","[OSTIA] 20 anni",88,1626,52
_lilfarr,"ğŸ’œğŸ’œğŸ’œ","Negli occhi ho una botte che perdeğŸ•¸ BertiğŸ¦",49,304,0
mustafashahin0,"Grande Presidente Forza Italia Forza Milan","A space for art.. A space for comfort. For ordering and more information please whatsapp on +(971 567558869) (+971556712131)",91,538,132
barberamuti,"@adella.anna  vai a votare... ma vota i 5 stelle â­ï¸","Oh pappaverdolina.",170,1270,109
barberamuti,"@marydonchisciotte non ho detto che gli altri lâ€™hanno migliorata ma se vuoi che la corruzione aumenti con certezza e che lâ€™Italia decadi ancora di piÃ¹ vota lui e Salvini e sarÃ  assicurato.","Oh pappaverdolina.",170,1270,109
sadistic.nox,@sadistic.erato,"15 yo
ğŸ“Italy, Rome
ğŸ•˜ğŸ•—ğŸ•ğŸ•—
ğŸ”œstart living before
ğŸ”šyou start dying",602,3210,64
mc_bvg,"E per i cannoni al parco? Che si fa","Official MC BvG ğŸ”¥",42,1274,9
forza_silvio_berlusconi_,"ğŸ‘ğŸ’ªğŸ˜ˆğŸ˜˜",,10,61,11
forza_silvio_berlusconi_,"Ma quanto Ã¨ britisch il nostro press!!!",,10,61,11
forza_silvio_berlusconi_,"Forza presidente !!",,10,61,11
konradinsky,"Ritirati mummia",,85,655,450
donnicigianfranco,"Io vi voterÃ³ Ã© vi faccio diventare Presidente Cavaliere, distinti saluti Donnici Gianfranco",,6,50,1
giuseppespositooo,"Sembra una bambola di plastica","ğŸ‡®ğŸ‡¹Italian (Silvi).ğŸ‘¤Boy.
1âƒ£5âƒ£years.
ğŸ“šğŸ“Student of the Cavalcanti.
Help change the world.ğŸŒ",138,5636,142
s.f.la.via.98,"Vota contro berlusca per farlo ubriacare... Un altra delle sue promesse","â€¢ 19 anni â€¢
â€¢ Statista â€¢
â€¢ Rischio = Profitto â€¢
â€¢ Top 10 Investor global â€¢
#TempoDiCambiare
""Scommetti tutto con me""
â­â­â­â­â­
ğŸ‘‡#MyNumber ğŸ‘‡",16,331,75
s.f.la.via.98,"Sei sotto inchiesta per il nostro paese, siete mafia ğŸ˜ˆ","â€¢ 19 anni â€¢
â€¢ Statista â€¢
â€¢ Rischio = Profitto â€¢
â€¢ Top 10 Investor global â€¢
#TempoDiCambiare
""Scommetti tutto con me""
â­â­â­â­â­
ğŸ‘‡#MyNumber ğŸ‘‡",16,331,75
s.f.la.via.98,"@pier_paolo_j anche 1/8 cosi ci da 75k a testa","â€¢ 19 anni â€¢
â€¢ Statista â€¢
â€¢ Rischio = Profitto â€¢
â€¢ Top 10 Investor global â€¢
#TempoDiCambiare
""Scommetti tutto con me""
â­â­â­â­â­
ğŸ‘‡#MyNumber ğŸ‘‡",16,331,75
s.f.la.via.98,"Lo stato a fallito quello che e' il primo dei suoi compiti...","â€¢ 19 anni â€¢
â€¢ Statista â€¢
â€¢ Rischio = Profitto â€¢
â€¢ Top 10 Investor global â€¢
#TempoDiCambiare
""Scommetti tutto con me""
â­â­â­â­â­
ğŸ‘‡#MyNumber ğŸ‘‡",16,331,75
s.f.la.via.98,"@passion_fordraw ha*","â€¢ 19 anni â€¢
â€¢ Statista â€¢
â€¢ Rischio = Profitto â€¢
â€¢ Top 10 Investor global â€¢
#TempoDiCambiare
""Scommetti tutto con me""
â­â­â­â­â­
ğŸ‘‡#MyNumber ğŸ‘‡",16,331,75
s.f.la.via.98,"@mb76769 vuoi l' elenco ? @partecipasceglicambia  @movimento5stelle @giovani_in_movimento","â€¢ 19 anni â€¢
â€¢ Statista â€¢
â€¢ Rischio = Profitto â€¢
â€¢ Top 10 Investor global â€¢
#TempoDiCambiare
""Scommetti tutto con me""
â­â­â­â­â­
ğŸ‘‡#MyNumber ğŸ‘‡",16,331,75
s.f.la.via.98,"Chi vive senza onore, muore senza onore.","â€¢ 19 anni â€¢
â€¢ Statista â€¢
â€¢ Rischio = Profitto â€¢
â€¢ Top 10 Investor global â€¢
#TempoDiCambiare
""Scommetti tutto con me""
â­â­â­â­â­
ğŸ‘‡#MyNumber ğŸ‘‡",16,331,75
s.f.la.via.98,"@robifedeluna quante bufale, semplicemente chi vota berlusca non merita","â€¢ 19 anni â€¢
â€¢ Statista â€¢
â€¢ Rischio = Profitto â€¢
â€¢ Top 10 Investor global â€¢
#TempoDiCambiare
""Scommetti tutto con me""
â­â­â­â­â­
ğŸ‘‡#MyNumber ğŸ‘‡",16,331,75
s.f.la.via.98,"@mb76769 parlano i falsi profili","â€¢ 19 anni â€¢
â€¢ Statista â€¢
â€¢ Rischio = Profitto â€¢
â€¢ Top 10 Investor global â€¢
#TempoDiCambiare
""Scommetti tutto con me""
â­â­â­â­â­
ğŸ‘‡#MyNumber ğŸ‘‡",16,331,75
s.f.la.via.98,"@mb76769 almeno io sono #reale #regale","â€¢ 19 anni â€¢
â€¢ Statista â€¢
â€¢ Rischio = Profitto â€¢
â€¢ Top 10 Investor global â€¢
#TempoDiCambiare
""Scommetti tutto con me""
â­â­â­â­â­
ğŸ‘‡#MyNumber ğŸ‘‡",16,331,75
s.f.la.via.98,"@giacomodisanto7173 buona fortuna","â€¢ 19 anni â€¢
â€¢ Statista â€¢
â€¢ Rischio = Profitto â€¢
â€¢ Top 10 Investor global â€¢
#TempoDiCambiare
""Scommetti tutto con me""
â­â­â­â­â­
ğŸ‘‡#MyNumber ğŸ‘‡",16,331,75
s.f.la.via.98,"Qualcuno porti berlusconi da uno psichiatra , perfavore.","â€¢ 19 anni â€¢
â€¢ Statista â€¢
â€¢ Rischio = Profitto â€¢
â€¢ Top 10 Investor global â€¢
#TempoDiCambiare
""Scommetti tutto con me""
â­â­â­â­â­
ğŸ‘‡#MyNumber ğŸ‘‡",16,331,75
s.f.la.via.98,""" il sorriso di chi se le fatte tutte""","â€¢ 19 anni â€¢
â€¢ Statista â€¢
â€¢ Rischio = Profitto â€¢
â€¢ Top 10 Investor global â€¢
#TempoDiCambiare
""Scommetti tutto con me""
â­â­â­â­â­
ğŸ‘‡#MyNumber ğŸ‘‡",16,331,75
s.f.la.via.98,"@lupen.hood di minorenni","â€¢ 19 anni â€¢
â€¢ Statista â€¢
â€¢ Rischio = Profitto â€¢
â€¢ Top 10 Investor global â€¢
#TempoDiCambiare
""Scommetti tutto con me""
â­â­â­â­â­
ğŸ‘‡#MyNumber ğŸ‘‡",16,331,75
s.f.la.via.98,"@nino_montana_hair_influencer bananeeee","â€¢ 19 anni â€¢
â€¢ Statista â€¢
â€¢ Rischio = Profitto â€¢
â€¢ Top 10 Investor global â€¢
#TempoDiCambiare
""Scommetti tutto con me""
â­â­â­â­â­
ğŸ‘‡#MyNumber ğŸ‘‡",16,331,75
s.f.la.via.98,"@nino_montana_hair_influencer lamponeee","â€¢ 19 anni â€¢
â€¢ Statista â€¢
â€¢ Rischio = Profitto â€¢
â€¢ Top 10 Investor global â€¢
#TempoDiCambiare
""Scommetti tutto con me""
â­â­â­â­â­
ğŸ‘‡#MyNumber ğŸ‘‡",16,331,75
s.f.la.via.98,"@ferrarafil io non ho bisogno di falsi profili per sostenere il numero di persone che ho contro...","â€¢ 19 anni â€¢
â€¢ Statista â€¢
â€¢ Rischio = Profitto â€¢
â€¢ Top 10 Investor global â€¢
#TempoDiCambiare
""Scommetti tutto con me""
â­â­â­â­â­
ğŸ‘‡#MyNumber ğŸ‘‡",16,331,75
s.f.la.via.98,"@ferrarafil ma sei un cane","â€¢ 19 anni â€¢
â€¢ Statista â€¢
â€¢ Rischio = Profitto â€¢
â€¢ Top 10 Investor global â€¢
#TempoDiCambiare
""Scommetti tutto con me""
â­â­â­â­â­
ğŸ‘‡#MyNumber ğŸ‘‡",16,331,75
s.f.la.via.98,"@ferrarafil dopo questa... Vaffanculo","â€¢ 19 anni â€¢
â€¢ Statista â€¢
â€¢ Rischio = Profitto â€¢
â€¢ Top 10 Investor global â€¢
#TempoDiCambiare
""Scommetti tutto con me""
â­â­â­â­â­
ğŸ‘‡#MyNumber ğŸ‘‡",16,331,75
s.f.la.via.98,"@ferrarafil hahahahajjajajajajajajjajajaja","â€¢ 19 anni â€¢
â€¢ Statista â€¢
â€¢ Rischio = Profitto â€¢
â€¢ Top 10 Investor global â€¢
#TempoDiCambiare
""Scommetti tutto con me""
â­â­â­â­â­
ğŸ‘‡#MyNumber ğŸ‘‡",16,331,75
s.f.la.via.98,"@ferrarafil mado, come si vede che sei un pollo","â€¢ 19 anni â€¢
â€¢ Statista â€¢
â€¢ Rischio = Profitto â€¢
â€¢ Top 10 Investor global â€¢
#TempoDiCambiare
""Scommetti tutto con me""
â­â­â­â­â­
ğŸ‘‡#MyNumber ğŸ‘‡",16,331,75
s.f.la.via.98,"@irachena @valentinoticozzi carissimi, almeno io non lodo una persona per soldi, quindi non fa di me un venduto. Miei Cari se un 19 enne sta qui a lanciarvi merda che avete lasciato alle spalle puÃ² solo significare che il fatto e grave... Quindi.... CHIUDETE QUEL FOTTUTO CESSO E ANDATE A FANCULO PERCHE SIETE DEI FOTTUTI CANCRI","â€¢ 19 anni â€¢
â€¢ Statista â€¢
â€¢ Rischio = Profitto â€¢
â€¢ Top 10 Investor global â€¢
#TempoDiCambiare
""Scommetti tutto con me""
â­â­â­â­â­
ğŸ‘‡#MyNumber ğŸ‘‡",16,331,75
s.f.la.via.98,"@irachena puo' darsi, ma almeno io posso costruirmi un futuro con le mie mani e non facendomi corrompere.","â€¢ 19 anni â€¢
â€¢ Statista â€¢
â€¢ Rischio = Profitto â€¢
â€¢ Top 10 Investor global â€¢
#TempoDiCambiare
""Scommetti tutto con me""
â­â­â­â­â­
ğŸ‘‡#MyNumber ğŸ‘‡",16,331,75
s.f.la.via.98,"@valentinoticozzi vi sto chiamando io venduti... ğŸ˜‚ğŸ˜‚ğŸ˜‚ğŸ˜‚","â€¢ 19 anni â€¢
â€¢ Statista â€¢
â€¢ Rischio = Profitto â€¢
â€¢ Top 10 Investor global â€¢
#TempoDiCambiare
""Scommetti tutto con me""
â­â­â­â­â­
ğŸ‘‡#MyNumber ğŸ‘‡",16,331,75
s.f.la.via.98,"@irachena @valentinoticozzi hahaahahhahahahahahha","â€¢ 19 anni â€¢
â€¢ Statista â€¢
â€¢ Rischio = Profitto â€¢
â€¢ Top 10 Investor global â€¢
#TempoDiCambiare
""Scommetti tutto con me""
â­â­â­â­â­
ğŸ‘‡#MyNumber ğŸ‘‡",16,331,75
s.f.la.via.98,"@valentinoticozzi che vita do merda che hai","â€¢ 19 anni â€¢
â€¢ Statista â€¢
â€¢ Rischio = Profitto â€¢
â€¢ Top 10 Investor global â€¢
#TempoDiCambiare
""Scommetti tutto con me""
â­â­â­â­â­
ğŸ‘‡#MyNumber ğŸ‘‡",16,331,75
s.f.la.via.98,"@irachena che schifo... Fai pena","â€¢ 19 anni â€¢
â€¢ Statista â€¢
â€¢ Rischio = Profitto â€¢
â€¢ Top 10 Investor global â€¢
#TempoDiCambiare
""Scommetti tutto con me""
â­â­â­â­â­
ğŸ‘‡#MyNumber ğŸ‘‡",16,331,75
s.f.la.via.98,"@gabry.tst il rispetto... O boss","â€¢ 19 anni â€¢
â€¢ Statista â€¢
â€¢ Rischio = Profitto â€¢
â€¢ Top 10 Investor global â€¢
#TempoDiCambiare
""Scommetti tutto con me""
â­â­â­â­â­
ğŸ‘‡#MyNumber ğŸ‘‡",16,331,75
s.f.la.via.98,"@gabry.tst maaa sono le azioni che fanno dedurre la sua demenza","â€¢ 19 anni â€¢
â€¢ Statista â€¢
â€¢ Rischio = Profitto â€¢
â€¢ Top 10 Investor global â€¢
#TempoDiCambiare
""Scommetti tutto con me""
â­â­â­â­â­
ğŸ‘‡#MyNumber ğŸ‘‡",16,331,75
s.f.la.via.98,"â­â­â­â­â­","â€¢ 19 anni â€¢
â€¢ Statista â€¢
â€¢ Rischio = Profitto â€¢
â€¢ Top 10 Investor global â€¢
#TempoDiCambiare
""Scommetti tutto con me""
â­â­â­â­â­
ğŸ‘‡#MyNumber ğŸ‘‡",16,331,75
s.f.la.via.98,"Cambiate canale","â€¢ 19 anni â€¢
â€¢ Statista â€¢
â€¢ Rischio = Profitto â€¢
â€¢ Top 10 Investor global â€¢
#TempoDiCambiare
""Scommetti tutto con me""
â­â­â­â­â­
ğŸ‘‡#MyNumber ğŸ‘‡",16,331,75
s.f.la.via.98,"Tanto basta ricordarvele le parole che dice che sono sempre le stesse","â€¢ 19 anni â€¢
â€¢ Statista â€¢
â€¢ Rischio = Profitto â€¢
â€¢ Top 10 Investor global â€¢
#TempoDiCambiare
""Scommetti tutto con me""
â­â­â­â­â­
ğŸ‘‡#MyNumber ğŸ‘‡",16,331,75
s.f.la.via.98,"Le donne sono delle serpi vogliono I $$$$$$$$$$","â€¢ 19 anni â€¢
â€¢ Statista â€¢
â€¢ Rischio = Profitto â€¢
â€¢ Top 10 Investor global â€¢
#TempoDiCambiare
""Scommetti tutto con me""
â­â­â­â­â­
ğŸ‘‡#MyNumber ğŸ‘‡",16,331,75
s.f.la.via.98,"ğŸ¤‘","â€¢ 19 anni â€¢
â€¢ Statista â€¢
â€¢ Rischio = Profitto â€¢
â€¢ Top 10 Investor global â€¢
#TempoDiCambiare
""Scommetti tutto con me""
â­â­â­â­â­
ğŸ‘‡#MyNumber ğŸ‘‡",16,331,75
s.f.la.via.98,"Vota e fai votare #M5S Cosi dai la possibilita' a persone capaci di governare @partecipasceglicambia","â€¢ 19 anni â€¢
â€¢ Statista â€¢
â€¢ Rischio = Profitto â€¢
â€¢ Top 10 Investor global â€¢
#TempoDiCambiare
""Scommetti tutto con me""
â­â­â­â­â­
ğŸ‘‡#MyNumber ğŸ‘‡",16,331,75
s.f.la.via.98,"Viva le MILF !!!!","â€¢ 19 anni â€¢
â€¢ Statista â€¢
â€¢ Rischio = Profitto â€¢
â€¢ Top 10 Investor global â€¢
#TempoDiCambiare
""Scommetti tutto con me""
â­â­â­â­â­
ğŸ‘‡#MyNumber ğŸ‘‡",16,331,75
s.f.la.via.98,"Che problema hanno quelli che votano Berlusconi ?!?!","â€¢ 19 anni â€¢
â€¢ Statista â€¢
â€¢ Rischio = Profitto â€¢
â€¢ Top 10 Investor global â€¢
#TempoDiCambiare
""Scommetti tutto con me""
â­â­â­â­â­
ğŸ‘‡#MyNumber ğŸ‘‡",16,331,75
s.f.la.via.98,"Per farvi capire Silvio berlusconi quanto e' il cancro, si compra i follower e i like!!! Con un merdoso bot","â€¢ 19 anni â€¢
â€¢ Statista â€¢
â€¢ Rischio = Profitto â€¢
â€¢ Top 10 Investor global â€¢
#TempoDiCambiare
""Scommetti tutto con me""
â­â­â­â­â­
ğŸ‘‡#MyNumber ğŸ‘‡",16,331,75
s.f.la.via.98,"@purosangue01 tu fai schifo","â€¢ 19 anni â€¢
â€¢ Statista â€¢
â€¢ Rischio = Profitto â€¢
â€¢ Top 10 Investor global â€¢
#TempoDiCambiare
""Scommetti tutto con me""
â­â­â­â­â­
ğŸ‘‡#MyNumber ğŸ‘‡",16,331,75
s.f.la.via.98,"Ecco la tua campagna elettorale, stai solo in tv a ripere quel disco rotto che hai in testa, #demenzasenile","â€¢ 19 anni â€¢
â€¢ Statista â€¢
â€¢ Rischio = Profitto â€¢
â€¢ Top 10 Investor global â€¢
#TempoDiCambiare
""Scommetti tutto con me""
â­â­â­â­â­
ğŸ‘‡#MyNumber ğŸ‘‡",16,331,75
s.f.la.via.98,"3 PROFILI VERI TRA CUI UNA SUPER GNOCA UNO STRANIERO E UNA DI DUBBIA CERTIFICAZIONE","â€¢ 19 anni â€¢
â€¢ Statista â€¢
â€¢ Rischio = Profitto â€¢
â€¢ Top 10 Investor global â€¢
#TempoDiCambiare
""Scommetti tutto con me""
â­â­â­â­â­
ğŸ‘‡#MyNumber ğŸ‘‡",16,331,75
s.f.la.via.98,"3 PROFILI FALSI , STATISTICAMENTE IL 50% SONO COMMENTI CREATI DALLO STESSO BERLUSCA , IL RESTANTE 50% SPERA IN UNA SCAPPATINA CON IL BERLUSCA PER QUALE MILIONE","â€¢ 19 anni â€¢
â€¢ Statista â€¢
â€¢ Rischio = Profitto â€¢
â€¢ Top 10 Investor global â€¢
#TempoDiCambiare
""Scommetti tutto con me""
â­â­â­â­â­
ğŸ‘‡#MyNumber ğŸ‘‡",16,331,75
s.f.la.via.98,QUALCHE*,"â€¢ 19 anni â€¢
â€¢ Statista â€¢
â€¢ Rischio = Profitto â€¢
â€¢ Top 10 Investor global â€¢
#TempoDiCambiare
""Scommetti tutto con me""
â­â­â­â­â­
ğŸ‘‡#MyNumber ğŸ‘‡",16,331,75
s.f.la.via.98,"Ma vi rendete conto che grazie a alle persone ignoranti come te (perche sei ignorante) noi giovani non hanno un MALEDETTO futuro perche non abbiamo un emerito C...O, pensa pure alla tua famiglia ai tuoi figli ai tuoi nipoti a tutti i giovani che come me hanno sudato 30 camice per trovarsi un futuro e qualcuno non ci e riuscito e si trova con le pezze al culo per colpa della tua testa di c...o per Fortuna vostra usate profili FALSI  perche siete FALSI , perche vi venivo a cercare e prenderci a pescate in faccia sti coglioni patentati... Ci siete nati stronzi bastardi figli di puttana o ci siete diventati ?! Porcaputtana mi fate schifo, siete il cancro e i cancri vanni ELIMINATI DISTUTTI MANDATI A QUEL PAESE , sto coglione che sta solo pensare a se stesso e nel frattempo non batte ciglio quando rovina molte famiglio CAZZO","â€¢ 19 anni â€¢
â€¢ Statista â€¢
â€¢ Rischio = Profitto â€¢
â€¢ Top 10 Investor global â€¢
#TempoDiCambiare
""Scommetti tutto con me""
â­â­â­â­â­
ğŸ‘‡#MyNumber ğŸ‘‡",16,331,75
s.f.la.via.98,"MI FATE SCHIFO","â€¢ 19 anni â€¢
â€¢ Statista â€¢
â€¢ Rischio = Profitto â€¢
â€¢ Top 10 Investor global â€¢
#TempoDiCambiare
""Scommetti tutto con me""
â­â­â­â­â­
ğŸ‘‡#MyNumber ğŸ‘‡",16,331,75
s.f.la.via.98,"Scusate il francesismo ğŸ˜","â€¢ 19 anni â€¢
â€¢ Statista â€¢
â€¢ Rischio = Profitto â€¢
â€¢ Top 10 Investor global â€¢
#TempoDiCambiare
""Scommetti tutto con me""
â­â­â­â­â­
ğŸ‘‡#MyNumber ğŸ‘‡",16,331,75
s.f.la.via.98,"Bellissimo lo spot horror che sta proponendo berlusconi su rai 3 ! Ha promesso che se esce monti lui si ubriaca, FORZA FACCIAMOLO USCIRE !!! BERLUSCONI UBRIACO","â€¢ 19 anni â€¢
â€¢ Statista â€¢
â€¢ Rischio = Profitto â€¢
â€¢ Top 10 Investor global â€¢
#TempoDiCambiare
""Scommetti tutto con me""
â­â­â­â­â­
ğŸ‘‡#MyNumber ğŸ‘‡",16,331,75
s.f.la.via.98,"Hai preso l'aereo e ti si e rotto il timpano ğŸ˜ˆ rischio infarto","â€¢ 19 anni â€¢
â€¢ Statista â€¢
â€¢ Rischio = Profitto â€¢
â€¢ Top 10 Investor global â€¢
#TempoDiCambiare
""Scommetti tutto con me""
â­â­â­â­â­
ğŸ‘‡#MyNumber ğŸ‘‡",16,331,75
s.f.la.via.98,"Ahahahaha sta facendo una battuta, lo schifo sei te non il #M5S il problema e' l economia non la politca, se non ti occupi dell economia l' economia si occupa di te... Infine, incompetena , demenza e falsita... Questo sei tu","â€¢ 19 anni â€¢
â€¢ Statista â€¢
â€¢ Rischio = Profitto â€¢
â€¢ Top 10 Investor global â€¢
#TempoDiCambiare
""Scommetti tutto con me""
â­â­â­â­â­
ğŸ‘‡#MyNumber ğŸ‘‡",16,331,75
s.f.la.via.98,"Lo sai che puoi dire quello che vuoi per televisione, ormai tutti ti conoscono come l'uomo piu falso dopo trump...","â€¢ 19 anni â€¢
â€¢ Statista â€¢
â€¢ Rischio = Profitto â€¢
â€¢ Top 10 Investor global â€¢
#TempoDiCambiare
""Scommetti tutto con me""
â­â­â­â­â­
ğŸ‘‡#MyNumber ğŸ‘‡",16,331,75
s.f.la.via.98,"Berlusconi, salvini, renzi... I tre moschettieri rapinatori ğŸ’€","â€¢ 19 anni â€¢
â€¢ Statista â€¢
â€¢ Rischio = Profitto â€¢
â€¢ Top 10 Investor global â€¢
#TempoDiCambiare
""Scommetti tutto con me""
â­â­â­â­â­
ğŸ‘‡#MyNumber ğŸ‘‡",16,331,75
s.f.la.via.98,"Un'intervista ove parla solo el cera man... La giornalista non serve a nulla, quanto l'hai pagata ?","â€¢ 19 anni â€¢
â€¢ Statista â€¢
â€¢ Rischio = Profitto â€¢
â€¢ Top 10 Investor global â€¢
#TempoDiCambiare
""Scommetti tutto con me""
â­â­â­â­â­
ğŸ‘‡#MyNumber ğŸ‘‡",16,331,75
s.f.la.via.98,"Movimento 5 stelle 33% ğŸ˜ˆğŸ˜ˆğŸ˜ˆ","â€¢ 19 anni â€¢
â€¢ Statista â€¢
â€¢ Rischio = Profitto â€¢
â€¢ Top 10 Investor global â€¢
#TempoDiCambiare
""Scommetti tutto con me""
â­â­â­â­â­
ğŸ‘‡#MyNumber ğŸ‘‡",16,331,75
s.f.la.via.98,"I nemici sono i giovani a cui ha tolto il lavoro","â€¢ 19 anni â€¢
â€¢ Statista â€¢
â€¢ Rischio = Profitto â€¢
â€¢ Top 10 Investor global â€¢
#TempoDiCambiare
""Scommetti tutto con me""
â­â­â­â­â­
ğŸ‘‡#MyNumber ğŸ‘‡",16,331,75
s.f.la.via.98,"Si sei un fottuto disco rotto ğŸ˜‚... #demenzasenile","â€¢ 19 anni â€¢
â€¢ Statista â€¢
â€¢ Rischio = Profitto â€¢
â€¢ Top 10 Investor global â€¢
#TempoDiCambiare
""Scommetti tutto con me""
â­â­â­â­â­
ğŸ‘‡#MyNumber ğŸ‘‡",16,331,75
s.f.la.via.98,"Quindi se non prendete la maggioranza volete far rivotare gli italiano, e' tipo anticostituzionale... Cosi anziche perdere dignitivamente,  volete essere stracciati ?!?!?!","â€¢ 19 anni â€¢
â€¢ Statista â€¢
â€¢ Rischio = Profitto â€¢
â€¢ Top 10 Investor global â€¢
#TempoDiCambiare
""Scommetti tutto con me""
â­â­â­â­â­
ğŸ‘‡#MyNumber ğŸ‘‡",16,331,75
s.f.la.via.98,"Sarai ricordato come trump... Hahaha un coglione che fa politica , con gravi instabilita celebrali","â€¢ 19 anni â€¢
â€¢ Statista â€¢
â€¢ Rischio = Profitto â€¢
â€¢ Top 10 Investor global â€¢
#TempoDiCambiare
""Scommetti tutto con me""
â­â­â­â­â­
ğŸ‘‡#MyNumber ğŸ‘‡",16,331,75
s.f.la.via.98,"@zani_franco si si si","â€¢ 19 anni â€¢
â€¢ Statista â€¢
â€¢ Rischio = Profitto â€¢
â€¢ Top 10 Investor global â€¢
#TempoDiCambiare
""Scommetti tutto con me""
â­â­â­â­â­
ğŸ‘‡#MyNumber ğŸ‘‡",16,331,75
s.f.la.via.98,"@vito_b11 anch'io","â€¢ 19 anni â€¢
â€¢ Statista â€¢
â€¢ Rischio = Profitto â€¢
â€¢ Top 10 Investor global â€¢
#TempoDiCambiare
""Scommetti tutto con me""
â­â­â­â­â­
ğŸ‘‡#MyNumber ğŸ‘‡",16,331,75
s.f.la.via.98,"Preghiamo insieme alla disfatta di berlusconi...","â€¢ 19 anni â€¢
â€¢ Statista â€¢
â€¢ Rischio = Profitto â€¢
â€¢ Top 10 Investor global â€¢
#TempoDiCambiare
""Scommetti tutto con me""
â­â­â­â­â­
ğŸ‘‡#MyNumber ğŸ‘‡",16,331,75
s.f.la.via.98,"Comunque tanto per precisare, berlusconi condannato a : evasione fiscale , incentivamento a prostituzione e concorso a associazione a delinquere, insomma un #criminale","â€¢ 19 anni â€¢
â€¢ Statista â€¢
â€¢ Rischio = Profitto â€¢
â€¢ Top 10 Investor global â€¢
#TempoDiCambiare
""Scommetti tutto con me""
â­â­â­â­â­
ğŸ‘‡#MyNumber ğŸ‘‡",16,331,75
s.f.la.via.98,"Ce ne sono anche altri, sul canale youtube del #movimento5stelle hanno elencato tutti i crimini suoi","â€¢ 19 anni â€¢
â€¢ Statista â€¢
â€¢ Rischio = Profitto â€¢
â€¢ Top 10 Investor global â€¢
#TempoDiCambiare
""Scommetti tutto con me""
â­â­â­â­â­
ğŸ‘‡#MyNumber ğŸ‘‡",16,331,75
s.f.la.via.98,"@zani_franco dj silvoooooo","â€¢ 19 anni â€¢
â€¢ Statista â€¢
â€¢ Rischio = Profitto â€¢
â€¢ Top 10 Investor global â€¢
#TempoDiCambiare
""Scommetti tutto con me""
â­â­â­â­â­
ğŸ‘‡#MyNumber ğŸ‘‡",16,331,75
s.f.la.via.98,"@zani_franco questo sapete fare...","â€¢ 19 anni â€¢
â€¢ Statista â€¢
â€¢ Rischio = Profitto â€¢
â€¢ Top 10 Investor global â€¢
#TempoDiCambiare
""Scommetti tutto con me""
â­â­â­â­â­
ğŸ‘‡#MyNumber ğŸ‘‡",16,331,75
s.f.la.via.98,"@maisto.massimo â­â­â­â­â­","â€¢ 19 anni â€¢
â€¢ Statista â€¢
â€¢ Rischio = Profitto â€¢
â€¢ Top 10 Investor global â€¢
#TempoDiCambiare
""Scommetti tutto con me""
â­â­â­â­â­
ğŸ‘‡#MyNumber ğŸ‘‡",16,331,75
s.f.la.via.98,"@monicagrecchi â­â­â­â­â­ ci pensano loro","â€¢ 19 anni â€¢
â€¢ Statista â€¢
â€¢ Rischio = Profitto â€¢
â€¢ Top 10 Investor global â€¢
#TempoDiCambiare
""Scommetti tutto con me""
â­â­â­â­â­
ğŸ‘‡#MyNumber ğŸ‘‡",16,331,75
s.f.la.via.98,"@maisto.massimo proposta nel 93 e mai fatta !!! Forza â­â­â­â­â­","â€¢ 19 anni â€¢
â€¢ Statista â€¢
â€¢ Rischio = Profitto â€¢
â€¢ Top 10 Investor global â€¢
#TempoDiCambiare
""Scommetti tutto con me""
â­â­â­â­â­
ğŸ‘‡#MyNumber ğŸ‘‡",16,331,75
s.f.la.via.98,"@silvioberlusconi_official il piacere e tutto mio per non averti conosciuto, quest'anno e' scacco al re ! #antiberlusconi","â€¢ 19 anni â€¢
â€¢ Statista â€¢
â€¢ Rischio = Profitto â€¢
â€¢ Top 10 Investor global â€¢
#TempoDiCambiare
""Scommetti tutto con me""
â­â­â­â­â­
ğŸ‘‡#MyNumber ğŸ‘‡",16,331,75
s.f.la.via.98,"@alessiammirato Berlusconi INFAME","â€¢ 19 anni â€¢
â€¢ Statista â€¢
â€¢ Rischio = Profitto â€¢
â€¢ Top 10 Investor global â€¢
#TempoDiCambiare
""Scommetti tutto con me""
â­â­â­â­â­
ğŸ‘‡#MyNumber ğŸ‘‡",16,331,75
s.f.la.via.98,"@davide_casazza hai appena detto qualcosa contro il diritto, cito : ""ognuno puo' fare quello che vuole""","â€¢ 19 anni â€¢
â€¢ Statista â€¢
â€¢ Rischio = Profitto â€¢
â€¢ Top 10 Investor global â€¢
#TempoDiCambiare
""Scommetti tutto con me""
â­â­â­â­â­
ğŸ‘‡#MyNumber ğŸ‘‡",16,331,75
s.f.la.via.98,"@davide_casazza sei palesemente influenzato da politiche vecchie e' di corrotti che per loro politica sono interessi finanziari... Quindi FOTTITI TU E SALVINI, tanto siete tutti uguali ,tranne e ripeto TRANNE I #M5S @movimento5stelle","â€¢ 19 anni â€¢
â€¢ Statista â€¢
â€¢ Rischio = Profitto â€¢
â€¢ Top 10 Investor global â€¢
#TempoDiCambiare
""Scommetti tutto con me""
â­â­â­â­â­
ğŸ‘‡#MyNumber ğŸ‘‡",16,331,75
s.f.la.via.98,"@inglishjonny ma non ti ascolta!!! Ancora con sta cacca rifatta umana","â€¢ 19 anni â€¢
â€¢ Statista â€¢
â€¢ Rischio = Profitto â€¢
â€¢ Top 10 Investor global â€¢
#TempoDiCambiare
""Scommetti tutto con me""
â­â­â­â­â­
ğŸ‘‡#MyNumber ğŸ‘‡",16,331,75
s.f.la.via.98,"Tipo io sto qui a dire che e' una latina. , che non sa governare e che sa solo rubare e sto facendo campagna politica a favore dei IDEALI del @movimento5stelle ... Tanto fa sempre come ha fatto per questi 30 anni , non ascolta NESSUNO se non per fini personali, io dico di farlo controllare dal fisco con il 5 stelle al potere cosi ci restituisce un bel po' di soldi .... INFORMATEVI, STIAMO PARLANDO DEL FUTURO DI MOLTI RAGAZZI E CHI SIETE VOI PER DECIDERE COSA DEVONO FARE I GIOVANI ?! @silvioberlusconi_official","â€¢ 19 anni â€¢
â€¢ Statista â€¢
â€¢ Rischio = Profitto â€¢
â€¢ Top 10 Investor global â€¢
#TempoDiCambiare
""Scommetti tutto con me""
â­â­â­â­â­
ğŸ‘‡#MyNumber ğŸ‘‡",16,331,75
s.f.la.via.98,"@lupen.hood delle latrine.","â€¢ 19 anni â€¢
â€¢ Statista â€¢
â€¢ Rischio = Profitto â€¢
â€¢ Top 10 Investor global â€¢
#TempoDiCambiare
""Scommetti tutto con me""
â­â­â­â­â­
ğŸ‘‡#MyNumber ğŸ‘‡",16,331,75
s.f.la.via.98,"@davide_casazza infatti tu hai detto l'opposto... Mangi e ti scordi... Sei serio ?!?!?","â€¢ 19 anni â€¢
â€¢ Statista â€¢
â€¢ Rischio = Profitto â€¢
â€¢ Top 10 Investor global â€¢
#TempoDiCambiare
""Scommetti tutto con me""
â­â­â­â­â­
ğŸ‘‡#MyNumber ğŸ‘‡",16,331,75
s.f.la.via.98,"@davide_casazza non sai quanta rabbia reprimo e quanti insulti vorrei elencarvi uno dopo l'altro ma mi astengo... Quindi ciaoo","â€¢ 19 anni â€¢
â€¢ Statista â€¢
â€¢ Rischio = Profitto â€¢
â€¢ Top 10 Investor global â€¢
#TempoDiCambiare
""Scommetti tutto con me""
â­â­â­â­â­
ğŸ‘‡#MyNumber ğŸ‘‡",16,331,75
s.f.la.via.98,"@carcagnolofrancesco ma, almeno quando scrivo seguo un linea di discorso... Tu... Bhe... Hahahhaha","â€¢ 19 anni â€¢
â€¢ Statista â€¢
â€¢ Rischio = Profitto â€¢
â€¢ Top 10 Investor global â€¢
#TempoDiCambiare
""Scommetti tutto con me""
â­â­â­â­â­
ğŸ‘‡#MyNumber ğŸ‘‡",16,331,75
s.f.la.via.98,"@carcagnolofrancesco n.b. ripeto USATE PROFILI FALSI PER FARE CAMPAGNA SCORRETTA !!! FALSO DEL C....","â€¢ 19 anni â€¢
â€¢ Statista â€¢
â€¢ Rischio = Profitto â€¢
â€¢ Top 10 Investor global â€¢
#TempoDiCambiare
""Scommetti tutto con me""
â­â­â­â­â­
ğŸ‘‡#MyNumber ğŸ‘‡",16,331,75
s.f.la.via.98,"@alessiammirato ehm, la rabbia che mi brucia nelle vene e troppa.","â€¢ 19 anni â€¢
â€¢ Statista â€¢
â€¢ Rischio = Profitto â€¢
â€¢ Top 10 Investor global â€¢
#TempoDiCambiare
""Scommetti tutto con me""
â­â­â­â­â­
ğŸ‘‡#MyNumber ğŸ‘‡",16,331,75
s.f.la.via.98,"Quanti bei profili falsi per dare opinioni stupide, troppi giovani scappano dall'italia perche non c'e' uno stato a tutelarli (colpa tua) infine molti signori in cerca di lavoro che fanno fatica a trovarlo e se lo trovano non ci sono neanche diritti al lavoro #M5S","â€¢ 19 anni â€¢
â€¢ Statista â€¢
â€¢ Rischio = Profitto â€¢
â€¢ Top 10 Investor global â€¢
#TempoDiCambiare
""Scommetti tutto con me""
â­â­â­â­â­
ğŸ‘‡#MyNumber ğŸ‘‡",16,331,75
s.f.la.via.98,"@zani_franco hahhahahah","â€¢ 19 anni â€¢
â€¢ Statista â€¢
â€¢ Rischio = Profitto â€¢
â€¢ Top 10 Investor global â€¢
#TempoDiCambiare
""Scommetti tutto con me""
â­â­â­â­â­
ğŸ‘‡#MyNumber ğŸ‘‡",16,331,75
s.f.la.via.98,"@albiolo parole sante","â€¢ 19 anni â€¢
â€¢ Statista â€¢
â€¢ Rischio = Profitto â€¢
â€¢ Top 10 Investor global â€¢
#TempoDiCambiare
""Scommetti tutto con me""
â­â­â­â­â­
ğŸ‘‡#MyNumber ğŸ‘‡",16,331,75
s.f.la.via.98,@emanuele_adriano.sigari,"â€¢ 19 anni â€¢
â€¢ Statista â€¢
â€¢ Rischio = Profitto â€¢
â€¢ Top 10 Investor global â€¢
#TempoDiCambiare
""Scommetti tutto con me""
â­â­â­â­â­
ğŸ‘‡#MyNumber ğŸ‘‡",16,331,75
antoniopanzitta_,Buffone,,32,227,17
capriatigennaro,"Presidente ti vogliamo vedere in piazza a bari",,2,31,1
capriatigennaro,"Non mi sta bene il candidato x la cittÃ  di Bari ci sono personaggi piÃ¹ conosciuti",,2,31,1
mike9.7,"@giannisarica tu non ci stai con la testa..!","With great power, comes great responsibility.",175,1000,41
mike9.7,"@giannisarica mi fa piacere che ne sei consapevole","With great power, comes great responsibility.",175,1000,41
mike9.7,"@giannisarica stai rivotando una mummia che ha fatto una vita a sparare puttanate, dio cristo !","With great power, comes great responsibility.",175,1000,41
