442,15,Bfs7xiLhjX8
442,15,Bfs7xiLhjX8
442,15,Bfs7xiLhjX8
442,15,Bfs7xiLhjX8
442,15,Bfs7xiLhjX8
442,15,Bfs7xiLhjX8
442,15,Bfs7xiLhjX8
442,15,Bfs7xiLhjX8
442,15,Bfs7xiLhjX8
442,15,Bfs7xiLhjX8
442,15,Bfs7xiLhjX8
442,15,Bfs7xiLhjX8
442,15,Bfs7xiLhjX8
442,15,Bfs7xiLhjX8
442,15,Bfs7xiLhjX8
633,10,Bfsw8QLBLfI
633,10,Bfsw8QLBLfI
633,10,Bfsw8QLBLfI
633,10,Bfsw8QLBLfI
633,10,Bfsw8QLBLfI
633,10,Bfsw8QLBLfI
633,10,Bfsw8QLBLfI
633,10,Bfsw8QLBLfI
633,10,Bfsw8QLBLfI
633,10,Bfsw8QLBLfI
930,11,BfsgHp4BNoW
930,11,BfsgHp4BNoW
930,11,BfsgHp4BNoW
930,11,BfsgHp4BNoW
930,11,BfsgHp4BNoW
930,11,BfsgHp4BNoW
930,11,BfsgHp4BNoW
930,11,BfsgHp4BNoW
930,11,BfsgHp4BNoW
930,11,BfsgHp4BNoW
549,8,BfsV_XFhXSY
549,8,BfsV_XFhXSY
549,8,BfsV_XFhXSY
549,8,BfsV_XFhXSY
549,8,BfsV_XFhXSY
549,8,BfsV_XFhXSY
549,8,BfsV_XFhXSY
549,8,BfsV_XFhXSY
617,15,BfsVk9_hJp8
617,15,BfsVk9_hJp8
617,15,BfsVk9_hJp8
617,15,BfsVk9_hJp8
617,15,BfsVk9_hJp8
617,15,BfsVk9_hJp8
617,15,BfsVk9_hJp8
617,15,BfsVk9_hJp8
617,15,BfsVk9_hJp8
617,15,BfsVk9_hJp8
617,15,BfsVk9_hJp8
617,15,BfsVk9_hJp8
617,15,BfsVk9_hJp8
617,15,BfsVk9_hJp8
1184,23,BfsErq2B6wi
1184,23,BfsErq2B6wi
1184,23,BfsErq2B6wi
1184,23,BfsErq2B6wi
1184,23,BfsErq2B6wi
1184,23,BfsErq2B6wi
1184,23,BfsErq2B6wi
1184,23,BfsErq2B6wi
1184,23,BfsErq2B6wi
1184,23,BfsErq2B6wi
1184,23,BfsErq2B6wi
1184,23,BfsErq2B6wi
1184,23,BfsErq2B6wi
1184,23,BfsErq2B6wi
1184,23,BfsErq2B6wi
1184,23,BfsErq2B6wi
1184,23,BfsErq2B6wi
1184,23,BfsErq2B6wi
1184,23,BfsErq2B6wi
1184,23,BfsErq2B6wi
1184,23,BfsErq2B6wi
1184,23,BfsErq2B6wi
1184,23,BfsErq2B6wi
1323,43,Bfq-S0xhMib
1323,43,Bfq-S0xhMib
1323,43,Bfq-S0xhMib
1323,43,Bfq-S0xhMib
1323,43,Bfq-S0xhMib
1323,43,Bfq-S0xhMib
1323,43,Bfq-S0xhMib
1323,43,Bfq-S0xhMib
1323,43,Bfq-S0xhMib
1323,43,Bfq-S0xhMib
1323,43,Bfq-S0xhMib
1323,43,Bfq-S0xhMib
1323,43,Bfq-S0xhMib
1323,43,Bfq-S0xhMib
1323,43,Bfq-S0xhMib
1323,43,Bfq-S0xhMib
1323,43,Bfq-S0xhMib
1323,43,Bfq-S0xhMib
1323,43,Bfq-S0xhMib
1323,43,Bfq-S0xhMib
1323,43,Bfq-S0xhMib
1323,43,Bfq-S0xhMib
1323,43,Bfq-S0xhMib
1323,43,Bfq-S0xhMib
1323,43,Bfq-S0xhMib
1323,43,Bfq-S0xhMib
1323,43,Bfq-S0xhMib
1323,43,Bfq-S0xhMib
1323,43,Bfq-S0xhMib
1323,43,Bfq-S0xhMib
1323,43,Bfq-S0xhMib
1323,43,Bfq-S0xhMib
1323,43,Bfq-S0xhMib
1323,43,Bfq-S0xhMib
1323,43,Bfq-S0xhMib
1323,43,Bfq-S0xhMib
1323,43,Bfq-S0xhMib
1323,43,Bfq-S0xhMib
1372,14,BfqwvgEB7rO
1372,14,BfqwvgEB7rO
1372,14,BfqwvgEB7rO
1372,14,BfqwvgEB7rO
1372,14,BfqwvgEB7rO
1372,14,BfqwvgEB7rO
1372,14,BfqwvgEB7rO
1372,14,BfqwvgEB7rO
1372,14,BfqwvgEB7rO
1372,14,BfqwvgEB7rO
1372,14,BfqwvgEB7rO
1372,14,BfqwvgEB7rO
1372,14,BfqwvgEB7rO
1372,14,BfqwvgEB7rO
3708,92,BfqIXPDhSYr
3708,92,BfqIXPDhSYr
3708,92,BfqIXPDhSYr
3708,92,BfqIXPDhSYr
3708,92,BfqIXPDhSYr
3708,92,BfqIXPDhSYr
3708,92,BfqIXPDhSYr
3708,92,BfqIXPDhSYr
3708,92,BfqIXPDhSYr
3708,92,BfqIXPDhSYr
3708,92,BfqIXPDhSYr
3708,92,BfqIXPDhSYr
3708,92,BfqIXPDhSYr
3708,92,BfqIXPDhSYr
3708,92,BfqIXPDhSYr
3708,92,BfqIXPDhSYr
3708,92,BfqIXPDhSYr
3708,92,BfqIXPDhSYr
3708,92,BfqIXPDhSYr
3708,92,BfqIXPDhSYr
3708,92,BfqIXPDhSYr
3708,92,BfqIXPDhSYr
3708,92,BfqIXPDhSYr
3708,92,BfqIXPDhSYr
3708,92,BfqIXPDhSYr
3708,92,BfqIXPDhSYr
3708,92,BfqIXPDhSYr
3708,92,BfqIXPDhSYr
3708,92,BfqIXPDhSYr
3708,92,BfqIXPDhSYr
3708,92,BfqIXPDhSYr
3708,92,BfqIXPDhSYr
3708,92,BfqIXPDhSYr
3708,92,BfqIXPDhSYr
3708,92,BfqIXPDhSYr
3708,92,BfqIXPDhSYr
3708,92,BfqIXPDhSYr
3708,92,BfqIXPDhSYr
3708,92,BfqIXPDhSYr
3708,92,BfqIXPDhSYr
1595,63,BfpqWFeBtMC
1595,63,BfpqWFeBtMC
1595,63,BfpqWFeBtMC
1595,63,BfpqWFeBtMC
1595,63,BfpqWFeBtMC
1595,63,BfpqWFeBtMC
1595,63,BfpqWFeBtMC
1595,63,BfpqWFeBtMC
1595,63,BfpqWFeBtMC
1595,63,BfpqWFeBtMC
1595,63,BfpqWFeBtMC
1595,63,BfpqWFeBtMC
1595,63,BfpqWFeBtMC
1595,63,BfpqWFeBtMC
1595,63,BfpqWFeBtMC
1595,63,BfpqWFeBtMC
1595,63,BfpqWFeBtMC
1595,63,BfpqWFeBtMC
1595,63,BfpqWFeBtMC
1595,63,BfpqWFeBtMC
1595,63,BfpqWFeBtMC
1595,63,BfpqWFeBtMC
1595,63,BfpqWFeBtMC
1595,63,BfpqWFeBtMC
1595,63,BfpqWFeBtMC
1595,63,BfpqWFeBtMC
1595,63,BfpqWFeBtMC
1595,63,BfpqWFeBtMC
1595,63,BfpqWFeBtMC
1595,63,BfpqWFeBtMC
1595,63,BfpqWFeBtMC
1595,63,BfpqWFeBtMC
1595,63,BfpqWFeBtMC
1595,63,BfpqWFeBtMC
1595,63,BfpqWFeBtMC
1595,63,BfpqWFeBtMC
1873,102,BfoWfkCheQh
1873,102,BfoWfkCheQh
1873,102,BfoWfkCheQh
1873,102,BfoWfkCheQh
1873,102,BfoWfkCheQh
1873,102,BfoWfkCheQh
1873,102,BfoWfkCheQh
1873,102,BfoWfkCheQh
1873,102,BfoWfkCheQh
1873,102,BfoWfkCheQh
1873,102,BfoWfkCheQh
1873,102,BfoWfkCheQh
1873,102,BfoWfkCheQh
1873,102,BfoWfkCheQh
1873,102,BfoWfkCheQh
1873,102,BfoWfkCheQh
1873,102,BfoWfkCheQh
1873,102,BfoWfkCheQh
1873,102,BfoWfkCheQh
1873,102,BfoWfkCheQh
1873,102,BfoWfkCheQh
1873,102,BfoWfkCheQh
1873,102,BfoWfkCheQh
1873,102,BfoWfkCheQh
1873,102,BfoWfkCheQh
1873,102,BfoWfkCheQh
1873,102,BfoWfkCheQh
1873,102,BfoWfkCheQh
1873,102,BfoWfkCheQh
1873,102,BfoWfkCheQh
1873,102,BfoWfkCheQh
1873,102,BfoWfkCheQh
1873,102,BfoWfkCheQh
1873,102,BfoWfkCheQh
1873,102,BfoWfkCheQh
2342,123,BfoDSN3Bgl_
2342,123,BfoDSN3Bgl_
2342,123,BfoDSN3Bgl_
2342,123,BfoDSN3Bgl_
2342,123,BfoDSN3Bgl_
2342,123,BfoDSN3Bgl_
2342,123,BfoDSN3Bgl_
2342,123,BfoDSN3Bgl_
2342,123,BfoDSN3Bgl_
2342,123,BfoDSN3Bgl_
2342,123,BfoDSN3Bgl_
2342,123,BfoDSN3Bgl_
2342,123,BfoDSN3Bgl_
2342,123,BfoDSN3Bgl_
2342,123,BfoDSN3Bgl_
2342,123,BfoDSN3Bgl_
2342,123,BfoDSN3Bgl_
2342,123,BfoDSN3Bgl_
2342,123,BfoDSN3Bgl_
2342,123,BfoDSN3Bgl_
2342,123,BfoDSN3Bgl_
2342,123,BfoDSN3Bgl_
2342,123,BfoDSN3Bgl_
2342,123,BfoDSN3Bgl_
2342,123,BfoDSN3Bgl_
2342,123,BfoDSN3Bgl_
2342,123,BfoDSN3Bgl_
2342,123,BfoDSN3Bgl_
2342,123,BfoDSN3Bgl_
2342,123,BfoDSN3Bgl_
2342,123,BfoDSN3Bgl_
2342,123,BfoDSN3Bgl_
2342,123,BfoDSN3Bgl_
2342,123,BfoDSN3Bgl_
2342,123,BfoDSN3Bgl_
2342,123,BfoDSN3Bgl_
2342,123,BfoDSN3Bgl_
2342,123,BfoDSN3Bgl_
3237,79,Bfn0cpvh4Pq
3237,79,Bfn0cpvh4Pq
3237,79,Bfn0cpvh4Pq
3237,79,Bfn0cpvh4Pq
3237,79,Bfn0cpvh4Pq
3237,79,Bfn0cpvh4Pq
3237,79,Bfn0cpvh4Pq
3237,79,Bfn0cpvh4Pq
3237,79,Bfn0cpvh4Pq
3237,79,Bfn0cpvh4Pq
3237,79,Bfn0cpvh4Pq
3237,79,Bfn0cpvh4Pq
3237,79,Bfn0cpvh4Pq
3237,79,Bfn0cpvh4Pq
3237,79,Bfn0cpvh4Pq
3237,79,Bfn0cpvh4Pq
3237,79,Bfn0cpvh4Pq
3237,79,Bfn0cpvh4Pq
3237,79,Bfn0cpvh4Pq
3237,79,Bfn0cpvh4Pq
3237,79,Bfn0cpvh4Pq
3237,79,Bfn0cpvh4Pq
3237,79,Bfn0cpvh4Pq
3237,79,Bfn0cpvh4Pq
3237,79,Bfn0cpvh4Pq
3237,79,Bfn0cpvh4Pq
3237,79,Bfn0cpvh4Pq
3237,79,Bfn0cpvh4Pq
3237,79,Bfn0cpvh4Pq
3237,79,Bfn0cpvh4Pq
3237,79,Bfn0cpvh4Pq
3237,79,Bfn0cpvh4Pq
3237,79,Bfn0cpvh4Pq
3237,79,Bfn0cpvh4Pq
3237,79,Bfn0cpvh4Pq
3237,79,Bfn0cpvh4Pq
3237,79,Bfn0cpvh4Pq
3237,79,Bfn0cpvh4Pq
2331,76,BfnirZIh0B6
2331,76,BfnirZIh0B6
2331,76,BfnirZIh0B6
2331,76,BfnirZIh0B6
2331,76,BfnirZIh0B6
2331,76,BfnirZIh0B6
2331,76,BfnirZIh0B6
2331,76,BfnirZIh0B6
2331,76,BfnirZIh0B6
2331,76,BfnirZIh0B6
2331,76,BfnirZIh0B6
2331,76,BfnirZIh0B6
2331,76,BfnirZIh0B6
2331,76,BfnirZIh0B6
2331,76,BfnirZIh0B6
2331,76,BfnirZIh0B6
2331,76,BfnirZIh0B6
2331,76,BfnirZIh0B6
2331,76,BfnirZIh0B6
2331,76,BfnirZIh0B6
2331,76,BfnirZIh0B6
2331,76,BfnirZIh0B6
2331,76,BfnirZIh0B6
2331,76,BfnirZIh0B6
2331,76,BfnirZIh0B6
2331,76,BfnirZIh0B6
2331,76,BfnirZIh0B6
2331,76,BfnirZIh0B6
2331,76,BfnirZIh0B6
2331,76,BfnirZIh0B6
2331,76,BfnirZIh0B6
2331,76,BfnirZIh0B6
2331,76,BfnirZIh0B6
2331,76,BfnirZIh0B6
2331,76,BfnirZIh0B6
2331,76,BfnirZIh0B6
2331,76,BfnirZIh0B6
2331,76,BfnirZIh0B6
2331,76,BfnirZIh0B6
2773,87,BfnVt17BxNd
2773,87,BfnVt17BxNd
2773,87,BfnVt17BxNd
2773,87,BfnVt17BxNd
2773,87,BfnVt17BxNd
2773,87,BfnVt17BxNd
2773,87,BfnVt17BxNd
2773,87,BfnVt17BxNd
2773,87,BfnVt17BxNd
2773,87,BfnVt17BxNd
2773,87,BfnVt17BxNd
2773,87,BfnVt17BxNd
2773,87,BfnVt17BxNd
2773,87,BfnVt17BxNd
2773,87,BfnVt17BxNd
2773,87,BfnVt17BxNd
2773,87,BfnVt17BxNd
2773,87,BfnVt17BxNd
2773,87,BfnVt17BxNd
2773,87,BfnVt17BxNd
2773,87,BfnVt17BxNd
2773,87,BfnVt17BxNd
2773,87,BfnVt17BxNd
2773,87,BfnVt17BxNd
2773,87,BfnVt17BxNd
2773,87,BfnVt17BxNd
2773,87,BfnVt17BxNd
2773,87,BfnVt17BxNd
2773,87,BfnVt17BxNd
2773,87,BfnVt17BxNd
2773,87,BfnVt17BxNd
2773,87,BfnVt17BxNd
2773,87,BfnVt17BxNd
2773,87,BfnVt17BxNd
2773,87,BfnVt17BxNd
2773,87,BfnVt17BxNd
2773,87,BfnVt17BxNd
2773,87,BfnVt17BxNd
2773,87,BfnVt17BxNd
2631,279,Bfl1IZ4Bmmr
2631,279,Bfl1IZ4Bmmr
2631,279,Bfl1IZ4Bmmr
2631,279,Bfl1IZ4Bmmr
2631,279,Bfl1IZ4Bmmr
2631,279,Bfl1IZ4Bmmr
2631,279,Bfl1IZ4Bmmr
2631,279,Bfl1IZ4Bmmr
2631,279,Bfl1IZ4Bmmr
2631,279,Bfl1IZ4Bmmr
2631,279,Bfl1IZ4Bmmr
2631,279,Bfl1IZ4Bmmr
2631,279,Bfl1IZ4Bmmr
2631,279,Bfl1IZ4Bmmr
2631,279,Bfl1IZ4Bmmr
2631,279,Bfl1IZ4Bmmr
2631,279,Bfl1IZ4Bmmr
2631,279,Bfl1IZ4Bmmr
2631,279,Bfl1IZ4Bmmr
2631,279,Bfl1IZ4Bmmr
2631,279,Bfl1IZ4Bmmr
2631,279,Bfl1IZ4Bmmr
2631,279,Bfl1IZ4Bmmr
2631,279,Bfl1IZ4Bmmr
2631,279,Bfl1IZ4Bmmr
2631,279,Bfl1IZ4Bmmr
2631,279,Bfl1IZ4Bmmr
2631,279,Bfl1IZ4Bmmr
2631,279,Bfl1IZ4Bmmr
2631,279,Bfl1IZ4Bmmr
2631,279,Bfl1IZ4Bmmr
2631,279,Bfl1IZ4Bmmr
2631,279,Bfl1IZ4Bmmr
2631,279,Bfl1IZ4Bmmr
2631,279,Bfl1IZ4Bmmr
2631,279,Bfl1IZ4Bmmr
2631,279,Bfl1IZ4Bmmr
2780,695,BfjWWI3hPyi
2780,695,BfjWWI3hPyi
2780,695,BfjWWI3hPyi
2780,695,BfjWWI3hPyi
2780,695,BfjWWI3hPyi
2780,695,BfjWWI3hPyi
2780,695,BfjWWI3hPyi
2780,695,BfjWWI3hPyi
2780,695,BfjWWI3hPyi
2780,695,BfjWWI3hPyi
2780,695,BfjWWI3hPyi
2780,695,BfjWWI3hPyi
2780,695,BfjWWI3hPyi
2780,695,BfjWWI3hPyi
2780,695,BfjWWI3hPyi
2780,695,BfjWWI3hPyi
2780,695,BfjWWI3hPyi
2780,695,BfjWWI3hPyi
2780,695,BfjWWI3hPyi
2780,695,BfjWWI3hPyi
2780,695,BfjWWI3hPyi
2780,695,BfjWWI3hPyi
2780,695,BfjWWI3hPyi
2780,695,BfjWWI3hPyi
2780,695,BfjWWI3hPyi
2780,695,BfjWWI3hPyi
2780,695,BfjWWI3hPyi
2780,695,BfjWWI3hPyi
2780,695,BfjWWI3hPyi
2780,695,BfjWWI3hPyi
2780,695,BfjWWI3hPyi
2780,695,BfjWWI3hPyi
2780,695,BfjWWI3hPyi
2780,695,BfjWWI3hPyi
2780,695,BfjWWI3hPyi
2780,695,BfjWWI3hPyi
2780,695,BfjWWI3hPyi
2780,695,BfjWWI3hPyi
2170,47,BfjQHe1BmII
2170,47,BfjQHe1BmII
2170,47,BfjQHe1BmII
2170,47,BfjQHe1BmII
2170,47,BfjQHe1BmII
2170,47,BfjQHe1BmII
2170,47,BfjQHe1BmII
2170,47,BfjQHe1BmII
2170,47,BfjQHe1BmII
2170,47,BfjQHe1BmII
2170,47,BfjQHe1BmII
2170,47,BfjQHe1BmII
2170,47,BfjQHe1BmII
2170,47,BfjQHe1BmII
2170,47,BfjQHe1BmII
2170,47,BfjQHe1BmII
2170,47,BfjQHe1BmII
2170,47,BfjQHe1BmII
2170,47,BfjQHe1BmII
2170,47,BfjQHe1BmII
2170,47,BfjQHe1BmII
2170,47,BfjQHe1BmII
2170,47,BfjQHe1BmII
2170,47,BfjQHe1BmII
2170,47,BfjQHe1BmII
2170,47,BfjQHe1BmII
2170,47,BfjQHe1BmII
2170,47,BfjQHe1BmII
2170,47,BfjQHe1BmII
2170,47,BfjQHe1BmII
2170,47,BfjQHe1BmII
2170,47,BfjQHe1BmII
4675,116,BfjFiDnh5rw
4675,116,BfjFiDnh5rw
4675,116,BfjFiDnh5rw
4675,116,BfjFiDnh5rw
4675,116,BfjFiDnh5rw
4675,116,BfjFiDnh5rw
4675,116,BfjFiDnh5rw
4675,116,BfjFiDnh5rw
4675,116,BfjFiDnh5rw
4675,116,BfjFiDnh5rw
4675,116,BfjFiDnh5rw
4675,116,BfjFiDnh5rw
4675,116,BfjFiDnh5rw
4675,116,BfjFiDnh5rw
4675,116,BfjFiDnh5rw
4675,116,BfjFiDnh5rw
4675,116,BfjFiDnh5rw
4675,116,BfjFiDnh5rw
4675,116,BfjFiDnh5rw
4675,116,BfjFiDnh5rw
4675,116,BfjFiDnh5rw
4675,116,BfjFiDnh5rw
4675,116,BfjFiDnh5rw
4675,116,BfjFiDnh5rw
4675,116,BfjFiDnh5rw
4675,116,BfjFiDnh5rw
4675,116,BfjFiDnh5rw
4675,116,BfjFiDnh5rw
4675,116,BfjFiDnh5rw
4675,116,BfjFiDnh5rw
4675,116,BfjFiDnh5rw
4675,116,BfjFiDnh5rw
4675,116,BfjFiDnh5rw
4675,116,BfjFiDnh5rw
1908,29,BfjAus_BMlO
1908,29,BfjAus_BMlO
1908,29,BfjAus_BMlO
1908,29,BfjAus_BMlO
1908,29,BfjAus_BMlO
1908,29,BfjAus_BMlO
1908,29,BfjAus_BMlO
1908,29,BfjAus_BMlO
1908,29,BfjAus_BMlO
1908,29,BfjAus_BMlO
1908,29,BfjAus_BMlO
1908,29,BfjAus_BMlO
1908,29,BfjAus_BMlO
1908,29,BfjAus_BMlO
1908,29,BfjAus_BMlO
1908,29,BfjAus_BMlO
1908,29,BfjAus_BMlO
1908,29,BfjAus_BMlO
1908,29,BfjAus_BMlO
1908,29,BfjAus_BMlO
1908,29,BfjAus_BMlO
1908,29,BfjAus_BMlO
1908,29,BfjAus_BMlO
2130,94,BfgiExHB5FB
2130,94,BfgiExHB5FB
2130,94,BfgiExHB5FB
2130,94,BfgiExHB5FB
2130,94,BfgiExHB5FB
2130,94,BfgiExHB5FB
2130,94,BfgiExHB5FB
2130,94,BfgiExHB5FB
2130,94,BfgiExHB5FB
2130,94,BfgiExHB5FB
2130,94,BfgiExHB5FB
2130,94,BfgiExHB5FB
2130,94,BfgiExHB5FB
2130,94,BfgiExHB5FB
2130,94,BfgiExHB5FB
2130,94,BfgiExHB5FB
2130,94,BfgiExHB5FB
2130,94,BfgiExHB5FB
2130,94,BfgiExHB5FB
2130,94,BfgiExHB5FB
2130,94,BfgiExHB5FB
2130,94,BfgiExHB5FB
2130,94,BfgiExHB5FB
2130,94,BfgiExHB5FB
2130,94,BfgiExHB5FB
2130,94,BfgiExHB5FB
2130,94,BfgiExHB5FB
2130,94,BfgiExHB5FB
2130,94,BfgiExHB5FB
2130,94,BfgiExHB5FB
2130,94,BfgiExHB5FB
2130,94,BfgiExHB5FB
2130,94,BfgiExHB5FB
1705,62,BffUEn3ha73
1705,62,BffUEn3ha73
1705,62,BffUEn3ha73
1705,62,BffUEn3ha73
1705,62,BffUEn3ha73
1705,62,BffUEn3ha73
1705,62,BffUEn3ha73
1705,62,BffUEn3ha73
1705,62,BffUEn3ha73
1705,62,BffUEn3ha73
1705,62,BffUEn3ha73
1705,62,BffUEn3ha73
1705,62,BffUEn3ha73
1705,62,BffUEn3ha73
1705,62,BffUEn3ha73
1705,62,BffUEn3ha73
1705,62,BffUEn3ha73
1705,62,BffUEn3ha73
1705,62,BffUEn3ha73
1705,62,BffUEn3ha73
1705,62,BffUEn3ha73
1705,62,BffUEn3ha73
1705,62,BffUEn3ha73
1705,62,BffUEn3ha73
1705,62,BffUEn3ha73
1705,62,BffUEn3ha73
2755,48,BfeV7OlhhtU
2755,48,BfeV7OlhhtU
2755,48,BfeV7OlhhtU
2755,48,BfeV7OlhhtU
2755,48,BfeV7OlhhtU
2755,48,BfeV7OlhhtU
2755,48,BfeV7OlhhtU
2755,48,BfeV7OlhhtU
2755,48,BfeV7OlhhtU
2755,48,BfeV7OlhhtU
2755,48,BfeV7OlhhtU
2755,48,BfeV7OlhhtU
2755,48,BfeV7OlhhtU
2755,48,BfeV7OlhhtU
2755,48,BfeV7OlhhtU
2755,48,BfeV7OlhhtU
2755,48,BfeV7OlhhtU
2755,48,BfeV7OlhhtU
2755,48,BfeV7OlhhtU
2755,48,BfeV7OlhhtU
2755,48,BfeV7OlhhtU
2755,48,BfeV7OlhhtU
2755,48,BfeV7OlhhtU
2755,48,BfeV7OlhhtU
2755,48,BfeV7OlhhtU
2755,48,BfeV7OlhhtU
2755,48,BfeV7OlhhtU
2755,48,BfeV7OlhhtU
2755,48,BfeV7OlhhtU
2755,48,BfeV7OlhhtU
2755,48,BfeV7OlhhtU
2755,48,BfeV7OlhhtU
2755,48,BfeV7OlhhtU
2755,48,BfeV7OlhhtU
2755,48,BfeV7OlhhtU
2755,48,BfeV7OlhhtU
2755,48,BfeV7OlhhtU
2755,48,BfeV7OlhhtU
2755,48,BfeV7OlhhtU
3663,240,BfeGf9nhJ5O
3663,240,BfeGf9nhJ5O
3663,240,BfeGf9nhJ5O
3663,240,BfeGf9nhJ5O
3663,240,BfeGf9nhJ5O
3663,240,BfeGf9nhJ5O
3663,240,BfeGf9nhJ5O
3663,240,BfeGf9nhJ5O
3663,240,BfeGf9nhJ5O
3663,240,BfeGf9nhJ5O
3663,240,BfeGf9nhJ5O
3663,240,BfeGf9nhJ5O
3663,240,BfeGf9nhJ5O
3663,240,BfeGf9nhJ5O
3663,240,BfeGf9nhJ5O
3663,240,BfeGf9nhJ5O
3663,240,BfeGf9nhJ5O
3663,240,BfeGf9nhJ5O
3663,240,BfeGf9nhJ5O
3663,240,BfeGf9nhJ5O
3663,240,BfeGf9nhJ5O
3663,240,BfeGf9nhJ5O
3663,240,BfeGf9nhJ5O
3663,240,BfeGf9nhJ5O
3663,240,BfeGf9nhJ5O
3663,240,BfeGf9nhJ5O
3663,240,BfeGf9nhJ5O
3663,240,BfeGf9nhJ5O
3663,240,BfeGf9nhJ5O
3663,240,BfeGf9nhJ5O
3663,240,BfeGf9nhJ5O
3663,240,BfeGf9nhJ5O
3663,240,BfeGf9nhJ5O
3663,240,BfeGf9nhJ5O
3663,240,BfeGf9nhJ5O
3663,240,BfeGf9nhJ5O
3663,240,BfeGf9nhJ5O
3663,240,BfeGf9nhJ5O
3663,240,BfeGf9nhJ5O
3663,240,BfeGf9nhJ5O
1864,29,BfeA9rahSsW
1864,29,BfeA9rahSsW
1864,29,BfeA9rahSsW
1864,29,BfeA9rahSsW
1864,29,BfeA9rahSsW
1864,29,BfeA9rahSsW
1864,29,BfeA9rahSsW
1864,29,BfeA9rahSsW
1864,29,BfeA9rahSsW
1864,29,BfeA9rahSsW
1864,29,BfeA9rahSsW
1864,29,BfeA9rahSsW
1864,29,BfeA9rahSsW
1864,29,BfeA9rahSsW
1864,29,BfeA9rahSsW
1864,29,BfeA9rahSsW
1864,29,BfeA9rahSsW
1864,29,BfeA9rahSsW
1864,29,BfeA9rahSsW
1864,29,BfeA9rahSsW
1864,29,BfeA9rahSsW
1864,29,BfeA9rahSsW
1864,29,BfeA9rahSsW
1864,29,BfeA9rahSsW
2046,14,Bfd2mQGhtU2
2046,14,Bfd2mQGhtU2
2046,14,Bfd2mQGhtU2
2046,14,Bfd2mQGhtU2
2046,14,Bfd2mQGhtU2
2046,14,Bfd2mQGhtU2
2046,14,Bfd2mQGhtU2
2046,14,Bfd2mQGhtU2
2046,14,Bfd2mQGhtU2
3340,57,Bfdla4dBdEC
3340,57,Bfdla4dBdEC
3340,57,Bfdla4dBdEC
3340,57,Bfdla4dBdEC
3340,57,Bfdla4dBdEC
3340,57,Bfdla4dBdEC
3340,57,Bfdla4dBdEC
3340,57,Bfdla4dBdEC
3340,57,Bfdla4dBdEC
3340,57,Bfdla4dBdEC
3340,57,Bfdla4dBdEC
3340,57,Bfdla4dBdEC
3340,57,Bfdla4dBdEC
3340,57,Bfdla4dBdEC
3340,57,Bfdla4dBdEC
3340,57,Bfdla4dBdEC
3340,57,Bfdla4dBdEC
3340,57,Bfdla4dBdEC
3340,57,Bfdla4dBdEC
3340,57,Bfdla4dBdEC
3340,57,Bfdla4dBdEC
3340,57,Bfdla4dBdEC
3340,57,Bfdla4dBdEC
3340,57,Bfdla4dBdEC
3340,57,Bfdla4dBdEC
3340,57,Bfdla4dBdEC
3340,57,Bfdla4dBdEC
3340,57,Bfdla4dBdEC
3340,57,Bfdla4dBdEC
3340,57,Bfdla4dBdEC
3340,57,Bfdla4dBdEC
3340,57,Bfdla4dBdEC
3340,57,Bfdla4dBdEC
3340,57,Bfdla4dBdEC
3340,57,Bfdla4dBdEC
3340,57,Bfdla4dBdEC
3340,57,Bfdla4dBdEC
2831,85,BfbOopyh9WC
2831,85,BfbOopyh9WC
2831,85,BfbOopyh9WC
2831,85,BfbOopyh9WC
2831,85,BfbOopyh9WC
2831,85,BfbOopyh9WC
2831,85,BfbOopyh9WC
2831,85,BfbOopyh9WC
2831,85,BfbOopyh9WC
2831,85,BfbOopyh9WC
2831,85,BfbOopyh9WC
2831,85,BfbOopyh9WC
2831,85,BfbOopyh9WC
2831,85,BfbOopyh9WC
2831,85,BfbOopyh9WC
2831,85,BfbOopyh9WC
2831,85,BfbOopyh9WC
2831,85,BfbOopyh9WC
2831,85,BfbOopyh9WC
2831,85,BfbOopyh9WC
2831,85,BfbOopyh9WC
2831,85,BfbOopyh9WC
2831,85,BfbOopyh9WC
2831,85,BfbOopyh9WC
2831,85,BfbOopyh9WC
4809,271,BfZMCz8hIk3
4809,271,BfZMCz8hIk3
4809,271,BfZMCz8hIk3
4809,271,BfZMCz8hIk3
4809,271,BfZMCz8hIk3
4809,271,BfZMCz8hIk3
4809,271,BfZMCz8hIk3
4809,271,BfZMCz8hIk3
4809,271,BfZMCz8hIk3
4809,271,BfZMCz8hIk3
4809,271,BfZMCz8hIk3
4809,271,BfZMCz8hIk3
4809,271,BfZMCz8hIk3
4809,271,BfZMCz8hIk3
4809,271,BfZMCz8hIk3
4809,271,BfZMCz8hIk3
4809,271,BfZMCz8hIk3
4809,271,BfZMCz8hIk3
4809,271,BfZMCz8hIk3
4809,271,BfZMCz8hIk3
4809,271,BfZMCz8hIk3
4809,271,BfZMCz8hIk3
4809,271,BfZMCz8hIk3
4809,271,BfZMCz8hIk3
4809,271,BfZMCz8hIk3
4809,271,BfZMCz8hIk3
4809,271,BfZMCz8hIk3
4809,271,BfZMCz8hIk3
4809,271,BfZMCz8hIk3
4809,271,BfZMCz8hIk3
4809,271,BfZMCz8hIk3
4809,271,BfZMCz8hIk3
4809,271,BfZMCz8hIk3
4809,271,BfZMCz8hIk3
4809,271,BfZMCz8hIk3
4809,271,BfZMCz8hIk3
4809,271,BfZMCz8hIk3
4809,271,BfZMCz8hIk3
4809,271,BfZMCz8hIk3
4809,271,BfZMCz8hIk3
2201,45,BfZAYNmBXjI
2201,45,BfZAYNmBXjI
2201,45,BfZAYNmBXjI
2201,45,BfZAYNmBXjI
2201,45,BfZAYNmBXjI
2201,45,BfZAYNmBXjI
2201,45,BfZAYNmBXjI
2201,45,BfZAYNmBXjI
2201,45,BfZAYNmBXjI
2201,45,BfZAYNmBXjI
2201,45,BfZAYNmBXjI
2201,45,BfZAYNmBXjI
2201,45,BfZAYNmBXjI
2201,45,BfZAYNmBXjI
2201,45,BfZAYNmBXjI
2201,45,BfZAYNmBXjI
2201,45,BfZAYNmBXjI
2201,45,BfZAYNmBXjI
2201,45,BfZAYNmBXjI
2201,45,BfZAYNmBXjI
2201,45,BfZAYNmBXjI
2201,45,BfZAYNmBXjI
2201,45,BfZAYNmBXjI
2201,45,BfZAYNmBXjI
2201,45,BfZAYNmBXjI
2201,45,BfZAYNmBXjI
2201,45,BfZAYNmBXjI
2201,45,BfZAYNmBXjI
2201,45,BfZAYNmBXjI
2201,45,BfZAYNmBXjI
2201,45,BfZAYNmBXjI
2201,45,BfZAYNmBXjI
2201,45,BfZAYNmBXjI
2201,45,BfZAYNmBXjI
2201,45,BfZAYNmBXjI
2201,45,BfZAYNmBXjI
2201,45,BfZAYNmBXjI
2201,45,BfZAYNmBXjI
2302,60,BfYw6DrBUsB
2302,60,BfYw6DrBUsB
2302,60,BfYw6DrBUsB
2302,60,BfYw6DrBUsB
2302,60,BfYw6DrBUsB
2302,60,BfYw6DrBUsB
2302,60,BfYw6DrBUsB
2302,60,BfYw6DrBUsB
2302,60,BfYw6DrBUsB
2302,60,BfYw6DrBUsB
2302,60,BfYw6DrBUsB
2302,60,BfYw6DrBUsB
2302,60,BfYw6DrBUsB
2302,60,BfYw6DrBUsB
2302,60,BfYw6DrBUsB
2302,60,BfYw6DrBUsB
2302,60,BfYw6DrBUsB
2302,60,BfYw6DrBUsB
2302,60,BfYw6DrBUsB
2302,60,BfYw6DrBUsB
2302,60,BfYw6DrBUsB
2302,60,BfYw6DrBUsB
2302,60,BfYw6DrBUsB
2302,60,BfYw6DrBUsB
2302,60,BfYw6DrBUsB
2302,60,BfYw6DrBUsB
2302,60,BfYw6DrBUsB
2302,60,BfYw6DrBUsB
2302,60,BfYw6DrBUsB
2302,60,BfYw6DrBUsB
2302,60,BfYw6DrBUsB
2302,60,BfYw6DrBUsB
2302,60,BfYw6DrBUsB
2302,60,BfYw6DrBUsB
2302,60,BfYw6DrBUsB
2302,60,BfYw6DrBUsB
2302,60,BfYw6DrBUsB
2302,60,BfYw6DrBUsB
2302,60,BfYw6DrBUsB
1962,65,BfX8RsWhmPA
1962,65,BfX8RsWhmPA
1962,65,BfX8RsWhmPA
1962,65,BfX8RsWhmPA
1962,65,BfX8RsWhmPA
1962,65,BfX8RsWhmPA
1962,65,BfX8RsWhmPA
1962,65,BfX8RsWhmPA
1962,65,BfX8RsWhmPA
1962,65,BfX8RsWhmPA
1962,65,BfX8RsWhmPA
1962,65,BfX8RsWhmPA
1962,65,BfX8RsWhmPA
1962,65,BfX8RsWhmPA
1962,65,BfX8RsWhmPA
1962,65,BfX8RsWhmPA
1962,65,BfX8RsWhmPA
1962,65,BfX8RsWhmPA
1962,65,BfX8RsWhmPA
1962,65,BfX8RsWhmPA
1962,65,BfX8RsWhmPA
1962,65,BfX8RsWhmPA
1962,65,BfX8RsWhmPA
1962,65,BfX8RsWhmPA
1962,65,BfX8RsWhmPA
1962,65,BfX8RsWhmPA
1962,65,BfX8RsWhmPA
1962,65,BfX8RsWhmPA
1962,65,BfX8RsWhmPA
1962,65,BfX8RsWhmPA
1962,65,BfX8RsWhmPA
1962,65,BfX8RsWhmPA
1962,65,BfX8RsWhmPA
1962,65,BfX8RsWhmPA
1962,65,BfX8RsWhmPA
1962,65,BfX8RsWhmPA
1962,65,BfX8RsWhmPA
1962,65,BfX8RsWhmPA
6599,179,BfWlt2Nh4Nb
6599,179,BfWlt2Nh4Nb
6599,179,BfWlt2Nh4Nb
6599,179,BfWlt2Nh4Nb
6599,179,BfWlt2Nh4Nb
6599,179,BfWlt2Nh4Nb
6599,179,BfWlt2Nh4Nb
6599,179,BfWlt2Nh4Nb
6599,179,BfWlt2Nh4Nb
6599,179,BfWlt2Nh4Nb
6599,179,BfWlt2Nh4Nb
6599,179,BfWlt2Nh4Nb
6599,179,BfWlt2Nh4Nb
6599,179,BfWlt2Nh4Nb
6599,179,BfWlt2Nh4Nb
6599,179,BfWlt2Nh4Nb
6599,179,BfWlt2Nh4Nb
6599,179,BfWlt2Nh4Nb
6599,179,BfWlt2Nh4Nb
6599,179,BfWlt2Nh4Nb
6599,179,BfWlt2Nh4Nb
6599,179,BfWlt2Nh4Nb
6599,179,BfWlt2Nh4Nb
6599,179,BfWlt2Nh4Nb
6599,179,BfWlt2Nh4Nb
6599,179,BfWlt2Nh4Nb
6599,179,BfWlt2Nh4Nb
6599,179,BfWlt2Nh4Nb
6599,179,BfWlt2Nh4Nb
6599,179,BfWlt2Nh4Nb
6599,179,BfWlt2Nh4Nb
6599,179,BfWlt2Nh4Nb
6599,179,BfWlt2Nh4Nb
6599,179,BfWlt2Nh4Nb
6599,179,BfWlt2Nh4Nb
6599,179,BfWlt2Nh4Nb
6599,179,BfWlt2Nh4Nb
6599,179,BfWlt2Nh4Nb
6599,179,BfWlt2Nh4Nb
6599,179,BfWlt2Nh4Nb
2247,85,BfWLOpeBdOs
2247,85,BfWLOpeBdOs
2247,85,BfWLOpeBdOs
2247,85,BfWLOpeBdOs
2247,85,BfWLOpeBdOs
2247,85,BfWLOpeBdOs
2247,85,BfWLOpeBdOs
2247,85,BfWLOpeBdOs
2247,85,BfWLOpeBdOs
2247,85,BfWLOpeBdOs
2247,85,BfWLOpeBdOs
2247,85,BfWLOpeBdOs
2247,85,BfWLOpeBdOs
2247,85,BfWLOpeBdOs
2247,85,BfWLOpeBdOs
2247,85,BfWLOpeBdOs
2247,85,BfWLOpeBdOs
2247,85,BfWLOpeBdOs
2247,85,BfWLOpeBdOs
2247,85,BfWLOpeBdOs
2247,85,BfWLOpeBdOs
2247,85,BfWLOpeBdOs
2247,85,BfWLOpeBdOs
2247,85,BfWLOpeBdOs
2247,85,BfWLOpeBdOs
2247,85,BfWLOpeBdOs
2247,85,BfWLOpeBdOs
2247,85,BfWLOpeBdOs
2247,85,BfWLOpeBdOs
2247,85,BfWLOpeBdOs
2247,85,BfWLOpeBdOs
2247,85,BfWLOpeBdOs
2247,85,BfWLOpeBdOs
2247,85,BfWLOpeBdOs
2247,85,BfWLOpeBdOs
2247,85,BfWLOpeBdOs
2247,85,BfWLOpeBdOs
2247,85,BfWLOpeBdOs
2247,85,BfWLOpeBdOs
2247,85,BfWLOpeBdOs
1783,56,BfVf91pBA97
1783,56,BfVf91pBA97
1783,56,BfVf91pBA97
1783,56,BfVf91pBA97
1783,56,BfVf91pBA97
1783,56,BfVf91pBA97
1783,56,BfVf91pBA97
1783,56,BfVf91pBA97
1783,56,BfVf91pBA97
1783,56,BfVf91pBA97
1783,56,BfVf91pBA97
1783,56,BfVf91pBA97
1783,56,BfVf91pBA97
1783,56,BfVf91pBA97
1783,56,BfVf91pBA97
1783,56,BfVf91pBA97
1783,56,BfVf91pBA97
1783,56,BfVf91pBA97
1783,56,BfVf91pBA97
1783,56,BfVf91pBA97
1783,56,BfVf91pBA97
1783,56,BfVf91pBA97
1783,56,BfVf91pBA97
1783,56,BfVf91pBA97
1783,56,BfVf91pBA97
1783,56,BfVf91pBA97
1783,56,BfVf91pBA97
1783,56,BfVf91pBA97
1783,56,BfVf91pBA97
1783,56,BfVf91pBA97
1783,56,BfVf91pBA97
1783,56,BfVf91pBA97
1783,56,BfVf91pBA97
1783,56,BfVf91pBA97
1783,56,BfVf91pBA97
1783,56,BfVf91pBA97
1397,65,BfT5n4xBP9a
1397,65,BfT5n4xBP9a
1397,65,BfT5n4xBP9a
1397,65,BfT5n4xBP9a
1397,65,BfT5n4xBP9a
1397,65,BfT5n4xBP9a
1397,65,BfT5n4xBP9a
1397,65,BfT5n4xBP9a
1397,65,BfT5n4xBP9a
1397,65,BfT5n4xBP9a
1397,65,BfT5n4xBP9a
1397,65,BfT5n4xBP9a
1397,65,BfT5n4xBP9a
1397,65,BfT5n4xBP9a
1397,65,BfT5n4xBP9a
1397,65,BfT5n4xBP9a
1397,65,BfT5n4xBP9a
1397,65,BfT5n4xBP9a
1397,65,BfT5n4xBP9a
1397,65,BfT5n4xBP9a
1397,65,BfT5n4xBP9a
1397,65,BfT5n4xBP9a
1397,65,BfT5n4xBP9a
1397,65,BfT5n4xBP9a
1397,65,BfT5n4xBP9a
1397,65,BfT5n4xBP9a
1397,65,BfT5n4xBP9a
1397,65,BfT5n4xBP9a
1397,65,BfT5n4xBP9a
1397,65,BfT5n4xBP9a
1397,65,BfT5n4xBP9a
1397,65,BfT5n4xBP9a
1397,65,BfT5n4xBP9a
1397,65,BfT5n4xBP9a
1397,65,BfT5n4xBP9a
1397,65,BfT5n4xBP9a
1397,65,BfT5n4xBP9a
1397,65,BfT5n4xBP9a
1541,84,BfTmCF-he7T
1541,84,BfTmCF-he7T
1541,84,BfTmCF-he7T
1541,84,BfTmCF-he7T
1541,84,BfTmCF-he7T
1541,84,BfTmCF-he7T
1541,84,BfTmCF-he7T
1541,84,BfTmCF-he7T
1541,84,BfTmCF-he7T
1541,84,BfTmCF-he7T
1541,84,BfTmCF-he7T
1541,84,BfTmCF-he7T
1541,84,BfTmCF-he7T
1541,84,BfTmCF-he7T
1541,84,BfTmCF-he7T
1541,84,BfTmCF-he7T
1541,84,BfTmCF-he7T
1541,84,BfTmCF-he7T
1541,84,BfTmCF-he7T
1541,84,BfTmCF-he7T
1541,84,BfTmCF-he7T
1541,84,BfTmCF-he7T
1541,84,BfTmCF-he7T
1541,84,BfTmCF-he7T
1541,84,BfTmCF-he7T
1541,84,BfTmCF-he7T
1541,84,BfTmCF-he7T
1541,84,BfTmCF-he7T
1541,84,BfTmCF-he7T
1541,84,BfTmCF-he7T
1541,84,BfTmCF-he7T
1541,84,BfTmCF-he7T
1541,84,BfTmCF-he7T
1541,84,BfTmCF-he7T
1541,84,BfTmCF-he7T
1541,84,BfTmCF-he7T
1541,84,BfTmCF-he7T
1541,84,BfTmCF-he7T
1541,84,BfTmCF-he7T
1541,84,BfTmCF-he7T
2522,222,BfRGf0thF9G
2522,222,BfRGf0thF9G
2522,222,BfRGf0thF9G
2522,222,BfRGf0thF9G
2522,222,BfRGf0thF9G
2522,222,BfRGf0thF9G
2522,222,BfRGf0thF9G
2522,222,BfRGf0thF9G
2522,222,BfRGf0thF9G
2522,222,BfRGf0thF9G
2522,222,BfRGf0thF9G
2522,222,BfRGf0thF9G
2522,222,BfRGf0thF9G
2522,222,BfRGf0thF9G
2522,222,BfRGf0thF9G
2522,222,BfRGf0thF9G
2522,222,BfRGf0thF9G
2522,222,BfRGf0thF9G
2522,222,BfRGf0thF9G
2522,222,BfRGf0thF9G
2522,222,BfRGf0thF9G
2522,222,BfRGf0thF9G
2522,222,BfRGf0thF9G
2522,222,BfRGf0thF9G
2522,222,BfRGf0thF9G
2522,222,BfRGf0thF9G
2522,222,BfRGf0thF9G
2522,222,BfRGf0thF9G
2522,222,BfRGf0thF9G
2522,222,BfRGf0thF9G
2522,222,BfRGf0thF9G
2522,222,BfRGf0thF9G
2522,222,BfRGf0thF9G
2522,222,BfRGf0thF9G
2522,222,BfRGf0thF9G
2522,222,BfRGf0thF9G
2522,222,BfRGf0thF9G
2522,222,BfRGf0thF9G
2522,222,BfRGf0thF9G
1237,35,BfQpSaUhWNL
1237,35,BfQpSaUhWNL
1237,35,BfQpSaUhWNL
1237,35,BfQpSaUhWNL
1237,35,BfQpSaUhWNL
1237,35,BfQpSaUhWNL
1237,35,BfQpSaUhWNL
1237,35,BfQpSaUhWNL
1237,35,BfQpSaUhWNL
1237,35,BfQpSaUhWNL
1237,35,BfQpSaUhWNL
1237,35,BfQpSaUhWNL
1237,35,BfQpSaUhWNL
1237,35,BfQpSaUhWNL
1237,35,BfQpSaUhWNL
1237,35,BfQpSaUhWNL
1237,35,BfQpSaUhWNL
1237,35,BfQpSaUhWNL
1237,35,BfQpSaUhWNL
1237,35,BfQpSaUhWNL
1237,35,BfQpSaUhWNL
1237,35,BfQpSaUhWNL
1237,35,BfQpSaUhWNL
1237,35,BfQpSaUhWNL
1237,35,BfQpSaUhWNL
1237,35,BfQpSaUhWNL
1237,35,BfQpSaUhWNL
1237,35,BfQpSaUhWNL
1237,35,BfQpSaUhWNL
1237,35,BfQpSaUhWNL
1237,35,BfQpSaUhWNL
1237,35,BfQpSaUhWNL
1237,35,BfQpSaUhWNL
1237,35,BfQpSaUhWNL
3267,197,BfOOqwwh9GS
3267,197,BfOOqwwh9GS
3267,197,BfOOqwwh9GS
3267,197,BfOOqwwh9GS
3267,197,BfOOqwwh9GS
3267,197,BfOOqwwh9GS
3267,197,BfOOqwwh9GS
3267,197,BfOOqwwh9GS
3267,197,BfOOqwwh9GS
3267,197,BfOOqwwh9GS
3267,197,BfOOqwwh9GS
3267,197,BfOOqwwh9GS
3267,197,BfOOqwwh9GS
3267,197,BfOOqwwh9GS
3267,197,BfOOqwwh9GS
3267,197,BfOOqwwh9GS
3267,197,BfOOqwwh9GS
3267,197,BfOOqwwh9GS
3267,197,BfOOqwwh9GS
3267,197,BfOOqwwh9GS
3267,197,BfOOqwwh9GS
3267,197,BfOOqwwh9GS
3267,197,BfOOqwwh9GS
3267,197,BfOOqwwh9GS
3267,197,BfOOqwwh9GS
3267,197,BfOOqwwh9GS
3267,197,BfOOqwwh9GS
3267,197,BfOOqwwh9GS
3267,197,BfOOqwwh9GS
3267,197,BfOOqwwh9GS
3267,197,BfOOqwwh9GS
3267,197,BfOOqwwh9GS
3267,197,BfOOqwwh9GS
3267,197,BfOOqwwh9GS
3267,197,BfOOqwwh9GS
3267,197,BfOOqwwh9GS
3267,197,BfOOqwwh9GS
3267,197,BfOOqwwh9GS
3267,197,BfOOqwwh9GS
2344,110,BfN7PxUhiZx
2344,110,BfN7PxUhiZx
2344,110,BfN7PxUhiZx
2344,110,BfN7PxUhiZx
2344,110,BfN7PxUhiZx
2344,110,BfN7PxUhiZx
2344,110,BfN7PxUhiZx
2344,110,BfN7PxUhiZx
2344,110,BfN7PxUhiZx
2344,110,BfN7PxUhiZx
2344,110,BfN7PxUhiZx
2344,110,BfN7PxUhiZx
2344,110,BfN7PxUhiZx
2344,110,BfN7PxUhiZx
2344,110,BfN7PxUhiZx
2344,110,BfN7PxUhiZx
2344,110,BfN7PxUhiZx
2344,110,BfN7PxUhiZx
2344,110,BfN7PxUhiZx
2344,110,BfN7PxUhiZx
2344,110,BfN7PxUhiZx
2344,110,BfN7PxUhiZx
2344,110,BfN7PxUhiZx
2344,110,BfN7PxUhiZx
2344,110,BfN7PxUhiZx
2344,110,BfN7PxUhiZx
2344,110,BfN7PxUhiZx
2344,110,BfN7PxUhiZx
2344,110,BfN7PxUhiZx
2344,110,BfN7PxUhiZx
2344,110,BfN7PxUhiZx
2344,110,BfN7PxUhiZx
2344,110,BfN7PxUhiZx
2344,110,BfN7PxUhiZx
2344,110,BfN7PxUhiZx
2344,110,BfN7PxUhiZx
2344,110,BfN7PxUhiZx
2344,110,BfN7PxUhiZx
2344,110,BfN7PxUhiZx
1415,10,BfN4fjVhCCs
1415,10,BfN4fjVhCCs
1415,10,BfN4fjVhCCs
1415,10,BfN4fjVhCCs
1415,10,BfN4fjVhCCs
1415,10,BfN4fjVhCCs
1415,10,BfN4fjVhCCs
1415,10,BfN4fjVhCCs
1415,10,BfN4fjVhCCs
1806,45,BfNvLoYBTir
1806,45,BfNvLoYBTir
1806,45,BfNvLoYBTir
1806,45,BfNvLoYBTir
1806,45,BfNvLoYBTir
1806,45,BfNvLoYBTir
1806,45,BfNvLoYBTir
1806,45,BfNvLoYBTir
1806,45,BfNvLoYBTir
1806,45,BfNvLoYBTir
1806,45,BfNvLoYBTir
1806,45,BfNvLoYBTir
1806,45,BfNvLoYBTir
1806,45,BfNvLoYBTir
1806,45,BfNvLoYBTir
1806,45,BfNvLoYBTir
1806,45,BfNvLoYBTir
1806,45,BfNvLoYBTir
1806,45,BfNvLoYBTir
1806,45,BfNvLoYBTir
1806,45,BfNvLoYBTir
1806,45,BfNvLoYBTir
1806,45,BfNvLoYBTir
1806,45,BfNvLoYBTir
1806,45,BfNvLoYBTir
1806,45,BfNvLoYBTir
1806,45,BfNvLoYBTir
1806,45,BfNvLoYBTir
1806,45,BfNvLoYBTir
1806,45,BfNvLoYBTir
1806,45,BfNvLoYBTir
1806,45,BfNvLoYBTir
1806,45,BfNvLoYBTir
1806,45,BfNvLoYBTir
1806,45,BfNvLoYBTir
1806,45,BfNvLoYBTir
1806,45,BfNvLoYBTir
1806,45,BfNvLoYBTir
1806,45,BfNvLoYBTir
7099,349,BfNa6t_BCV1
7099,349,BfNa6t_BCV1
7099,349,BfNa6t_BCV1
7099,349,BfNa6t_BCV1
7099,349,BfNa6t_BCV1
7099,349,BfNa6t_BCV1
7099,349,BfNa6t_BCV1
7099,349,BfNa6t_BCV1
7099,349,BfNa6t_BCV1
7099,349,BfNa6t_BCV1
7099,349,BfNa6t_BCV1
7099,349,BfNa6t_BCV1
7099,349,BfNa6t_BCV1
7099,349,BfNa6t_BCV1
7099,349,BfNa6t_BCV1
7099,349,BfNa6t_BCV1
7099,349,BfNa6t_BCV1
7099,349,BfNa6t_BCV1
7099,349,BfNa6t_BCV1
7099,349,BfNa6t_BCV1
7099,349,BfNa6t_BCV1
7099,349,BfNa6t_BCV1
7099,349,BfNa6t_BCV1
7099,349,BfNa6t_BCV1
7099,349,BfNa6t_BCV1
7099,349,BfNa6t_BCV1
7099,349,BfNa6t_BCV1
7099,349,BfNa6t_BCV1
7099,349,BfNa6t_BCV1
7099,349,BfNa6t_BCV1
7099,349,BfNa6t_BCV1
7099,349,BfNa6t_BCV1
7099,349,BfNa6t_BCV1
7099,349,BfNa6t_BCV1
7099,349,BfNa6t_BCV1
7099,349,BfNa6t_BCV1
7099,349,BfNa6t_BCV1
7099,349,BfNa6t_BCV1
7099,349,BfNa6t_BCV1
2810,114,BfL_IpvBuHI
2810,114,BfL_IpvBuHI
2810,114,BfL_IpvBuHI
2810,114,BfL_IpvBuHI
2810,114,BfL_IpvBuHI
2810,114,BfL_IpvBuHI
2810,114,BfL_IpvBuHI
2810,114,BfL_IpvBuHI
2810,114,BfL_IpvBuHI
2810,114,BfL_IpvBuHI
2810,114,BfL_IpvBuHI
2810,114,BfL_IpvBuHI
2810,114,BfL_IpvBuHI
2810,114,BfL_IpvBuHI
2810,114,BfL_IpvBuHI
2810,114,BfL_IpvBuHI
2810,114,BfL_IpvBuHI
2810,114,BfL_IpvBuHI
2810,114,BfL_IpvBuHI
2810,114,BfL_IpvBuHI
2810,114,BfL_IpvBuHI
2810,114,BfL_IpvBuHI
2810,114,BfL_IpvBuHI
2810,114,BfL_IpvBuHI
2810,114,BfL_IpvBuHI
2810,114,BfL_IpvBuHI
2810,114,BfL_IpvBuHI
2810,114,BfL_IpvBuHI
2810,114,BfL_IpvBuHI
2810,114,BfL_IpvBuHI
2810,114,BfL_IpvBuHI
2810,114,BfL_IpvBuHI
2810,114,BfL_IpvBuHI
2810,114,BfL_IpvBuHI
2810,114,BfL_IpvBuHI
2810,114,BfL_IpvBuHI
2810,114,BfL_IpvBuHI
2810,114,BfL_IpvBuHI
1319,23,BfLK_eXhk5c
1319,23,BfLK_eXhk5c
1319,23,BfLK_eXhk5c
1319,23,BfLK_eXhk5c
1319,23,BfLK_eXhk5c
1319,23,BfLK_eXhk5c
1319,23,BfLK_eXhk5c
1319,23,BfLK_eXhk5c
1319,23,BfLK_eXhk5c
1319,23,BfLK_eXhk5c
1319,23,BfLK_eXhk5c
1319,23,BfLK_eXhk5c
1319,23,BfLK_eXhk5c
1319,23,BfLK_eXhk5c
1319,23,BfLK_eXhk5c
1319,23,BfLK_eXhk5c
1319,23,BfLK_eXhk5c
1319,23,BfLK_eXhk5c
1319,23,BfLK_eXhk5c
1319,23,BfLK_eXhk5c
1319,23,BfLK_eXhk5c
1319,23,BfLK_eXhk5c
1778,51,BfJe5hrhPtk
1778,51,BfJe5hrhPtk
1778,51,BfJe5hrhPtk
1778,51,BfJe5hrhPtk
1778,51,BfJe5hrhPtk
1778,51,BfJe5hrhPtk
1778,51,BfJe5hrhPtk
1778,51,BfJe5hrhPtk
1778,51,BfJe5hrhPtk
1778,51,BfJe5hrhPtk
1778,51,BfJe5hrhPtk
1778,51,BfJe5hrhPtk
1778,51,BfJe5hrhPtk
1778,51,BfJe5hrhPtk
1778,51,BfJe5hrhPtk
1778,51,BfJe5hrhPtk
1778,51,BfJe5hrhPtk
1778,51,BfJe5hrhPtk
1778,51,BfJe5hrhPtk
1778,51,BfJe5hrhPtk
1778,51,BfJe5hrhPtk
1778,51,BfJe5hrhPtk
1778,51,BfJe5hrhPtk
1778,51,BfJe5hrhPtk
1778,51,BfJe5hrhPtk
1778,51,BfJe5hrhPtk
1778,51,BfJe5hrhPtk
1778,51,BfJe5hrhPtk
1778,51,BfJe5hrhPtk
1778,51,BfJe5hrhPtk
1778,51,BfJe5hrhPtk
1778,51,BfJe5hrhPtk
1778,51,BfJe5hrhPtk
1778,51,BfJe5hrhPtk
1778,51,BfJe5hrhPtk
1778,51,BfJe5hrhPtk
1778,51,BfJe5hrhPtk
1778,51,BfJe5hrhPtk
1778,51,BfJe5hrhPtk
2217,73,BfJYYslhGaJ
2217,73,BfJYYslhGaJ
2217,73,BfJYYslhGaJ
2217,73,BfJYYslhGaJ
2217,73,BfJYYslhGaJ
2217,73,BfJYYslhGaJ
2217,73,BfJYYslhGaJ
2217,73,BfJYYslhGaJ
2217,73,BfJYYslhGaJ
2217,73,BfJYYslhGaJ
2217,73,BfJYYslhGaJ
2217,73,BfJYYslhGaJ
2217,73,BfJYYslhGaJ
2217,73,BfJYYslhGaJ
2217,73,BfJYYslhGaJ
2217,73,BfJYYslhGaJ
2217,73,BfJYYslhGaJ
2217,73,BfJYYslhGaJ
2217,73,BfJYYslhGaJ
2217,73,BfJYYslhGaJ
2217,73,BfJYYslhGaJ
2217,73,BfJYYslhGaJ
2217,73,BfJYYslhGaJ
2217,73,BfJYYslhGaJ
2217,73,BfJYYslhGaJ
2217,73,BfJYYslhGaJ
2217,73,BfJYYslhGaJ
2217,73,BfJYYslhGaJ
2217,73,BfJYYslhGaJ
2217,73,BfJYYslhGaJ
2217,73,BfJYYslhGaJ
2217,73,BfJYYslhGaJ
2217,73,BfJYYslhGaJ
2217,73,BfJYYslhGaJ
2217,73,BfJYYslhGaJ
2217,73,BfJYYslhGaJ
2217,73,BfJYYslhGaJ
2217,73,BfJYYslhGaJ
2217,73,BfJYYslhGaJ
2217,73,BfJYYslhGaJ
1668,29,BfIkySchF6Z
1668,29,BfIkySchF6Z
1668,29,BfIkySchF6Z
1668,29,BfIkySchF6Z
1668,29,BfIkySchF6Z
1668,29,BfIkySchF6Z
1668,29,BfIkySchF6Z
1668,29,BfIkySchF6Z
1668,29,BfIkySchF6Z
1668,29,BfIkySchF6Z
1668,29,BfIkySchF6Z
1668,29,BfIkySchF6Z
1668,29,BfIkySchF6Z
1668,29,BfIkySchF6Z
1668,29,BfIkySchF6Z
1668,29,BfIkySchF6Z
1668,29,BfIkySchF6Z
1668,29,BfIkySchF6Z
1668,29,BfIkySchF6Z
1668,29,BfIkySchF6Z
1668,29,BfIkySchF6Z
1668,29,BfIkySchF6Z
1668,29,BfIkySchF6Z
1668,29,BfIkySchF6Z
1668,29,BfIkySchF6Z
1668,29,BfIkySchF6Z
1668,29,BfIkySchF6Z
1668,29,BfIkySchF6Z
1668,29,BfIkySchF6Z
3619,44,BfIZtqshvR-
3619,44,BfIZtqshvR-
3619,44,BfIZtqshvR-
3619,44,BfIZtqshvR-
3619,44,BfIZtqshvR-
3619,44,BfIZtqshvR-
3619,44,BfIZtqshvR-
3619,44,BfIZtqshvR-
3619,44,BfIZtqshvR-
3619,44,BfIZtqshvR-
3619,44,BfIZtqshvR-
3619,44,BfIZtqshvR-
3619,44,BfIZtqshvR-
3619,44,BfIZtqshvR-
3619,44,BfIZtqshvR-
3619,44,BfIZtqshvR-
3619,44,BfIZtqshvR-
3619,44,BfIZtqshvR-
3619,44,BfIZtqshvR-
3619,44,BfIZtqshvR-
3619,44,BfIZtqshvR-
3619,44,BfIZtqshvR-
3619,44,BfIZtqshvR-
3619,44,BfIZtqshvR-
3619,44,BfIZtqshvR-
3619,44,BfIZtqshvR-
3619,44,BfIZtqshvR-
3619,44,BfIZtqshvR-
3619,44,BfIZtqshvR-
3619,44,BfIZtqshvR-
3619,44,BfIZtqshvR-
3619,44,BfIZtqshvR-
3619,44,BfIZtqshvR-
3619,44,BfIZtqshvR-
3619,44,BfIZtqshvR-
3619,44,BfIZtqshvR-
3619,44,BfIZtqshvR-
3619,44,BfIZtqshvR-
3619,44,BfIZtqshvR-
2343,175,BfDfvo0BDgj
2343,175,BfDfvo0BDgj
2343,175,BfDfvo0BDgj
2343,175,BfDfvo0BDgj
2343,175,BfDfvo0BDgj
2343,175,BfDfvo0BDgj
2343,175,BfDfvo0BDgj
2343,175,BfDfvo0BDgj
2343,175,BfDfvo0BDgj
2343,175,BfDfvo0BDgj
2343,175,BfDfvo0BDgj
2343,175,BfDfvo0BDgj
2343,175,BfDfvo0BDgj
2343,175,BfDfvo0BDgj
2343,175,BfDfvo0BDgj
2343,175,BfDfvo0BDgj
2343,175,BfDfvo0BDgj
2343,175,BfDfvo0BDgj
2343,175,BfDfvo0BDgj
2343,175,BfDfvo0BDgj
2343,175,BfDfvo0BDgj
2343,175,BfDfvo0BDgj
2343,175,BfDfvo0BDgj
2343,175,BfDfvo0BDgj
2343,175,BfDfvo0BDgj
2343,175,BfDfvo0BDgj
2343,175,BfDfvo0BDgj
2343,175,BfDfvo0BDgj
2343,175,BfDfvo0BDgj
2343,175,BfDfvo0BDgj
2343,175,BfDfvo0BDgj
2343,175,BfDfvo0BDgj
2343,175,BfDfvo0BDgj
2343,175,BfDfvo0BDgj
2343,175,BfDfvo0BDgj
2343,175,BfDfvo0BDgj
2343,175,BfDfvo0BDgj
2343,175,BfDfvo0BDgj
2343,175,BfDfvo0BDgj
1881,102,BfBi_ZBhlA2
1881,102,BfBi_ZBhlA2
1881,102,BfBi_ZBhlA2
1881,102,BfBi_ZBhlA2
1881,102,BfBi_ZBhlA2
1881,102,BfBi_ZBhlA2
1881,102,BfBi_ZBhlA2
1881,102,BfBi_ZBhlA2
1881,102,BfBi_ZBhlA2
1881,102,BfBi_ZBhlA2
1881,102,BfBi_ZBhlA2
1881,102,BfBi_ZBhlA2
1881,102,BfBi_ZBhlA2
1881,102,BfBi_ZBhlA2
1881,102,BfBi_ZBhlA2
1881,102,BfBi_ZBhlA2
1881,102,BfBi_ZBhlA2
1881,102,BfBi_ZBhlA2
1881,102,BfBi_ZBhlA2
1881,102,BfBi_ZBhlA2
1881,102,BfBi_ZBhlA2
1881,102,BfBi_ZBhlA2
1881,102,BfBi_ZBhlA2
1881,102,BfBi_ZBhlA2
1881,102,BfBi_ZBhlA2
1881,102,BfBi_ZBhlA2
1881,102,BfBi_ZBhlA2
1881,102,BfBi_ZBhlA2
1881,102,BfBi_ZBhlA2
1881,102,BfBi_ZBhlA2
1881,102,BfBi_ZBhlA2
1881,102,BfBi_ZBhlA2
1881,102,BfBi_ZBhlA2
1881,102,BfBi_ZBhlA2
1881,102,BfBi_ZBhlA2
1881,102,BfBi_ZBhlA2
1881,102,BfBi_ZBhlA2
1881,102,BfBi_ZBhlA2
1881,102,BfBi_ZBhlA2
1339,69,BfBSOFSBExn
1339,69,BfBSOFSBExn
1339,69,BfBSOFSBExn
1339,69,BfBSOFSBExn
1339,69,BfBSOFSBExn
1339,69,BfBSOFSBExn
1339,69,BfBSOFSBExn
1339,69,BfBSOFSBExn
1339,69,BfBSOFSBExn
1339,69,BfBSOFSBExn
1339,69,BfBSOFSBExn
1339,69,BfBSOFSBExn
1339,69,BfBSOFSBExn
1339,69,BfBSOFSBExn
1339,69,BfBSOFSBExn
1339,69,BfBSOFSBExn
1339,69,BfBSOFSBExn
1339,69,BfBSOFSBExn
1339,69,BfBSOFSBExn
1339,69,BfBSOFSBExn
1339,69,BfBSOFSBExn
1339,69,BfBSOFSBExn
1339,69,BfBSOFSBExn
1339,69,BfBSOFSBExn
1339,69,BfBSOFSBExn
1339,69,BfBSOFSBExn
1339,69,BfBSOFSBExn
1339,69,BfBSOFSBExn
1339,69,BfBSOFSBExn
1339,69,BfBSOFSBExn
1339,69,BfBSOFSBExn
1339,69,BfBSOFSBExn
1339,69,BfBSOFSBExn
1339,69,BfBSOFSBExn
1339,69,BfBSOFSBExn
1339,69,BfBSOFSBExn
1339,69,BfBSOFSBExn
1339,69,BfBSOFSBExn
1339,69,BfBSOFSBExn
1981,118,Be_IpzhBUln
1981,118,Be_IpzhBUln
1981,118,Be_IpzhBUln
1981,118,Be_IpzhBUln
1981,118,Be_IpzhBUln
1981,118,Be_IpzhBUln
1981,118,Be_IpzhBUln
1981,118,Be_IpzhBUln
1981,118,Be_IpzhBUln
1981,118,Be_IpzhBUln
1981,118,Be_IpzhBUln
1981,118,Be_IpzhBUln
1981,118,Be_IpzhBUln
1981,118,Be_IpzhBUln
1981,118,Be_IpzhBUln
1981,118,Be_IpzhBUln
1981,118,Be_IpzhBUln
1981,118,Be_IpzhBUln
1981,118,Be_IpzhBUln
1981,118,Be_IpzhBUln
1981,118,Be_IpzhBUln
1981,118,Be_IpzhBUln
1981,118,Be_IpzhBUln
1981,118,Be_IpzhBUln
1981,118,Be_IpzhBUln
1981,118,Be_IpzhBUln
1981,118,Be_IpzhBUln
1981,118,Be_IpzhBUln
1981,118,Be_IpzhBUln
1981,118,Be_IpzhBUln
1981,118,Be_IpzhBUln
1981,118,Be_IpzhBUln
1981,118,Be_IpzhBUln
1981,118,Be_IpzhBUln
1981,118,Be_IpzhBUln
1981,118,Be_IpzhBUln
1981,118,Be_IpzhBUln
1981,118,Be_IpzhBUln
1981,118,Be_IpzhBUln
1981,118,Be_IpzhBUln
1989,36,Be_EAlJBSAn
1989,36,Be_EAlJBSAn
1989,36,Be_EAlJBSAn
1989,36,Be_EAlJBSAn
1989,36,Be_EAlJBSAn
1989,36,Be_EAlJBSAn
1989,36,Be_EAlJBSAn
1989,36,Be_EAlJBSAn
1989,36,Be_EAlJBSAn
1989,36,Be_EAlJBSAn
1989,36,Be_EAlJBSAn
1989,36,Be_EAlJBSAn
1989,36,Be_EAlJBSAn
1989,36,Be_EAlJBSAn
1989,36,Be_EAlJBSAn
1989,36,Be_EAlJBSAn
1989,36,Be_EAlJBSAn
1989,36,Be_EAlJBSAn
1989,36,Be_EAlJBSAn
1989,36,Be_EAlJBSAn
1989,36,Be_EAlJBSAn
1989,36,Be_EAlJBSAn
1989,36,Be_EAlJBSAn
1989,36,Be_EAlJBSAn
1989,36,Be_EAlJBSAn
1989,36,Be_EAlJBSAn
1989,36,Be_EAlJBSAn
1989,36,Be_EAlJBSAn
1989,36,Be_EAlJBSAn
1989,36,Be_EAlJBSAn
1989,36,Be_EAlJBSAn
1989,36,Be_EAlJBSAn
1989,36,Be_EAlJBSAn
1989,36,Be_EAlJBSAn
1989,36,Be_EAlJBSAn
1989,36,Be_EAlJBSAn
1305,51,Be-ACGxBGyt
1305,51,Be-ACGxBGyt
1305,51,Be-ACGxBGyt
1305,51,Be-ACGxBGyt
1305,51,Be-ACGxBGyt
1305,51,Be-ACGxBGyt
1305,51,Be-ACGxBGyt
1305,51,Be-ACGxBGyt
1305,51,Be-ACGxBGyt
1305,51,Be-ACGxBGyt
1305,51,Be-ACGxBGyt
1305,51,Be-ACGxBGyt
1305,51,Be-ACGxBGyt
1305,51,Be-ACGxBGyt
1305,51,Be-ACGxBGyt
1305,51,Be-ACGxBGyt
1305,51,Be-ACGxBGyt
1305,51,Be-ACGxBGyt
1305,51,Be-ACGxBGyt
1305,51,Be-ACGxBGyt
1305,51,Be-ACGxBGyt
1305,51,Be-ACGxBGyt
1305,51,Be-ACGxBGyt
1305,51,Be-ACGxBGyt
1305,51,Be-ACGxBGyt
1305,51,Be-ACGxBGyt
1305,51,Be-ACGxBGyt
1305,51,Be-ACGxBGyt
1305,51,Be-ACGxBGyt
1305,51,Be-ACGxBGyt
1305,51,Be-ACGxBGyt
1305,51,Be-ACGxBGyt
1305,51,Be-ACGxBGyt
1305,51,Be-ACGxBGyt
1305,51,Be-ACGxBGyt
1305,51,Be-ACGxBGyt
1305,51,Be-ACGxBGyt
1305,51,Be-ACGxBGyt
1305,51,Be-ACGxBGyt
1305,51,Be-ACGxBGyt
1456,14,Be93AfnhaQa
1456,14,Be93AfnhaQa
1456,14,Be93AfnhaQa
1456,14,Be93AfnhaQa
1456,14,Be93AfnhaQa
1456,14,Be93AfnhaQa
1456,14,Be93AfnhaQa
1456,14,Be93AfnhaQa
1456,14,Be93AfnhaQa
1456,14,Be93AfnhaQa
1456,14,Be93AfnhaQa
1456,14,Be93AfnhaQa
1456,14,Be93AfnhaQa
1456,14,Be93AfnhaQa
2906,78,Be8cqoNhbbw
2906,78,Be8cqoNhbbw
2906,78,Be8cqoNhbbw
2906,78,Be8cqoNhbbw
2906,78,Be8cqoNhbbw
2906,78,Be8cqoNhbbw
2906,78,Be8cqoNhbbw
2906,78,Be8cqoNhbbw
2906,78,Be8cqoNhbbw
2906,78,Be8cqoNhbbw
2906,78,Be8cqoNhbbw
2906,78,Be8cqoNhbbw
2906,78,Be8cqoNhbbw
2906,78,Be8cqoNhbbw
2906,78,Be8cqoNhbbw
2906,78,Be8cqoNhbbw
2906,78,Be8cqoNhbbw
2906,78,Be8cqoNhbbw
2906,78,Be8cqoNhbbw
2906,78,Be8cqoNhbbw
2906,78,Be8cqoNhbbw
2906,78,Be8cqoNhbbw
2906,78,Be8cqoNhbbw
2906,78,Be8cqoNhbbw
2906,78,Be8cqoNhbbw
2906,78,Be8cqoNhbbw
2906,78,Be8cqoNhbbw
2906,78,Be8cqoNhbbw
2906,78,Be8cqoNhbbw
2906,78,Be8cqoNhbbw
2906,78,Be8cqoNhbbw
2906,78,Be8cqoNhbbw
2906,78,Be8cqoNhbbw
2906,78,Be8cqoNhbbw
2906,78,Be8cqoNhbbw
2906,78,Be8cqoNhbbw
2906,78,Be8cqoNhbbw
2906,78,Be8cqoNhbbw
2906,78,Be8cqoNhbbw
1709,19,Be7VldGBWGr
1709,19,Be7VldGBWGr
1709,19,Be7VldGBWGr
1709,19,Be7VldGBWGr
1709,19,Be7VldGBWGr
1709,19,Be7VldGBWGr
1709,19,Be7VldGBWGr
1709,19,Be7VldGBWGr
1709,19,Be7VldGBWGr
1709,19,Be7VldGBWGr
1709,19,Be7VldGBWGr
1709,19,Be7VldGBWGr
1709,19,Be7VldGBWGr
1709,19,Be7VldGBWGr
1709,19,Be7VldGBWGr
1709,19,Be7VldGBWGr
1709,19,Be7VldGBWGr
1709,19,Be7VldGBWGr
1186,51,Be6H-M4BBu9
1186,51,Be6H-M4BBu9
1186,51,Be6H-M4BBu9
1186,51,Be6H-M4BBu9
1186,51,Be6H-M4BBu9
1186,51,Be6H-M4BBu9
1186,51,Be6H-M4BBu9
1186,51,Be6H-M4BBu9
1186,51,Be6H-M4BBu9
1186,51,Be6H-M4BBu9
1186,51,Be6H-M4BBu9
1186,51,Be6H-M4BBu9
1186,51,Be6H-M4BBu9
1186,51,Be6H-M4BBu9
1186,51,Be6H-M4BBu9
1186,51,Be6H-M4BBu9
1186,51,Be6H-M4BBu9
1186,51,Be6H-M4BBu9
1186,51,Be6H-M4BBu9
1186,51,Be6H-M4BBu9
1186,51,Be6H-M4BBu9
1186,51,Be6H-M4BBu9
1186,51,Be6H-M4BBu9
1186,51,Be6H-M4BBu9
1186,51,Be6H-M4BBu9
1186,51,Be6H-M4BBu9
1186,51,Be6H-M4BBu9
1186,51,Be6H-M4BBu9
1186,51,Be6H-M4BBu9
1186,51,Be6H-M4BBu9
1186,51,Be6H-M4BBu9
1186,51,Be6H-M4BBu9
1186,51,Be6H-M4BBu9
1186,51,Be6H-M4BBu9
1186,51,Be6H-M4BBu9
1186,51,Be6H-M4BBu9
1186,51,Be6H-M4BBu9
1186,51,Be6H-M4BBu9
1186,51,Be6H-M4BBu9
3229,275,Be5dPdth0nj
3229,275,Be5dPdth0nj
3229,275,Be5dPdth0nj
3229,275,Be5dPdth0nj
3229,275,Be5dPdth0nj
3229,275,Be5dPdth0nj
3229,275,Be5dPdth0nj
3229,275,Be5dPdth0nj
3229,275,Be5dPdth0nj
3229,275,Be5dPdth0nj
3229,275,Be5dPdth0nj
3229,275,Be5dPdth0nj
3229,275,Be5dPdth0nj
3229,275,Be5dPdth0nj
3229,275,Be5dPdth0nj
3229,275,Be5dPdth0nj
3229,275,Be5dPdth0nj
3229,275,Be5dPdth0nj
3229,275,Be5dPdth0nj
3229,275,Be5dPdth0nj
3229,275,Be5dPdth0nj
3229,275,Be5dPdth0nj
3229,275,Be5dPdth0nj
3229,275,Be5dPdth0nj
3229,275,Be5dPdth0nj
3229,275,Be5dPdth0nj
3229,275,Be5dPdth0nj
3229,275,Be5dPdth0nj
3229,275,Be5dPdth0nj
3229,275,Be5dPdth0nj
3229,275,Be5dPdth0nj
3229,275,Be5dPdth0nj
3229,275,Be5dPdth0nj
3229,275,Be5dPdth0nj
3229,275,Be5dPdth0nj
3229,275,Be5dPdth0nj
3229,275,Be5dPdth0nj
3229,275,Be5dPdth0nj
3229,275,Be5dPdth0nj
3229,275,Be5dPdth0nj
1891,29,Be5DfrgBcuQ
1891,29,Be5DfrgBcuQ
1891,29,Be5DfrgBcuQ
1891,29,Be5DfrgBcuQ
1891,29,Be5DfrgBcuQ
1891,29,Be5DfrgBcuQ
1891,29,Be5DfrgBcuQ
1891,29,Be5DfrgBcuQ
1891,29,Be5DfrgBcuQ
1891,29,Be5DfrgBcuQ
1891,29,Be5DfrgBcuQ
1891,29,Be5DfrgBcuQ
1891,29,Be5DfrgBcuQ
1891,29,Be5DfrgBcuQ
1891,29,Be5DfrgBcuQ
1891,29,Be5DfrgBcuQ
1891,29,Be5DfrgBcuQ
1891,29,Be5DfrgBcuQ
1891,29,Be5DfrgBcuQ
1891,29,Be5DfrgBcuQ
1891,29,Be5DfrgBcuQ
1891,29,Be5DfrgBcuQ
1891,29,Be5DfrgBcuQ
1891,29,Be5DfrgBcuQ
1891,29,Be5DfrgBcuQ
1891,29,Be5DfrgBcuQ
1891,29,Be5DfrgBcuQ
1891,29,Be5DfrgBcuQ
1891,29,Be5DfrgBcuQ
1434,7,Be5AIRdBgEs
1434,7,Be5AIRdBgEs
1434,7,Be5AIRdBgEs
1434,7,Be5AIRdBgEs
1434,7,Be5AIRdBgEs
1434,7,Be5AIRdBgEs
1434,7,Be5AIRdBgEs
1762,20,Be4sTvxh0gK
1762,20,Be4sTvxh0gK
1762,20,Be4sTvxh0gK
1762,20,Be4sTvxh0gK
1762,20,Be4sTvxh0gK
1762,20,Be4sTvxh0gK
1762,20,Be4sTvxh0gK
1762,20,Be4sTvxh0gK
1762,20,Be4sTvxh0gK
1762,20,Be4sTvxh0gK
1762,20,Be4sTvxh0gK
1762,20,Be4sTvxh0gK
1762,20,Be4sTvxh0gK
1762,20,Be4sTvxh0gK
1762,20,Be4sTvxh0gK
1762,20,Be4sTvxh0gK
1762,20,Be4sTvxh0gK
1762,20,Be4sTvxh0gK
1762,20,Be4sTvxh0gK
1762,20,Be4sTvxh0gK
3644,56,Be3w0L9hMfs
3644,56,Be3w0L9hMfs
3644,56,Be3w0L9hMfs
3644,56,Be3w0L9hMfs
3644,56,Be3w0L9hMfs
3644,56,Be3w0L9hMfs
3644,56,Be3w0L9hMfs
3644,56,Be3w0L9hMfs
3644,56,Be3w0L9hMfs
3644,56,Be3w0L9hMfs
3644,56,Be3w0L9hMfs
3644,56,Be3w0L9hMfs
3644,56,Be3w0L9hMfs
3644,56,Be3w0L9hMfs
3644,56,Be3w0L9hMfs
3644,56,Be3w0L9hMfs
3644,56,Be3w0L9hMfs
3644,56,Be3w0L9hMfs
3644,56,Be3w0L9hMfs
3644,56,Be3w0L9hMfs
3644,56,Be3w0L9hMfs
3644,56,Be3w0L9hMfs
3644,56,Be3w0L9hMfs
3644,56,Be3w0L9hMfs
3644,56,Be3w0L9hMfs
3644,56,Be3w0L9hMfs
3644,56,Be3w0L9hMfs
3644,56,Be3w0L9hMfs
3644,56,Be3w0L9hMfs
3644,56,Be3w0L9hMfs
3644,56,Be3w0L9hMfs
3644,56,Be3w0L9hMfs
3644,56,Be3w0L9hMfs
3644,56,Be3w0L9hMfs
2713,95,Be3fa-0hGMY
2713,95,Be3fa-0hGMY
2713,95,Be3fa-0hGMY
2713,95,Be3fa-0hGMY
2713,95,Be3fa-0hGMY
2713,95,Be3fa-0hGMY
2713,95,Be3fa-0hGMY
2713,95,Be3fa-0hGMY
2713,95,Be3fa-0hGMY
2713,95,Be3fa-0hGMY
2713,95,Be3fa-0hGMY
2713,95,Be3fa-0hGMY
2713,95,Be3fa-0hGMY
2713,95,Be3fa-0hGMY
2713,95,Be3fa-0hGMY
2713,95,Be3fa-0hGMY
2713,95,Be3fa-0hGMY
2713,95,Be3fa-0hGMY
2713,95,Be3fa-0hGMY
2713,95,Be3fa-0hGMY
2713,95,Be3fa-0hGMY
2713,95,Be3fa-0hGMY
2713,95,Be3fa-0hGMY
2713,95,Be3fa-0hGMY
2713,95,Be3fa-0hGMY
2713,95,Be3fa-0hGMY
2713,95,Be3fa-0hGMY
2713,95,Be3fa-0hGMY
2713,95,Be3fa-0hGMY
2713,95,Be3fa-0hGMY
2713,95,Be3fa-0hGMY
2713,95,Be3fa-0hGMY
2713,95,Be3fa-0hGMY
2713,95,Be3fa-0hGMY
2713,95,Be3fa-0hGMY
2713,95,Be3fa-0hGMY
2713,95,Be3fa-0hGMY
2713,95,Be3fa-0hGMY
2713,95,Be3fa-0hGMY
2713,95,Be3fa-0hGMY
1890,41,Be3biBDhRhJ
1890,41,Be3biBDhRhJ
1890,41,Be3biBDhRhJ
1890,41,Be3biBDhRhJ
1890,41,Be3biBDhRhJ
1890,41,Be3biBDhRhJ
1890,41,Be3biBDhRhJ
1890,41,Be3biBDhRhJ
1890,41,Be3biBDhRhJ
1890,41,Be3biBDhRhJ
1890,41,Be3biBDhRhJ
1890,41,Be3biBDhRhJ
1890,41,Be3biBDhRhJ
1890,41,Be3biBDhRhJ
1890,41,Be3biBDhRhJ
1890,41,Be3biBDhRhJ
1890,41,Be3biBDhRhJ
1890,41,Be3biBDhRhJ
1890,41,Be3biBDhRhJ
1890,41,Be3biBDhRhJ
1890,41,Be3biBDhRhJ
1890,41,Be3biBDhRhJ
1890,41,Be3biBDhRhJ
1890,41,Be3biBDhRhJ
1890,41,Be3biBDhRhJ
1890,41,Be3biBDhRhJ
1890,41,Be3biBDhRhJ
1890,41,Be3biBDhRhJ
1890,41,Be3biBDhRhJ
1890,41,Be3biBDhRhJ
1890,41,Be3biBDhRhJ
1890,41,Be3biBDhRhJ
1890,41,Be3biBDhRhJ
1890,41,Be3biBDhRhJ
1890,41,Be3biBDhRhJ
1890,41,Be3biBDhRhJ
1890,41,Be3biBDhRhJ
1890,41,Be3biBDhRhJ
1890,41,Be3biBDhRhJ
1890,41,Be3biBDhRhJ
2123,43,Be3EklqBQl4
2123,43,Be3EklqBQl4
2123,43,Be3EklqBQl4
2123,43,Be3EklqBQl4
2123,43,Be3EklqBQl4
2123,43,Be3EklqBQl4
2123,43,Be3EklqBQl4
2123,43,Be3EklqBQl4
2123,43,Be3EklqBQl4
2123,43,Be3EklqBQl4
2123,43,Be3EklqBQl4
2123,43,Be3EklqBQl4
2123,43,Be3EklqBQl4
2123,43,Be3EklqBQl4
2123,43,Be3EklqBQl4
2123,43,Be3EklqBQl4
2123,43,Be3EklqBQl4
2123,43,Be3EklqBQl4
2123,43,Be3EklqBQl4
2123,43,Be3EklqBQl4
2123,43,Be3EklqBQl4
2123,43,Be3EklqBQl4
2123,43,Be3EklqBQl4
2123,43,Be3EklqBQl4
2123,43,Be3EklqBQl4
2123,43,Be3EklqBQl4
2123,43,Be3EklqBQl4
2123,43,Be3EklqBQl4
2123,43,Be3EklqBQl4
2123,43,Be3EklqBQl4
2123,43,Be3EklqBQl4
2123,43,Be3EklqBQl4
2123,43,Be3EklqBQl4
2123,43,Be3EklqBQl4
2123,43,Be3EklqBQl4
2123,43,Be3EklqBQl4
2123,43,Be3EklqBQl4
2123,43,Be3EklqBQl4
2123,43,Be3EklqBQl4
2123,43,Be3EklqBQl4
2079,202,Be2lgcPBZdQ
2079,202,Be2lgcPBZdQ
2079,202,Be2lgcPBZdQ
2079,202,Be2lgcPBZdQ
2079,202,Be2lgcPBZdQ
2079,202,Be2lgcPBZdQ
2079,202,Be2lgcPBZdQ
2079,202,Be2lgcPBZdQ
2079,202,Be2lgcPBZdQ
2079,202,Be2lgcPBZdQ
2079,202,Be2lgcPBZdQ
2079,202,Be2lgcPBZdQ
2079,202,Be2lgcPBZdQ
2079,202,Be2lgcPBZdQ
2079,202,Be2lgcPBZdQ
2079,202,Be2lgcPBZdQ
2079,202,Be2lgcPBZdQ
2079,202,Be2lgcPBZdQ
2079,202,Be2lgcPBZdQ
2079,202,Be2lgcPBZdQ
2079,202,Be2lgcPBZdQ
2079,202,Be2lgcPBZdQ
2079,202,Be2lgcPBZdQ
2079,202,Be2lgcPBZdQ
2079,202,Be2lgcPBZdQ
2079,202,Be2lgcPBZdQ
2079,202,Be2lgcPBZdQ
2079,202,Be2lgcPBZdQ
2079,202,Be2lgcPBZdQ
2079,202,Be2lgcPBZdQ
2079,202,Be2lgcPBZdQ
2079,202,Be2lgcPBZdQ
2079,202,Be2lgcPBZdQ
2079,202,Be2lgcPBZdQ
2079,202,Be2lgcPBZdQ
2079,202,Be2lgcPBZdQ
2079,202,Be2lgcPBZdQ
2079,202,Be2lgcPBZdQ
2079,202,Be2lgcPBZdQ
2079,202,Be2lgcPBZdQ
4944,83,Be0omYbB4K9
4944,83,Be0omYbB4K9
4944,83,Be0omYbB4K9
4944,83,Be0omYbB4K9
4944,83,Be0omYbB4K9
4944,83,Be0omYbB4K9
4944,83,Be0omYbB4K9
4944,83,Be0omYbB4K9
4944,83,Be0omYbB4K9
4944,83,Be0omYbB4K9
4944,83,Be0omYbB4K9
4944,83,Be0omYbB4K9
4944,83,Be0omYbB4K9
4944,83,Be0omYbB4K9
4944,83,Be0omYbB4K9
4944,83,Be0omYbB4K9
4944,83,Be0omYbB4K9
4944,83,Be0omYbB4K9
4944,83,Be0omYbB4K9
4944,83,Be0omYbB4K9
4944,83,Be0omYbB4K9
4944,83,Be0omYbB4K9
4944,83,Be0omYbB4K9
4944,83,Be0omYbB4K9
4944,83,Be0omYbB4K9
4944,83,Be0omYbB4K9
4944,83,Be0omYbB4K9
4944,83,Be0omYbB4K9
4944,83,Be0omYbB4K9
4944,83,Be0omYbB4K9
4944,83,Be0omYbB4K9
4944,83,Be0omYbB4K9
4944,83,Be0omYbB4K9
4944,83,Be0omYbB4K9
4944,83,Be0omYbB4K9
4944,83,Be0omYbB4K9
4944,83,Be0omYbB4K9
4944,83,Be0omYbB4K9
4944,83,Be0omYbB4K9
4944,83,Be0omYbB4K9
2571,42,Be0GSFrhOn0
2571,42,Be0GSFrhOn0
2571,42,Be0GSFrhOn0
2571,42,Be0GSFrhOn0
2571,42,Be0GSFrhOn0
2571,42,Be0GSFrhOn0
2571,42,Be0GSFrhOn0
2571,42,Be0GSFrhOn0
2571,42,Be0GSFrhOn0
2571,42,Be0GSFrhOn0
2571,42,Be0GSFrhOn0
2571,42,Be0GSFrhOn0
2571,42,Be0GSFrhOn0
2571,42,Be0GSFrhOn0
2571,42,Be0GSFrhOn0
2571,42,Be0GSFrhOn0
2571,42,Be0GSFrhOn0
2571,42,Be0GSFrhOn0
2571,42,Be0GSFrhOn0
2571,42,Be0GSFrhOn0
2571,42,Be0GSFrhOn0
2571,42,Be0GSFrhOn0
2571,42,Be0GSFrhOn0
2571,42,Be0GSFrhOn0
2571,42,Be0GSFrhOn0
2571,42,Be0GSFrhOn0
2571,42,Be0GSFrhOn0
2571,42,Be0GSFrhOn0
2571,42,Be0GSFrhOn0
2571,42,Be0GSFrhOn0
2571,42,Be0GSFrhOn0
2571,42,Be0GSFrhOn0
2571,42,Be0GSFrhOn0
2571,42,Be0GSFrhOn0
2571,42,Be0GSFrhOn0
2571,42,Be0GSFrhOn0
2571,42,Be0GSFrhOn0
2571,42,Be0GSFrhOn0
2571,42,Be0GSFrhOn0
2571,42,Be0GSFrhOn0
1516,18,Bez_Y3_Bn6D
1516,18,Bez_Y3_Bn6D
1516,18,Bez_Y3_Bn6D
1516,18,Bez_Y3_Bn6D
1516,18,Bez_Y3_Bn6D
1516,18,Bez_Y3_Bn6D
1516,18,Bez_Y3_Bn6D
1516,18,Bez_Y3_Bn6D
1516,18,Bez_Y3_Bn6D
1516,18,Bez_Y3_Bn6D
1516,18,Bez_Y3_Bn6D
1516,18,Bez_Y3_Bn6D
1516,18,Bez_Y3_Bn6D
1516,18,Bez_Y3_Bn6D
1516,18,Bez_Y3_Bn6D
1516,18,Bez_Y3_Bn6D
1516,18,Bez_Y3_Bn6D
1516,18,Bez_Y3_Bn6D
1729,19,Bez47DdhAnE
1729,19,Bez47DdhAnE
1729,19,Bez47DdhAnE
1729,19,Bez47DdhAnE
1729,19,Bez47DdhAnE
1729,19,Bez47DdhAnE
1729,19,Bez47DdhAnE
1729,19,Bez47DdhAnE
1729,19,Bez47DdhAnE
1729,19,Bez47DdhAnE
1729,19,Bez47DdhAnE
1729,19,Bez47DdhAnE
1729,19,Bez47DdhAnE
1729,19,Bez47DdhAnE
1729,19,Bez47DdhAnE
1729,19,Bez47DdhAnE
1729,19,Bez47DdhAnE
1729,19,Bez47DdhAnE
1729,19,Bez47DdhAnE
2243,37,BezqtHOhYRJ
2243,37,BezqtHOhYRJ
2243,37,BezqtHOhYRJ
2243,37,BezqtHOhYRJ
2243,37,BezqtHOhYRJ
2243,37,BezqtHOhYRJ
2243,37,BezqtHOhYRJ
2243,37,BezqtHOhYRJ
2243,37,BezqtHOhYRJ
2243,37,BezqtHOhYRJ
2243,37,BezqtHOhYRJ
2243,37,BezqtHOhYRJ
2243,37,BezqtHOhYRJ
2243,37,BezqtHOhYRJ
2243,37,BezqtHOhYRJ
2243,37,BezqtHOhYRJ
2243,37,BezqtHOhYRJ
2243,37,BezqtHOhYRJ
2243,37,BezqtHOhYRJ
2243,37,BezqtHOhYRJ
2243,37,BezqtHOhYRJ
2243,37,BezqtHOhYRJ
2243,37,BezqtHOhYRJ
2243,37,BezqtHOhYRJ
2243,37,BezqtHOhYRJ
2243,37,BezqtHOhYRJ
2243,37,BezqtHOhYRJ
2243,37,BezqtHOhYRJ
2243,37,BezqtHOhYRJ
2243,37,BezqtHOhYRJ
2243,37,BezqtHOhYRJ
2243,37,BezqtHOhYRJ
2243,37,BezqtHOhYRJ
2243,37,BezqtHOhYRJ
2243,37,BezqtHOhYRJ
2243,37,BezqtHOhYRJ
2243,37,BezqtHOhYRJ
4304,248,BeyTFcaBh7u
4304,248,BeyTFcaBh7u
4304,248,BeyTFcaBh7u
4304,248,BeyTFcaBh7u
4304,248,BeyTFcaBh7u
4304,248,BeyTFcaBh7u
4304,248,BeyTFcaBh7u
4304,248,BeyTFcaBh7u
4304,248,BeyTFcaBh7u
4304,248,BeyTFcaBh7u
4304,248,BeyTFcaBh7u
4304,248,BeyTFcaBh7u
4304,248,BeyTFcaBh7u
4304,248,BeyTFcaBh7u
4304,248,BeyTFcaBh7u
4304,248,BeyTFcaBh7u
4304,248,BeyTFcaBh7u
4304,248,BeyTFcaBh7u
4304,248,BeyTFcaBh7u
4304,248,BeyTFcaBh7u
4304,248,BeyTFcaBh7u
4304,248,BeyTFcaBh7u
4304,248,BeyTFcaBh7u
4304,248,BeyTFcaBh7u
4304,248,BeyTFcaBh7u
4304,248,BeyTFcaBh7u
4304,248,BeyTFcaBh7u
4304,248,BeyTFcaBh7u
4304,248,BeyTFcaBh7u
4304,248,BeyTFcaBh7u
4304,248,BeyTFcaBh7u
4304,248,BeyTFcaBh7u
4304,248,BeyTFcaBh7u
4304,248,BeyTFcaBh7u
4304,248,BeyTFcaBh7u
4304,248,BeyTFcaBh7u
4304,248,BeyTFcaBh7u
4304,248,BeyTFcaBh7u
4304,248,BeyTFcaBh7u
4304,248,BeyTFcaBh7u
2031,31,BeyLpkQhD2q
2031,31,BeyLpkQhD2q
2031,31,BeyLpkQhD2q
2031,31,BeyLpkQhD2q
2031,31,BeyLpkQhD2q
2031,31,BeyLpkQhD2q
2031,31,BeyLpkQhD2q
2031,31,BeyLpkQhD2q
2031,31,BeyLpkQhD2q
2031,31,BeyLpkQhD2q
2031,31,BeyLpkQhD2q
2031,31,BeyLpkQhD2q
2031,31,BeyLpkQhD2q
2031,31,BeyLpkQhD2q
2031,31,BeyLpkQhD2q
2031,31,BeyLpkQhD2q
2031,31,BeyLpkQhD2q
2031,31,BeyLpkQhD2q
2031,31,BeyLpkQhD2q
2031,31,BeyLpkQhD2q
2031,31,BeyLpkQhD2q
2031,31,BeyLpkQhD2q
2031,31,BeyLpkQhD2q
2031,31,BeyLpkQhD2q
2031,31,BeyLpkQhD2q
2031,31,BeyLpkQhD2q
2031,31,BeyLpkQhD2q
2031,31,BeyLpkQhD2q
2031,31,BeyLpkQhD2q
2031,31,BeyLpkQhD2q
1602,62,BexojWZBLOw
1602,62,BexojWZBLOw
1602,62,BexojWZBLOw
1602,62,BexojWZBLOw
1602,62,BexojWZBLOw
1602,62,BexojWZBLOw
1602,62,BexojWZBLOw
1602,62,BexojWZBLOw
1602,62,BexojWZBLOw
1602,62,BexojWZBLOw
1602,62,BexojWZBLOw
1602,62,BexojWZBLOw
1602,62,BexojWZBLOw
1602,62,BexojWZBLOw
1602,62,BexojWZBLOw
1602,62,BexojWZBLOw
1602,62,BexojWZBLOw
1602,62,BexojWZBLOw
1602,62,BexojWZBLOw
1602,62,BexojWZBLOw
1602,62,BexojWZBLOw
1602,62,BexojWZBLOw
1602,62,BexojWZBLOw
1602,62,BexojWZBLOw
1602,62,BexojWZBLOw
1602,62,BexojWZBLOw
1602,62,BexojWZBLOw
1602,62,BexojWZBLOw
1602,62,BexojWZBLOw
1602,62,BexojWZBLOw
1602,62,BexojWZBLOw
1602,62,BexojWZBLOw
1602,62,BexojWZBLOw
1602,62,BexojWZBLOw
1602,62,BexojWZBLOw
1602,62,BexojWZBLOw
1602,62,BexojWZBLOw
1716,100,Bev4HQhhrxk
1716,100,Bev4HQhhrxk
1716,100,Bev4HQhhrxk
1716,100,Bev4HQhhrxk
1716,100,Bev4HQhhrxk
1716,100,Bev4HQhhrxk
1716,100,Bev4HQhhrxk
1716,100,Bev4HQhhrxk
1716,100,Bev4HQhhrxk
1716,100,Bev4HQhhrxk
1716,100,Bev4HQhhrxk
1716,100,Bev4HQhhrxk
1716,100,Bev4HQhhrxk
1716,100,Bev4HQhhrxk
1716,100,Bev4HQhhrxk
1716,100,Bev4HQhhrxk
1716,100,Bev4HQhhrxk
1716,100,Bev4HQhhrxk
1716,100,Bev4HQhhrxk
1716,100,Bev4HQhhrxk
1716,100,Bev4HQhhrxk
1716,100,Bev4HQhhrxk
1716,100,Bev4HQhhrxk
1716,100,Bev4HQhhrxk
1716,100,Bev4HQhhrxk
1716,100,Bev4HQhhrxk
1716,100,Bev4HQhhrxk
1716,100,Bev4HQhhrxk
1716,100,Bev4HQhhrxk
1716,100,Bev4HQhhrxk
1716,100,Bev4HQhhrxk
1716,100,Bev4HQhhrxk
1716,100,Bev4HQhhrxk
1716,100,Bev4HQhhrxk
1716,100,Bev4HQhhrxk
1716,100,Bev4HQhhrxk
1716,100,Bev4HQhhrxk
1716,100,Bev4HQhhrxk
1716,100,Bev4HQhhrxk
1716,100,Bev4HQhhrxk
2416,34,BevjFLehzPb
2416,34,BevjFLehzPb
2416,34,BevjFLehzPb
2416,34,BevjFLehzPb
2416,34,BevjFLehzPb
2416,34,BevjFLehzPb
2416,34,BevjFLehzPb
2416,34,BevjFLehzPb
2416,34,BevjFLehzPb
2416,34,BevjFLehzPb
2416,34,BevjFLehzPb
2416,34,BevjFLehzPb
2416,34,BevjFLehzPb
2416,34,BevjFLehzPb
2416,34,BevjFLehzPb
2416,34,BevjFLehzPb
2416,34,BevjFLehzPb
2416,34,BevjFLehzPb
2416,34,BevjFLehzPb
2416,34,BevjFLehzPb
2416,34,BevjFLehzPb
2416,34,BevjFLehzPb
2416,34,BevjFLehzPb
2416,34,BevjFLehzPb
2416,34,BevjFLehzPb
2416,34,BevjFLehzPb
2416,34,BevjFLehzPb
2416,34,BevjFLehzPb
2416,34,BevjFLehzPb
2416,34,BevjFLehzPb
2416,34,BevjFLehzPb
2416,34,BevjFLehzPb
2416,34,BevjFLehzPb
2905,148,BeuwQF5hB0N
2905,148,BeuwQF5hB0N
2905,148,BeuwQF5hB0N
2905,148,BeuwQF5hB0N
2905,148,BeuwQF5hB0N
2905,148,BeuwQF5hB0N
2905,148,BeuwQF5hB0N
2905,148,BeuwQF5hB0N
2905,148,BeuwQF5hB0N
2905,148,BeuwQF5hB0N
2905,148,BeuwQF5hB0N
2905,148,BeuwQF5hB0N
2905,148,BeuwQF5hB0N
2905,148,BeuwQF5hB0N
2905,148,BeuwQF5hB0N
2905,148,BeuwQF5hB0N
2905,148,BeuwQF5hB0N
2905,148,BeuwQF5hB0N
2905,148,BeuwQF5hB0N
2905,148,BeuwQF5hB0N
2905,148,BeuwQF5hB0N
2905,148,BeuwQF5hB0N
2905,148,BeuwQF5hB0N
2905,148,BeuwQF5hB0N
2905,148,BeuwQF5hB0N
2905,148,BeuwQF5hB0N
2905,148,BeuwQF5hB0N
2905,148,BeuwQF5hB0N
2905,148,BeuwQF5hB0N
2905,148,BeuwQF5hB0N
2905,148,BeuwQF5hB0N
2905,148,BeuwQF5hB0N
2905,148,BeuwQF5hB0N
2905,148,BeuwQF5hB0N
2905,148,BeuwQF5hB0N
2905,148,BeuwQF5hB0N
2905,148,BeuwQF5hB0N
2905,148,BeuwQF5hB0N
2905,148,BeuwQF5hB0N
2448,77,BetCuGgBjUY
2448,77,BetCuGgBjUY
2448,77,BetCuGgBjUY
2448,77,BetCuGgBjUY
2448,77,BetCuGgBjUY
2448,77,BetCuGgBjUY
2448,77,BetCuGgBjUY
2448,77,BetCuGgBjUY
2448,77,BetCuGgBjUY
2448,77,BetCuGgBjUY
2448,77,BetCuGgBjUY
2448,77,BetCuGgBjUY
2448,77,BetCuGgBjUY
2448,77,BetCuGgBjUY
2448,77,BetCuGgBjUY
2448,77,BetCuGgBjUY
2448,77,BetCuGgBjUY
2448,77,BetCuGgBjUY
2448,77,BetCuGgBjUY
2448,77,BetCuGgBjUY
2448,77,BetCuGgBjUY
2448,77,BetCuGgBjUY
2448,77,BetCuGgBjUY
2448,77,BetCuGgBjUY
2448,77,BetCuGgBjUY
2448,77,BetCuGgBjUY
2448,77,BetCuGgBjUY
2448,77,BetCuGgBjUY
2448,77,BetCuGgBjUY
2448,77,BetCuGgBjUY
2448,77,BetCuGgBjUY
2448,77,BetCuGgBjUY
2448,77,BetCuGgBjUY
2448,77,BetCuGgBjUY
2448,77,BetCuGgBjUY
2448,77,BetCuGgBjUY
2448,77,BetCuGgBjUY
2448,77,BetCuGgBjUY
5289,208,BesW-EtBb_h
5289,208,BesW-EtBb_h
5289,208,BesW-EtBb_h
5289,208,BesW-EtBb_h
5289,208,BesW-EtBb_h
5289,208,BesW-EtBb_h
5289,208,BesW-EtBb_h
5289,208,BesW-EtBb_h
5289,208,BesW-EtBb_h
5289,208,BesW-EtBb_h
5289,208,BesW-EtBb_h
5289,208,BesW-EtBb_h
5289,208,BesW-EtBb_h
5289,208,BesW-EtBb_h
5289,208,BesW-EtBb_h
5289,208,BesW-EtBb_h
5289,208,BesW-EtBb_h
5289,208,BesW-EtBb_h
5289,208,BesW-EtBb_h
5289,208,BesW-EtBb_h
5289,208,BesW-EtBb_h
5289,208,BesW-EtBb_h
5289,208,BesW-EtBb_h
5289,208,BesW-EtBb_h
5289,208,BesW-EtBb_h
5289,208,BesW-EtBb_h
5289,208,BesW-EtBb_h
5289,208,BesW-EtBb_h
5289,208,BesW-EtBb_h
5289,208,BesW-EtBb_h
5289,208,BesW-EtBb_h
5289,208,BesW-EtBb_h
5289,208,BesW-EtBb_h
5289,208,BesW-EtBb_h
5289,208,BesW-EtBb_h
5289,208,BesW-EtBb_h
5289,208,BesW-EtBb_h
5289,208,BesW-EtBb_h
5289,208,BesW-EtBb_h
5289,208,BesW-EtBb_h
2640,74,BeqbvHtB5pc
2640,74,BeqbvHtB5pc
2640,74,BeqbvHtB5pc
2640,74,BeqbvHtB5pc
2640,74,BeqbvHtB5pc
2640,74,BeqbvHtB5pc
2640,74,BeqbvHtB5pc
2640,74,BeqbvHtB5pc
2640,74,BeqbvHtB5pc
2640,74,BeqbvHtB5pc
2640,74,BeqbvHtB5pc
2640,74,BeqbvHtB5pc
2640,74,BeqbvHtB5pc
2640,74,BeqbvHtB5pc
2640,74,BeqbvHtB5pc
2640,74,BeqbvHtB5pc
2640,74,BeqbvHtB5pc
2640,74,BeqbvHtB5pc
2640,74,BeqbvHtB5pc
2640,74,BeqbvHtB5pc
2640,74,BeqbvHtB5pc
2640,74,BeqbvHtB5pc
2640,74,BeqbvHtB5pc
2640,74,BeqbvHtB5pc
2640,74,BeqbvHtB5pc
2640,74,BeqbvHtB5pc
2640,74,BeqbvHtB5pc
2640,74,BeqbvHtB5pc
2640,74,BeqbvHtB5pc
2640,74,BeqbvHtB5pc
2640,74,BeqbvHtB5pc
2640,74,BeqbvHtB5pc
2640,74,BeqbvHtB5pc
2640,74,BeqbvHtB5pc
2348,114,Bepy2FrhlXP
2348,114,Bepy2FrhlXP
2348,114,Bepy2FrhlXP
2348,114,Bepy2FrhlXP
2348,114,Bepy2FrhlXP
2348,114,Bepy2FrhlXP
2348,114,Bepy2FrhlXP
2348,114,Bepy2FrhlXP
2348,114,Bepy2FrhlXP
2348,114,Bepy2FrhlXP
2348,114,Bepy2FrhlXP
2348,114,Bepy2FrhlXP
2348,114,Bepy2FrhlXP
2348,114,Bepy2FrhlXP
2348,114,Bepy2FrhlXP
2348,114,Bepy2FrhlXP
2348,114,Bepy2FrhlXP
2348,114,Bepy2FrhlXP
2348,114,Bepy2FrhlXP
2348,114,Bepy2FrhlXP
2348,114,Bepy2FrhlXP
2348,114,Bepy2FrhlXP
2348,114,Bepy2FrhlXP
2348,114,Bepy2FrhlXP
2348,114,Bepy2FrhlXP
2348,114,Bepy2FrhlXP
2348,114,Bepy2FrhlXP
2348,114,Bepy2FrhlXP
2348,114,Bepy2FrhlXP
2348,114,Bepy2FrhlXP
2348,114,Bepy2FrhlXP
2348,114,Bepy2FrhlXP
2348,114,Bepy2FrhlXP
2348,114,Bepy2FrhlXP
2348,114,Bepy2FrhlXP
2348,114,Bepy2FrhlXP
2348,114,Bepy2FrhlXP
2348,114,Bepy2FrhlXP
2348,114,Bepy2FrhlXP
2348,114,Bepy2FrhlXP
2534,183,BelUgPUBiM-
2534,183,BelUgPUBiM-
2534,183,BelUgPUBiM-
2534,183,BelUgPUBiM-
2534,183,BelUgPUBiM-
2534,183,BelUgPUBiM-
2534,183,BelUgPUBiM-
2534,183,BelUgPUBiM-
2534,183,BelUgPUBiM-
2534,183,BelUgPUBiM-
2534,183,BelUgPUBiM-
2534,183,BelUgPUBiM-
2534,183,BelUgPUBiM-
2534,183,BelUgPUBiM-
2534,183,BelUgPUBiM-
2534,183,BelUgPUBiM-
2534,183,BelUgPUBiM-
2534,183,BelUgPUBiM-
2534,183,BelUgPUBiM-
2534,183,BelUgPUBiM-
2534,183,BelUgPUBiM-
2534,183,BelUgPUBiM-
2534,183,BelUgPUBiM-
2534,183,BelUgPUBiM-
2534,183,BelUgPUBiM-
2534,183,BelUgPUBiM-
2534,183,BelUgPUBiM-
2534,183,BelUgPUBiM-
2534,183,BelUgPUBiM-
2823,121,Bec53tdBCtI
2823,121,Bec53tdBCtI
2823,121,Bec53tdBCtI
2823,121,Bec53tdBCtI
2823,121,Bec53tdBCtI
2823,121,Bec53tdBCtI
2823,121,Bec53tdBCtI
2823,121,Bec53tdBCtI
2823,121,Bec53tdBCtI
2823,121,Bec53tdBCtI
2823,121,Bec53tdBCtI
2823,121,Bec53tdBCtI
2823,121,Bec53tdBCtI
2823,121,Bec53tdBCtI
2823,121,Bec53tdBCtI
2823,121,Bec53tdBCtI
2823,121,Bec53tdBCtI
2823,121,Bec53tdBCtI
2823,121,Bec53tdBCtI
2823,121,Bec53tdBCtI
2823,121,Bec53tdBCtI
2823,121,Bec53tdBCtI
2823,121,Bec53tdBCtI
2823,121,Bec53tdBCtI
2823,121,Bec53tdBCtI
2823,121,Bec53tdBCtI
2823,121,Bec53tdBCtI
2823,121,Bec53tdBCtI
2823,121,Bec53tdBCtI
2823,121,Bec53tdBCtI
2823,121,Bec53tdBCtI
2823,121,Bec53tdBCtI
2823,121,Bec53tdBCtI
2191,165,BeaZuhLhsjk
2191,165,BeaZuhLhsjk
2191,165,BeaZuhLhsjk
2191,165,BeaZuhLhsjk
2191,165,BeaZuhLhsjk
2191,165,BeaZuhLhsjk
2191,165,BeaZuhLhsjk
2191,165,BeaZuhLhsjk
2191,165,BeaZuhLhsjk
2191,165,BeaZuhLhsjk
2191,165,BeaZuhLhsjk
2191,165,BeaZuhLhsjk
2191,165,BeaZuhLhsjk
2191,165,BeaZuhLhsjk
2191,165,BeaZuhLhsjk
2191,165,BeaZuhLhsjk
2191,165,BeaZuhLhsjk
2191,165,BeaZuhLhsjk
2191,165,BeaZuhLhsjk
2191,165,BeaZuhLhsjk
2191,165,BeaZuhLhsjk
2191,165,BeaZuhLhsjk
2191,165,BeaZuhLhsjk
2191,165,BeaZuhLhsjk
2191,165,BeaZuhLhsjk
2191,165,BeaZuhLhsjk
2191,165,BeaZuhLhsjk
2191,165,BeaZuhLhsjk
2191,165,BeaZuhLhsjk
2191,165,BeaZuhLhsjk
2191,165,BeaZuhLhsjk
2191,165,BeaZuhLhsjk
2191,165,BeaZuhLhsjk
2191,165,BeaZuhLhsjk
2191,165,BeaZuhLhsjk
3526,353,BeUuNaYBeHf
3526,353,BeUuNaYBeHf
3526,353,BeUuNaYBeHf
3526,353,BeUuNaYBeHf
3526,353,BeUuNaYBeHf
3526,353,BeUuNaYBeHf
3526,353,BeUuNaYBeHf
3526,353,BeUuNaYBeHf
3526,353,BeUuNaYBeHf
3526,353,BeUuNaYBeHf
3526,353,BeUuNaYBeHf
3526,353,BeUuNaYBeHf
3526,353,BeUuNaYBeHf
3526,353,BeUuNaYBeHf
3526,353,BeUuNaYBeHf
3526,353,BeUuNaYBeHf
3526,353,BeUuNaYBeHf
3526,353,BeUuNaYBeHf
3526,353,BeUuNaYBeHf
3526,353,BeUuNaYBeHf
3526,353,BeUuNaYBeHf
3526,353,BeUuNaYBeHf
3526,353,BeUuNaYBeHf
3526,353,BeUuNaYBeHf
3526,353,BeUuNaYBeHf
3526,353,BeUuNaYBeHf
3526,353,BeUuNaYBeHf
3526,353,BeUuNaYBeHf
3526,353,BeUuNaYBeHf
3526,353,BeUuNaYBeHf
3526,353,BeUuNaYBeHf
3526,353,BeUuNaYBeHf
3526,353,BeUuNaYBeHf
3526,353,BeUuNaYBeHf
3526,353,BeUuNaYBeHf
3526,353,BeUuNaYBeHf
3526,353,BeUuNaYBeHf
2608,158,BeTZDPOByn5
2608,158,BeTZDPOByn5
2608,158,BeTZDPOByn5
2608,158,BeTZDPOByn5
2608,158,BeTZDPOByn5
2608,158,BeTZDPOByn5
2608,158,BeTZDPOByn5
2608,158,BeTZDPOByn5
2608,158,BeTZDPOByn5
2608,158,BeTZDPOByn5
2608,158,BeTZDPOByn5
2608,158,BeTZDPOByn5
2608,158,BeTZDPOByn5
2608,158,BeTZDPOByn5
2608,158,BeTZDPOByn5
2608,158,BeTZDPOByn5
2608,158,BeTZDPOByn5
2608,158,BeTZDPOByn5
2608,158,BeTZDPOByn5
2608,158,BeTZDPOByn5
2608,158,BeTZDPOByn5
2608,158,BeTZDPOByn5
2608,158,BeTZDPOByn5
2608,158,BeTZDPOByn5
2608,158,BeTZDPOByn5
2608,158,BeTZDPOByn5
2608,158,BeTZDPOByn5
2608,158,BeTZDPOByn5
2608,158,BeTZDPOByn5
2608,158,BeTZDPOByn5
2608,158,BeTZDPOByn5
2608,158,BeTZDPOByn5
2608,158,BeTZDPOByn5
2608,158,BeTZDPOByn5
2608,158,BeTZDPOByn5
2608,158,BeTZDPOByn5
2608,158,BeTZDPOByn5
2608,158,BeTZDPOByn5
2608,158,BeTZDPOByn5
4402,119,BeQ9IZ2Bq6k
4402,119,BeQ9IZ2Bq6k
4402,119,BeQ9IZ2Bq6k
4402,119,BeQ9IZ2Bq6k
4402,119,BeQ9IZ2Bq6k
4402,119,BeQ9IZ2Bq6k
4402,119,BeQ9IZ2Bq6k
4402,119,BeQ9IZ2Bq6k
4402,119,BeQ9IZ2Bq6k
4402,119,BeQ9IZ2Bq6k
4402,119,BeQ9IZ2Bq6k
4402,119,BeQ9IZ2Bq6k
4402,119,BeQ9IZ2Bq6k
4402,119,BeQ9IZ2Bq6k
4402,119,BeQ9IZ2Bq6k
4402,119,BeQ9IZ2Bq6k
4402,119,BeQ9IZ2Bq6k
4402,119,BeQ9IZ2Bq6k
4402,119,BeQ9IZ2Bq6k
4402,119,BeQ9IZ2Bq6k
4402,119,BeQ9IZ2Bq6k
4402,119,BeQ9IZ2Bq6k
4402,119,BeQ9IZ2Bq6k
4402,119,BeQ9IZ2Bq6k
4402,119,BeQ9IZ2Bq6k
4402,119,BeQ9IZ2Bq6k
4402,119,BeQ9IZ2Bq6k
4402,119,BeQ9IZ2Bq6k
4402,119,BeQ9IZ2Bq6k
4036,112,BeQ099QBwpg
4036,112,BeQ099QBwpg
4036,112,BeQ099QBwpg
4036,112,BeQ099QBwpg
4036,112,BeQ099QBwpg
4036,112,BeQ099QBwpg
4036,112,BeQ099QBwpg
4036,112,BeQ099QBwpg
4036,112,BeQ099QBwpg
4036,112,BeQ099QBwpg
4036,112,BeQ099QBwpg
4036,112,BeQ099QBwpg
4036,112,BeQ099QBwpg
4036,112,BeQ099QBwpg
4036,112,BeQ099QBwpg
4036,112,BeQ099QBwpg
4036,112,BeQ099QBwpg
4036,112,BeQ099QBwpg
4036,112,BeQ099QBwpg
4036,112,BeQ099QBwpg
4036,112,BeQ099QBwpg
4036,112,BeQ099QBwpg
4036,112,BeQ099QBwpg
4036,112,BeQ099QBwpg
4036,112,BeQ099QBwpg
4036,112,BeQ099QBwpg
4036,112,BeQ099QBwpg
4036,112,BeQ099QBwpg
4036,112,BeQ099QBwpg
2906,65,BeQbcPRBiZk
2906,65,BeQbcPRBiZk
2906,65,BeQbcPRBiZk
2906,65,BeQbcPRBiZk
2906,65,BeQbcPRBiZk
2906,65,BeQbcPRBiZk
2906,65,BeQbcPRBiZk
2906,65,BeQbcPRBiZk
2906,65,BeQbcPRBiZk
2906,65,BeQbcPRBiZk
2906,65,BeQbcPRBiZk
2906,65,BeQbcPRBiZk
2906,65,BeQbcPRBiZk
2906,65,BeQbcPRBiZk
2906,65,BeQbcPRBiZk
2906,65,BeQbcPRBiZk
2906,65,BeQbcPRBiZk
2906,65,BeQbcPRBiZk
2906,65,BeQbcPRBiZk
2906,65,BeQbcPRBiZk
2906,65,BeQbcPRBiZk
2906,65,BeQbcPRBiZk
2906,65,BeQbcPRBiZk
2906,65,BeQbcPRBiZk
2906,65,BeQbcPRBiZk
2906,65,BeQbcPRBiZk
2906,65,BeQbcPRBiZk
2906,65,BeQbcPRBiZk
2906,65,BeQbcPRBiZk
2906,65,BeQbcPRBiZk
2906,65,BeQbcPRBiZk
2906,65,BeQbcPRBiZk
2906,65,BeQbcPRBiZk
2239,85,BeOEiAwBwwX
2239,85,BeOEiAwBwwX
2239,85,BeOEiAwBwwX
2239,85,BeOEiAwBwwX
2239,85,BeOEiAwBwwX
2239,85,BeOEiAwBwwX
2239,85,BeOEiAwBwwX
2239,85,BeOEiAwBwwX
2239,85,BeOEiAwBwwX
2239,85,BeOEiAwBwwX
2239,85,BeOEiAwBwwX
2239,85,BeOEiAwBwwX
2239,85,BeOEiAwBwwX
2239,85,BeOEiAwBwwX
2239,85,BeOEiAwBwwX
2239,85,BeOEiAwBwwX
2239,85,BeOEiAwBwwX
2239,85,BeOEiAwBwwX
2239,85,BeOEiAwBwwX
2239,85,BeOEiAwBwwX
2239,85,BeOEiAwBwwX
2239,85,BeOEiAwBwwX
2239,85,BeOEiAwBwwX
2239,85,BeOEiAwBwwX
2239,85,BeOEiAwBwwX
2239,85,BeOEiAwBwwX
2239,85,BeOEiAwBwwX
2239,85,BeOEiAwBwwX
2239,85,BeOEiAwBwwX
2239,85,BeOEiAwBwwX
2239,85,BeOEiAwBwwX
2239,85,BeOEiAwBwwX
2239,85,BeOEiAwBwwX
2239,85,BeOEiAwBwwX
2239,85,BeOEiAwBwwX
2021,67,BeNfhmOh2ux
2021,67,BeNfhmOh2ux
2021,67,BeNfhmOh2ux
2021,67,BeNfhmOh2ux
2021,67,BeNfhmOh2ux
2021,67,BeNfhmOh2ux
2021,67,BeNfhmOh2ux
2021,67,BeNfhmOh2ux
2021,67,BeNfhmOh2ux
2021,67,BeNfhmOh2ux
2021,67,BeNfhmOh2ux
2021,67,BeNfhmOh2ux
2021,67,BeNfhmOh2ux
2021,67,BeNfhmOh2ux
2021,67,BeNfhmOh2ux
2021,67,BeNfhmOh2ux
2021,67,BeNfhmOh2ux
2021,67,BeNfhmOh2ux
2021,67,BeNfhmOh2ux
2021,67,BeNfhmOh2ux
2021,67,BeNfhmOh2ux
2021,67,BeNfhmOh2ux
2021,67,BeNfhmOh2ux
2021,67,BeNfhmOh2ux
2021,67,BeNfhmOh2ux
2021,67,BeNfhmOh2ux
2021,67,BeNfhmOh2ux
2021,67,BeNfhmOh2ux
2021,67,BeNfhmOh2ux
2021,67,BeNfhmOh2ux
2021,67,BeNfhmOh2ux
2021,67,BeNfhmOh2ux
2021,67,BeNfhmOh2ux
2021,67,BeNfhmOh2ux
2021,67,BeNfhmOh2ux
2021,67,BeNfhmOh2ux
2021,67,BeNfhmOh2ux
1368,54,BeLezoPhPBu
1368,54,BeLezoPhPBu
1368,54,BeLezoPhPBu
1368,54,BeLezoPhPBu
1368,54,BeLezoPhPBu
1368,54,BeLezoPhPBu
1368,54,BeLezoPhPBu
1368,54,BeLezoPhPBu
1368,54,BeLezoPhPBu
1368,54,BeLezoPhPBu
1368,54,BeLezoPhPBu
1368,54,BeLezoPhPBu
1368,54,BeLezoPhPBu
1368,54,BeLezoPhPBu
1368,54,BeLezoPhPBu
1368,54,BeLezoPhPBu
1368,54,BeLezoPhPBu
1368,54,BeLezoPhPBu
1368,54,BeLezoPhPBu
1368,54,BeLezoPhPBu
1368,54,BeLezoPhPBu
1368,54,BeLezoPhPBu
1368,54,BeLezoPhPBu
1368,54,BeLezoPhPBu
1368,54,BeLezoPhPBu
1368,54,BeLezoPhPBu
1368,54,BeLezoPhPBu
1368,54,BeLezoPhPBu
1368,54,BeLezoPhPBu
1368,54,BeLezoPhPBu
1368,54,BeLezoPhPBu
1368,54,BeLezoPhPBu
1368,54,BeLezoPhPBu
1368,54,BeLezoPhPBu
4375,309,BeJCQDGhVL-
4375,309,BeJCQDGhVL-
4375,309,BeJCQDGhVL-
4375,309,BeJCQDGhVL-
4375,309,BeJCQDGhVL-
4375,309,BeJCQDGhVL-
4375,309,BeJCQDGhVL-
4375,309,BeJCQDGhVL-
4375,309,BeJCQDGhVL-
4375,309,BeJCQDGhVL-
4375,309,BeJCQDGhVL-
4375,309,BeJCQDGhVL-
4375,309,BeJCQDGhVL-
4375,309,BeJCQDGhVL-
4375,309,BeJCQDGhVL-
4375,309,BeJCQDGhVL-
4375,309,BeJCQDGhVL-
4375,309,BeJCQDGhVL-
4375,309,BeJCQDGhVL-
4375,309,BeJCQDGhVL-
4375,309,BeJCQDGhVL-
4375,309,BeJCQDGhVL-
4375,309,BeJCQDGhVL-
4375,309,BeJCQDGhVL-
4375,309,BeJCQDGhVL-
4375,309,BeJCQDGhVL-
4375,309,BeJCQDGhVL-
4375,309,BeJCQDGhVL-
4375,309,BeJCQDGhVL-
4375,309,BeJCQDGhVL-
4375,309,BeJCQDGhVL-
4375,309,BeJCQDGhVL-
4375,309,BeJCQDGhVL-
4375,309,BeJCQDGhVL-
4375,309,BeJCQDGhVL-
4375,309,BeJCQDGhVL-
4375,309,BeJCQDGhVL-
2276,103,BeH3I7vB4hH
2276,103,BeH3I7vB4hH
2276,103,BeH3I7vB4hH
2276,103,BeH3I7vB4hH
2276,103,BeH3I7vB4hH
2276,103,BeH3I7vB4hH
2276,103,BeH3I7vB4hH
2276,103,BeH3I7vB4hH
2276,103,BeH3I7vB4hH
2276,103,BeH3I7vB4hH
2276,103,BeH3I7vB4hH
2276,103,BeH3I7vB4hH
2276,103,BeH3I7vB4hH
2276,103,BeH3I7vB4hH
2276,103,BeH3I7vB4hH
2276,103,BeH3I7vB4hH
2276,103,BeH3I7vB4hH
2276,103,BeH3I7vB4hH
2276,103,BeH3I7vB4hH
2276,103,BeH3I7vB4hH
2276,103,BeH3I7vB4hH
2276,103,BeH3I7vB4hH
2276,103,BeH3I7vB4hH
2276,103,BeH3I7vB4hH
2276,103,BeH3I7vB4hH
2276,103,BeH3I7vB4hH
2276,103,BeH3I7vB4hH
2276,103,BeH3I7vB4hH
2276,103,BeH3I7vB4hH
2276,103,BeH3I7vB4hH
2276,103,BeH3I7vB4hH
2276,103,BeH3I7vB4hH
2276,103,BeH3I7vB4hH
2276,103,BeH3I7vB4hH
2276,103,BeH3I7vB4hH
2276,103,BeH3I7vB4hH
2276,103,BeH3I7vB4hH
2276,103,BeH3I7vB4hH
8103,318,BeGwPGyhVI0
8103,318,BeGwPGyhVI0
8103,318,BeGwPGyhVI0
8103,318,BeGwPGyhVI0
8103,318,BeGwPGyhVI0
8103,318,BeGwPGyhVI0
8103,318,BeGwPGyhVI0
8103,318,BeGwPGyhVI0
8103,318,BeGwPGyhVI0
8103,318,BeGwPGyhVI0
8103,318,BeGwPGyhVI0
8103,318,BeGwPGyhVI0
8103,318,BeGwPGyhVI0
8103,318,BeGwPGyhVI0
8103,318,BeGwPGyhVI0
8103,318,BeGwPGyhVI0
8103,318,BeGwPGyhVI0
8103,318,BeGwPGyhVI0
8103,318,BeGwPGyhVI0
8103,318,BeGwPGyhVI0
8103,318,BeGwPGyhVI0
8103,318,BeGwPGyhVI0
8103,318,BeGwPGyhVI0
8103,318,BeGwPGyhVI0
8103,318,BeGwPGyhVI0
8103,318,BeGwPGyhVI0
8103,318,BeGwPGyhVI0
8103,318,BeGwPGyhVI0
8103,318,BeGwPGyhVI0
8103,318,BeGwPGyhVI0
8103,318,BeGwPGyhVI0
8103,318,BeGwPGyhVI0
8103,318,BeGwPGyhVI0
8103,318,BeGwPGyhVI0
3111,117,BeGi2GpBeDk
3111,117,BeGi2GpBeDk
3111,117,BeGi2GpBeDk
3111,117,BeGi2GpBeDk
3111,117,BeGi2GpBeDk
3111,117,BeGi2GpBeDk
3111,117,BeGi2GpBeDk
3111,117,BeGi2GpBeDk
3111,117,BeGi2GpBeDk
3111,117,BeGi2GpBeDk
3111,117,BeGi2GpBeDk
3111,117,BeGi2GpBeDk
3111,117,BeGi2GpBeDk
3111,117,BeGi2GpBeDk
3111,117,BeGi2GpBeDk
3111,117,BeGi2GpBeDk
3111,117,BeGi2GpBeDk
3111,117,BeGi2GpBeDk
3111,117,BeGi2GpBeDk
3111,117,BeGi2GpBeDk
3111,117,BeGi2GpBeDk
3111,117,BeGi2GpBeDk
3111,117,BeGi2GpBeDk
3111,117,BeGi2GpBeDk
3111,117,BeGi2GpBeDk
3111,117,BeGi2GpBeDk
3111,117,BeGi2GpBeDk
3111,117,BeGi2GpBeDk
3111,117,BeGi2GpBeDk
3111,117,BeGi2GpBeDk
3111,117,BeGi2GpBeDk
3111,117,BeGi2GpBeDk
3111,117,BeGi2GpBeDk
3111,117,BeGi2GpBeDk
3111,117,BeGi2GpBeDk
3111,117,BeGi2GpBeDk
3111,117,BeGi2GpBeDk
3111,117,BeGi2GpBeDk
2493,61,BeGQzP3Bl7_
2493,61,BeGQzP3Bl7_
2493,61,BeGQzP3Bl7_
2493,61,BeGQzP3Bl7_
2493,61,BeGQzP3Bl7_
2493,61,BeGQzP3Bl7_
2493,61,BeGQzP3Bl7_
2493,61,BeGQzP3Bl7_
2493,61,BeGQzP3Bl7_
2493,61,BeGQzP3Bl7_
2493,61,BeGQzP3Bl7_
2493,61,BeGQzP3Bl7_
2493,61,BeGQzP3Bl7_
2493,61,BeGQzP3Bl7_
2493,61,BeGQzP3Bl7_
2493,61,BeGQzP3Bl7_
2493,61,BeGQzP3Bl7_
2493,61,BeGQzP3Bl7_
2493,61,BeGQzP3Bl7_
2493,61,BeGQzP3Bl7_
2493,61,BeGQzP3Bl7_
2493,61,BeGQzP3Bl7_
2493,61,BeGQzP3Bl7_
2493,61,BeGQzP3Bl7_
2493,61,BeGQzP3Bl7_
2493,61,BeGQzP3Bl7_
2493,61,BeGQzP3Bl7_
2493,61,BeGQzP3Bl7_
2493,61,BeGQzP3Bl7_
2493,61,BeGQzP3Bl7_
2493,61,BeGQzP3Bl7_
2493,61,BeGQzP3Bl7_
2493,61,BeGQzP3Bl7_
2493,61,BeGQzP3Bl7_
2493,61,BeGQzP3Bl7_
2493,61,BeGQzP3Bl7_
2493,61,BeGQzP3Bl7_
2493,61,BeGQzP3Bl7_
2493,61,BeGQzP3Bl7_
2388,59,BeFiCBSBf_-
2388,59,BeFiCBSBf_-
2388,59,BeFiCBSBf_-
2388,59,BeFiCBSBf_-
2388,59,BeFiCBSBf_-
2388,59,BeFiCBSBf_-
2388,59,BeFiCBSBf_-
2388,59,BeFiCBSBf_-
2388,59,BeFiCBSBf_-
2388,59,BeFiCBSBf_-
2388,59,BeFiCBSBf_-
2388,59,BeFiCBSBf_-
2388,59,BeFiCBSBf_-
2388,59,BeFiCBSBf_-
2388,59,BeFiCBSBf_-
2388,59,BeFiCBSBf_-
2388,59,BeFiCBSBf_-
2388,59,BeFiCBSBf_-
2388,59,BeFiCBSBf_-
2388,59,BeFiCBSBf_-
2388,59,BeFiCBSBf_-
2388,59,BeFiCBSBf_-
2388,59,BeFiCBSBf_-
2388,59,BeFiCBSBf_-
2388,59,BeFiCBSBf_-
2388,59,BeFiCBSBf_-
2388,59,BeFiCBSBf_-
2388,59,BeFiCBSBf_-
2388,59,BeFiCBSBf_-
2388,59,BeFiCBSBf_-
2388,59,BeFiCBSBf_-
2388,59,BeFiCBSBf_-
4351,74,BeD8OWRBL8o
4351,74,BeD8OWRBL8o
4351,74,BeD8OWRBL8o
4351,74,BeD8OWRBL8o
4351,74,BeD8OWRBL8o
4351,74,BeD8OWRBL8o
4351,74,BeD8OWRBL8o
4351,74,BeD8OWRBL8o
4351,74,BeD8OWRBL8o
4351,74,BeD8OWRBL8o
4351,74,BeD8OWRBL8o
4351,74,BeD8OWRBL8o
4351,74,BeD8OWRBL8o
4351,74,BeD8OWRBL8o
4351,74,BeD8OWRBL8o
4351,74,BeD8OWRBL8o
4351,74,BeD8OWRBL8o
4351,74,BeD8OWRBL8o
4351,74,BeD8OWRBL8o
4351,74,BeD8OWRBL8o
4351,74,BeD8OWRBL8o
4351,74,BeD8OWRBL8o
4351,74,BeD8OWRBL8o
4351,74,BeD8OWRBL8o
4351,74,BeD8OWRBL8o
4351,74,BeD8OWRBL8o
4351,74,BeD8OWRBL8o
4351,74,BeD8OWRBL8o
4351,74,BeD8OWRBL8o
4351,74,BeD8OWRBL8o
4351,74,BeD8OWRBL8o
4351,74,BeD8OWRBL8o
4351,74,BeD8OWRBL8o
4351,74,BeD8OWRBL8o
4351,74,BeD8OWRBL8o
4450,101,BeC33T-h2xv
4450,101,BeC33T-h2xv
4450,101,BeC33T-h2xv
4450,101,BeC33T-h2xv
4450,101,BeC33T-h2xv
4450,101,BeC33T-h2xv
4450,101,BeC33T-h2xv
4450,101,BeC33T-h2xv
4450,101,BeC33T-h2xv
4450,101,BeC33T-h2xv
4450,101,BeC33T-h2xv
4450,101,BeC33T-h2xv
4450,101,BeC33T-h2xv
4450,101,BeC33T-h2xv
4450,101,BeC33T-h2xv
4450,101,BeC33T-h2xv
4450,101,BeC33T-h2xv
4450,101,BeC33T-h2xv
4450,101,BeC33T-h2xv
4450,101,BeC33T-h2xv
4450,101,BeC33T-h2xv
4450,101,BeC33T-h2xv
4450,101,BeC33T-h2xv
4450,101,BeC33T-h2xv
4450,101,BeC33T-h2xv
4450,101,BeC33T-h2xv
4450,101,BeC33T-h2xv
4450,101,BeC33T-h2xv
4450,101,BeC33T-h2xv
4450,101,BeC33T-h2xv
4450,101,BeC33T-h2xv
4450,101,BeC33T-h2xv
4450,101,BeC33T-h2xv
4450,101,BeC33T-h2xv
4450,101,BeC33T-h2xv
4450,101,BeC33T-h2xv
4450,101,BeC33T-h2xv
4450,101,BeC33T-h2xv
4450,101,BeC33T-h2xv
3225,159,BeBX5rXBLtX
3225,159,BeBX5rXBLtX
3225,159,BeBX5rXBLtX
3225,159,BeBX5rXBLtX
3225,159,BeBX5rXBLtX
3225,159,BeBX5rXBLtX
3225,159,BeBX5rXBLtX
3225,159,BeBX5rXBLtX
3225,159,BeBX5rXBLtX
3225,159,BeBX5rXBLtX
3225,159,BeBX5rXBLtX
3225,159,BeBX5rXBLtX
3225,159,BeBX5rXBLtX
3225,159,BeBX5rXBLtX
3225,159,BeBX5rXBLtX
3225,159,BeBX5rXBLtX
3225,159,BeBX5rXBLtX
3225,159,BeBX5rXBLtX
3225,159,BeBX5rXBLtX
3225,159,BeBX5rXBLtX
3225,159,BeBX5rXBLtX
3225,159,BeBX5rXBLtX
3225,159,BeBX5rXBLtX
3225,159,BeBX5rXBLtX
3225,159,BeBX5rXBLtX
3225,159,BeBX5rXBLtX
3225,159,BeBX5rXBLtX
3225,159,BeBX5rXBLtX
3225,159,BeBX5rXBLtX
3225,159,BeBX5rXBLtX
3225,159,BeBX5rXBLtX
3225,159,BeBX5rXBLtX
3225,159,BeBX5rXBLtX
3225,159,BeBX5rXBLtX
3225,159,BeBX5rXBLtX
3225,159,BeBX5rXBLtX
3225,159,BeBX5rXBLtX
3225,159,BeBX5rXBLtX
2451,42,BeBKpSLBFcv
2451,42,BeBKpSLBFcv
2451,42,BeBKpSLBFcv
2451,42,BeBKpSLBFcv
2451,42,BeBKpSLBFcv
2451,42,BeBKpSLBFcv
2451,42,BeBKpSLBFcv
2451,42,BeBKpSLBFcv
2451,42,BeBKpSLBFcv
2451,42,BeBKpSLBFcv
2451,42,BeBKpSLBFcv
2451,42,BeBKpSLBFcv
2451,42,BeBKpSLBFcv
2451,42,BeBKpSLBFcv
2451,42,BeBKpSLBFcv
2451,42,BeBKpSLBFcv
2451,42,BeBKpSLBFcv
2451,42,BeBKpSLBFcv
2451,42,BeBKpSLBFcv
2451,42,BeBKpSLBFcv
2451,42,BeBKpSLBFcv
2451,42,BeBKpSLBFcv
2451,42,BeBKpSLBFcv
2451,42,BeBKpSLBFcv
2451,42,BeBKpSLBFcv
2451,42,BeBKpSLBFcv
2451,42,BeBKpSLBFcv
2451,42,BeBKpSLBFcv
2451,42,BeBKpSLBFcv
2451,42,BeBKpSLBFcv
2451,42,BeBKpSLBFcv
2451,42,BeBKpSLBFcv
2451,42,BeBKpSLBFcv
2451,42,BeBKpSLBFcv
2451,42,BeBKpSLBFcv
2451,42,BeBKpSLBFcv
2451,42,BeBKpSLBFcv
2451,42,BeBKpSLBFcv
2451,42,BeBKpSLBFcv
3987,119,BeAk4pUBVtg
3987,119,BeAk4pUBVtg
3987,119,BeAk4pUBVtg
3987,119,BeAk4pUBVtg
3987,119,BeAk4pUBVtg
3987,119,BeAk4pUBVtg
3987,119,BeAk4pUBVtg
3987,119,BeAk4pUBVtg
3987,119,BeAk4pUBVtg
3987,119,BeAk4pUBVtg
3987,119,BeAk4pUBVtg
3987,119,BeAk4pUBVtg
3987,119,BeAk4pUBVtg
3987,119,BeAk4pUBVtg
3987,119,BeAk4pUBVtg
3987,119,BeAk4pUBVtg
3987,119,BeAk4pUBVtg
3987,119,BeAk4pUBVtg
3987,119,BeAk4pUBVtg
3987,119,BeAk4pUBVtg
3987,119,BeAk4pUBVtg
3987,119,BeAk4pUBVtg
3987,119,BeAk4pUBVtg
3987,119,BeAk4pUBVtg
3987,119,BeAk4pUBVtg
3987,119,BeAk4pUBVtg
3987,119,BeAk4pUBVtg
3987,119,BeAk4pUBVtg
3987,119,BeAk4pUBVtg
3987,119,BeAk4pUBVtg
3987,119,BeAk4pUBVtg
3987,119,BeAk4pUBVtg
3987,119,BeAk4pUBVtg
3987,119,BeAk4pUBVtg
3987,119,BeAk4pUBVtg
3987,119,BeAk4pUBVtg
3987,119,BeAk4pUBVtg
3987,119,BeAk4pUBVtg
3987,119,BeAk4pUBVtg
2864,138,BeATVMYhlmX
2864,138,BeATVMYhlmX
2864,138,BeATVMYhlmX
2864,138,BeATVMYhlmX
2864,138,BeATVMYhlmX
2864,138,BeATVMYhlmX
2864,138,BeATVMYhlmX
2864,138,BeATVMYhlmX
2864,138,BeATVMYhlmX
2864,138,BeATVMYhlmX
2864,138,BeATVMYhlmX
2864,138,BeATVMYhlmX
2864,138,BeATVMYhlmX
2864,138,BeATVMYhlmX
2864,138,BeATVMYhlmX
2864,138,BeATVMYhlmX
2864,138,BeATVMYhlmX
2864,138,BeATVMYhlmX
2864,138,BeATVMYhlmX
2864,138,BeATVMYhlmX
2864,138,BeATVMYhlmX
2864,138,BeATVMYhlmX
2864,138,BeATVMYhlmX
2864,138,BeATVMYhlmX
2864,138,BeATVMYhlmX
2864,138,BeATVMYhlmX
2864,138,BeATVMYhlmX
2864,138,BeATVMYhlmX
2864,138,BeATVMYhlmX
2864,138,BeATVMYhlmX
2864,138,BeATVMYhlmX
2864,138,BeATVMYhlmX
2864,138,BeATVMYhlmX
2864,138,BeATVMYhlmX
2864,138,BeATVMYhlmX
2864,138,BeATVMYhlmX
2864,138,BeATVMYhlmX
2864,138,BeATVMYhlmX
2864,138,BeATVMYhlmX
2864,138,BeATVMYhlmX
2200,52,Bd--Fl4h8ju
2200,52,Bd--Fl4h8ju
2200,52,Bd--Fl4h8ju
2200,52,Bd--Fl4h8ju
2200,52,Bd--Fl4h8ju
2200,52,Bd--Fl4h8ju
2200,52,Bd--Fl4h8ju
2200,52,Bd--Fl4h8ju
2200,52,Bd--Fl4h8ju
2200,52,Bd--Fl4h8ju
2200,52,Bd--Fl4h8ju
2200,52,Bd--Fl4h8ju
2200,52,Bd--Fl4h8ju
2200,52,Bd--Fl4h8ju
2200,52,Bd--Fl4h8ju
2200,52,Bd--Fl4h8ju
2200,52,Bd--Fl4h8ju
2200,52,Bd--Fl4h8ju
2200,52,Bd--Fl4h8ju
2200,52,Bd--Fl4h8ju
2200,52,Bd--Fl4h8ju
2200,52,Bd--Fl4h8ju
2200,52,Bd--Fl4h8ju
2200,52,Bd--Fl4h8ju
2200,52,Bd--Fl4h8ju
2200,52,Bd--Fl4h8ju
2200,52,Bd--Fl4h8ju
2200,52,Bd--Fl4h8ju
2200,52,Bd--Fl4h8ju
2200,52,Bd--Fl4h8ju
2200,52,Bd--Fl4h8ju
2200,52,Bd--Fl4h8ju
2200,52,Bd--Fl4h8ju
2200,52,Bd--Fl4h8ju
2200,52,Bd--Fl4h8ju
2200,52,Bd--Fl4h8ju
2200,52,Bd--Fl4h8ju
2200,52,Bd--Fl4h8ju
2200,52,Bd--Fl4h8ju
2200,52,Bd--Fl4h8ju
12587,561,Bd8WeiZBg9M
12587,561,Bd8WeiZBg9M
12587,561,Bd8WeiZBg9M
12587,561,Bd8WeiZBg9M
12587,561,Bd8WeiZBg9M
12587,561,Bd8WeiZBg9M
12587,561,Bd8WeiZBg9M
12587,561,Bd8WeiZBg9M
12587,561,Bd8WeiZBg9M
12587,561,Bd8WeiZBg9M
12587,561,Bd8WeiZBg9M
12587,561,Bd8WeiZBg9M
12587,561,Bd8WeiZBg9M
12587,561,Bd8WeiZBg9M
12587,561,Bd8WeiZBg9M
12587,561,Bd8WeiZBg9M
12587,561,Bd8WeiZBg9M
12587,561,Bd8WeiZBg9M
12587,561,Bd8WeiZBg9M
12587,561,Bd8WeiZBg9M
12587,561,Bd8WeiZBg9M
12587,561,Bd8WeiZBg9M
12587,561,Bd8WeiZBg9M
12587,561,Bd8WeiZBg9M
12587,561,Bd8WeiZBg9M
12587,561,Bd8WeiZBg9M
12587,561,Bd8WeiZBg9M
12587,561,Bd8WeiZBg9M
12587,561,Bd8WeiZBg9M
12587,561,Bd8WeiZBg9M
12587,561,Bd8WeiZBg9M
12587,561,Bd8WeiZBg9M
12587,561,Bd8WeiZBg9M
12587,561,Bd8WeiZBg9M
12587,561,Bd8WeiZBg9M
4867,236,Bd8MUMQB4u9
4867,236,Bd8MUMQB4u9
4867,236,Bd8MUMQB4u9
4867,236,Bd8MUMQB4u9
4867,236,Bd8MUMQB4u9
4867,236,Bd8MUMQB4u9
4867,236,Bd8MUMQB4u9
4867,236,Bd8MUMQB4u9
4867,236,Bd8MUMQB4u9
4867,236,Bd8MUMQB4u9
4867,236,Bd8MUMQB4u9
4867,236,Bd8MUMQB4u9
4867,236,Bd8MUMQB4u9
4867,236,Bd8MUMQB4u9
4867,236,Bd8MUMQB4u9
4867,236,Bd8MUMQB4u9
4867,236,Bd8MUMQB4u9
4867,236,Bd8MUMQB4u9
4867,236,Bd8MUMQB4u9
4867,236,Bd8MUMQB4u9
4867,236,Bd8MUMQB4u9
4867,236,Bd8MUMQB4u9
4867,236,Bd8MUMQB4u9
4867,236,Bd8MUMQB4u9
4867,236,Bd8MUMQB4u9
4867,236,Bd8MUMQB4u9
4867,236,Bd8MUMQB4u9
4867,236,Bd8MUMQB4u9
4867,236,Bd8MUMQB4u9
4867,236,Bd8MUMQB4u9
4867,236,Bd8MUMQB4u9
4867,236,Bd8MUMQB4u9
4867,236,Bd8MUMQB4u9
4867,236,Bd8MUMQB4u9
4867,236,Bd8MUMQB4u9
4867,236,Bd8MUMQB4u9
4867,236,Bd8MUMQB4u9
4867,236,Bd8MUMQB4u9
4867,236,Bd8MUMQB4u9
4867,236,Bd8MUMQB4u9
4935,320,Bd7Xdq4B0EB
4935,320,Bd7Xdq4B0EB
4935,320,Bd7Xdq4B0EB
4935,320,Bd7Xdq4B0EB
4935,320,Bd7Xdq4B0EB
4935,320,Bd7Xdq4B0EB
4935,320,Bd7Xdq4B0EB
4935,320,Bd7Xdq4B0EB
4935,320,Bd7Xdq4B0EB
4935,320,Bd7Xdq4B0EB
4935,320,Bd7Xdq4B0EB
4935,320,Bd7Xdq4B0EB
4935,320,Bd7Xdq4B0EB
4935,320,Bd7Xdq4B0EB
4935,320,Bd7Xdq4B0EB
4935,320,Bd7Xdq4B0EB
4935,320,Bd7Xdq4B0EB
4935,320,Bd7Xdq4B0EB
4935,320,Bd7Xdq4B0EB
4935,320,Bd7Xdq4B0EB
4935,320,Bd7Xdq4B0EB
4935,320,Bd7Xdq4B0EB
4935,320,Bd7Xdq4B0EB
4935,320,Bd7Xdq4B0EB
4935,320,Bd7Xdq4B0EB
4935,320,Bd7Xdq4B0EB
4935,320,Bd7Xdq4B0EB
4935,320,Bd7Xdq4B0EB
4935,320,Bd7Xdq4B0EB
4935,320,Bd7Xdq4B0EB
4935,320,Bd7Xdq4B0EB
4935,320,Bd7Xdq4B0EB
4935,320,Bd7Xdq4B0EB
4935,320,Bd7Xdq4B0EB
4935,320,Bd7Xdq4B0EB
4935,320,Bd7Xdq4B0EB
4935,320,Bd7Xdq4B0EB
3054,143,Bd7DF3thcdU
3054,143,Bd7DF3thcdU
3054,143,Bd7DF3thcdU
3054,143,Bd7DF3thcdU
3054,143,Bd7DF3thcdU
3054,143,Bd7DF3thcdU
3054,143,Bd7DF3thcdU
3054,143,Bd7DF3thcdU
3054,143,Bd7DF3thcdU
3054,143,Bd7DF3thcdU
3054,143,Bd7DF3thcdU
3054,143,Bd7DF3thcdU
3054,143,Bd7DF3thcdU
3054,143,Bd7DF3thcdU
3054,143,Bd7DF3thcdU
3054,143,Bd7DF3thcdU
3054,143,Bd7DF3thcdU
3054,143,Bd7DF3thcdU
3054,143,Bd7DF3thcdU
3054,143,Bd7DF3thcdU
3054,143,Bd7DF3thcdU
3054,143,Bd7DF3thcdU
3054,143,Bd7DF3thcdU
3054,143,Bd7DF3thcdU
3054,143,Bd7DF3thcdU
3054,143,Bd7DF3thcdU
3054,143,Bd7DF3thcdU
3054,143,Bd7DF3thcdU
3054,143,Bd7DF3thcdU
3054,143,Bd7DF3thcdU
3054,143,Bd7DF3thcdU
3054,143,Bd7DF3thcdU
3054,143,Bd7DF3thcdU
3054,143,Bd7DF3thcdU
3054,143,Bd7DF3thcdU
3054,143,Bd7DF3thcdU
3054,143,Bd7DF3thcdU
3054,143,Bd7DF3thcdU
3054,143,Bd7DF3thcdU
3189,65,Bd5B1TxBGyE
3189,65,Bd5B1TxBGyE
3189,65,Bd5B1TxBGyE
3189,65,Bd5B1TxBGyE
3189,65,Bd5B1TxBGyE
3189,65,Bd5B1TxBGyE
3189,65,Bd5B1TxBGyE
3189,65,Bd5B1TxBGyE
3189,65,Bd5B1TxBGyE
3189,65,Bd5B1TxBGyE
3189,65,Bd5B1TxBGyE
3189,65,Bd5B1TxBGyE
3189,65,Bd5B1TxBGyE
3189,65,Bd5B1TxBGyE
3189,65,Bd5B1TxBGyE
3189,65,Bd5B1TxBGyE
3189,65,Bd5B1TxBGyE
3189,65,Bd5B1TxBGyE
3189,65,Bd5B1TxBGyE
3189,65,Bd5B1TxBGyE
3189,65,Bd5B1TxBGyE
3189,65,Bd5B1TxBGyE
3189,65,Bd5B1TxBGyE
3189,65,Bd5B1TxBGyE
3189,65,Bd5B1TxBGyE
3189,65,Bd5B1TxBGyE
3189,65,Bd5B1TxBGyE
3189,65,Bd5B1TxBGyE
3189,65,Bd5B1TxBGyE
3189,65,Bd5B1TxBGyE
3189,65,Bd5B1TxBGyE
3189,65,Bd5B1TxBGyE
3189,65,Bd5B1TxBGyE
3189,65,Bd5B1TxBGyE
3189,65,Bd5B1TxBGyE
2297,41,Bd3WufghHqk
2297,41,Bd3WufghHqk
2297,41,Bd3WufghHqk
2297,41,Bd3WufghHqk
2297,41,Bd3WufghHqk
2297,41,Bd3WufghHqk
2297,41,Bd3WufghHqk
2297,41,Bd3WufghHqk
2297,41,Bd3WufghHqk
2297,41,Bd3WufghHqk
2297,41,Bd3WufghHqk
2297,41,Bd3WufghHqk
2297,41,Bd3WufghHqk
2297,41,Bd3WufghHqk
2297,41,Bd3WufghHqk
2297,41,Bd3WufghHqk
2297,41,Bd3WufghHqk
2297,41,Bd3WufghHqk
2297,41,Bd3WufghHqk
2297,41,Bd3WufghHqk
2297,41,Bd3WufghHqk
2297,41,Bd3WufghHqk
2297,41,Bd3WufghHqk
2297,41,Bd3WufghHqk
2297,41,Bd3WufghHqk
2297,41,Bd3WufghHqk
2297,41,Bd3WufghHqk
2297,41,Bd3WufghHqk
2297,41,Bd3WufghHqk
2297,41,Bd3WufghHqk
2297,41,Bd3WufghHqk
2297,41,Bd3WufghHqk
2297,41,Bd3WufghHqk
2297,41,Bd3WufghHqk
2297,41,Bd3WufghHqk
2297,41,Bd3WufghHqk
2297,41,Bd3WufghHqk
2297,41,Bd3WufghHqk
2297,41,Bd3WufghHqk
2297,41,Bd3WufghHqk
2809,104,Bd3QnPfhAnp
2809,104,Bd3QnPfhAnp
2809,104,Bd3QnPfhAnp
2809,104,Bd3QnPfhAnp
2809,104,Bd3QnPfhAnp
2809,104,Bd3QnPfhAnp
2809,104,Bd3QnPfhAnp
2809,104,Bd3QnPfhAnp
2809,104,Bd3QnPfhAnp
2809,104,Bd3QnPfhAnp
2809,104,Bd3QnPfhAnp
2809,104,Bd3QnPfhAnp
2809,104,Bd3QnPfhAnp
2809,104,Bd3QnPfhAnp
2809,104,Bd3QnPfhAnp
2809,104,Bd3QnPfhAnp
2809,104,Bd3QnPfhAnp
2809,104,Bd3QnPfhAnp
2809,104,Bd3QnPfhAnp
2809,104,Bd3QnPfhAnp
2809,104,Bd3QnPfhAnp
2809,104,Bd3QnPfhAnp
2809,104,Bd3QnPfhAnp
2809,104,Bd3QnPfhAnp
2809,104,Bd3QnPfhAnp
2809,104,Bd3QnPfhAnp
2809,104,Bd3QnPfhAnp
2809,104,Bd3QnPfhAnp
2809,104,Bd3QnPfhAnp
2809,104,Bd3QnPfhAnp
2809,104,Bd3QnPfhAnp
2809,104,Bd3QnPfhAnp
2809,104,Bd3QnPfhAnp
2809,104,Bd3QnPfhAnp
2809,104,Bd3QnPfhAnp
2809,104,Bd3QnPfhAnp
2809,104,Bd3QnPfhAnp
975,19,Bd3Arz8BKuM
975,19,Bd3Arz8BKuM
975,19,Bd3Arz8BKuM
975,19,Bd3Arz8BKuM
975,19,Bd3Arz8BKuM
975,19,Bd3Arz8BKuM
975,19,Bd3Arz8BKuM
975,19,Bd3Arz8BKuM
975,19,Bd3Arz8BKuM
975,19,Bd3Arz8BKuM
975,19,Bd3Arz8BKuM
975,19,Bd3Arz8BKuM
975,19,Bd3Arz8BKuM
975,19,Bd3Arz8BKuM
975,19,Bd3Arz8BKuM
975,19,Bd3Arz8BKuM
975,19,Bd3Arz8BKuM
975,19,Bd3Arz8BKuM
4118,85,Bd15bq9BdC6
4118,85,Bd15bq9BdC6
4118,85,Bd15bq9BdC6
4118,85,Bd15bq9BdC6
4118,85,Bd15bq9BdC6
4118,85,Bd15bq9BdC6
4118,85,Bd15bq9BdC6
4118,85,Bd15bq9BdC6
4118,85,Bd15bq9BdC6
4118,85,Bd15bq9BdC6
4118,85,Bd15bq9BdC6
4118,85,Bd15bq9BdC6
4118,85,Bd15bq9BdC6
4118,85,Bd15bq9BdC6
4118,85,Bd15bq9BdC6
4118,85,Bd15bq9BdC6
4118,85,Bd15bq9BdC6
4118,85,Bd15bq9BdC6
4118,85,Bd15bq9BdC6
4118,85,Bd15bq9BdC6
4118,85,Bd15bq9BdC6
4118,85,Bd15bq9BdC6
4118,85,Bd15bq9BdC6
4118,85,Bd15bq9BdC6
4118,85,Bd15bq9BdC6
4118,85,Bd15bq9BdC6
4118,85,Bd15bq9BdC6
4118,85,Bd15bq9BdC6
4118,85,Bd15bq9BdC6
4118,85,Bd15bq9BdC6
4118,85,Bd15bq9BdC6
4118,85,Bd15bq9BdC6
4118,85,Bd15bq9BdC6
4118,85,Bd15bq9BdC6
4118,85,Bd15bq9BdC6
4118,85,Bd15bq9BdC6
4118,85,Bd15bq9BdC6
4118,85,Bd15bq9BdC6
4118,85,Bd15bq9BdC6
5925,175,Bd0hXaxhHxh
5925,175,Bd0hXaxhHxh
5925,175,Bd0hXaxhHxh
5925,175,Bd0hXaxhHxh
5925,175,Bd0hXaxhHxh
5925,175,Bd0hXaxhHxh
5925,175,Bd0hXaxhHxh
5925,175,Bd0hXaxhHxh
5925,175,Bd0hXaxhHxh
5925,175,Bd0hXaxhHxh
5925,175,Bd0hXaxhHxh
5925,175,Bd0hXaxhHxh
5925,175,Bd0hXaxhHxh
5925,175,Bd0hXaxhHxh
5925,175,Bd0hXaxhHxh
5925,175,Bd0hXaxhHxh
5925,175,Bd0hXaxhHxh
5925,175,Bd0hXaxhHxh
5925,175,Bd0hXaxhHxh
5925,175,Bd0hXaxhHxh
5925,175,Bd0hXaxhHxh
5925,175,Bd0hXaxhHxh
5925,175,Bd0hXaxhHxh
5925,175,Bd0hXaxhHxh
5925,175,Bd0hXaxhHxh
5925,175,Bd0hXaxhHxh
5925,175,Bd0hXaxhHxh
5925,175,Bd0hXaxhHxh
5925,175,Bd0hXaxhHxh
5925,175,Bd0hXaxhHxh
5925,175,Bd0hXaxhHxh
5925,175,Bd0hXaxhHxh
5925,175,Bd0hXaxhHxh
5925,175,Bd0hXaxhHxh
5925,175,Bd0hXaxhHxh
5925,175,Bd0hXaxhHxh
1980,107,Bd0QumQBqWu
1980,107,Bd0QumQBqWu
1980,107,Bd0QumQBqWu
1980,107,Bd0QumQBqWu
1980,107,Bd0QumQBqWu
1980,107,Bd0QumQBqWu
1980,107,Bd0QumQBqWu
1980,107,Bd0QumQBqWu
1980,107,Bd0QumQBqWu
1980,107,Bd0QumQBqWu
1980,107,Bd0QumQBqWu
1980,107,Bd0QumQBqWu
1980,107,Bd0QumQBqWu
1980,107,Bd0QumQBqWu
1980,107,Bd0QumQBqWu
1980,107,Bd0QumQBqWu
1980,107,Bd0QumQBqWu
1980,107,Bd0QumQBqWu
1980,107,Bd0QumQBqWu
1980,107,Bd0QumQBqWu
1980,107,Bd0QumQBqWu
1980,107,Bd0QumQBqWu
1980,107,Bd0QumQBqWu
1980,107,Bd0QumQBqWu
1980,107,Bd0QumQBqWu
1980,107,Bd0QumQBqWu
1980,107,Bd0QumQBqWu
1980,107,Bd0QumQBqWu
1980,107,Bd0QumQBqWu
1980,107,Bd0QumQBqWu
1980,107,Bd0QumQBqWu
1980,107,Bd0QumQBqWu
1980,107,Bd0QumQBqWu
1980,107,Bd0QumQBqWu
1980,107,Bd0QumQBqWu
1980,107,Bd0QumQBqWu
1980,107,Bd0QumQBqWu
1980,107,Bd0QumQBqWu
3896,88,BdvTRQGhaJz
3896,88,BdvTRQGhaJz
3896,88,BdvTRQGhaJz
3896,88,BdvTRQGhaJz
3896,88,BdvTRQGhaJz
3896,88,BdvTRQGhaJz
3896,88,BdvTRQGhaJz
3896,88,BdvTRQGhaJz
3896,88,BdvTRQGhaJz
3896,88,BdvTRQGhaJz
3896,88,BdvTRQGhaJz
3896,88,BdvTRQGhaJz
3896,88,BdvTRQGhaJz
3896,88,BdvTRQGhaJz
3896,88,BdvTRQGhaJz
3896,88,BdvTRQGhaJz
3896,88,BdvTRQGhaJz
3896,88,BdvTRQGhaJz
3896,88,BdvTRQGhaJz
3896,88,BdvTRQGhaJz
3896,88,BdvTRQGhaJz
3896,88,BdvTRQGhaJz
3896,88,BdvTRQGhaJz
3896,88,BdvTRQGhaJz
3896,88,BdvTRQGhaJz
3896,88,BdvTRQGhaJz
3896,88,BdvTRQGhaJz
3896,88,BdvTRQGhaJz
3896,88,BdvTRQGhaJz
3896,88,BdvTRQGhaJz
3896,88,BdvTRQGhaJz
3896,88,BdvTRQGhaJz
3896,88,BdvTRQGhaJz
3896,88,BdvTRQGhaJz
3896,88,BdvTRQGhaJz
3896,88,BdvTRQGhaJz
3896,88,BdvTRQGhaJz
3896,88,BdvTRQGhaJz
3896,88,BdvTRQGhaJz
2516,93,Bds6d0tBiGL
2516,93,Bds6d0tBiGL
2516,93,Bds6d0tBiGL
2516,93,Bds6d0tBiGL
2516,93,Bds6d0tBiGL
2516,93,Bds6d0tBiGL
2516,93,Bds6d0tBiGL
2516,93,Bds6d0tBiGL
2516,93,Bds6d0tBiGL
2516,93,Bds6d0tBiGL
2516,93,Bds6d0tBiGL
2516,93,Bds6d0tBiGL
2516,93,Bds6d0tBiGL
2516,93,Bds6d0tBiGL
2516,93,Bds6d0tBiGL
2516,93,Bds6d0tBiGL
2516,93,Bds6d0tBiGL
2516,93,Bds6d0tBiGL
2516,93,Bds6d0tBiGL
2516,93,Bds6d0tBiGL
2516,93,Bds6d0tBiGL
2516,93,Bds6d0tBiGL
2516,93,Bds6d0tBiGL
2516,93,Bds6d0tBiGL
2516,93,Bds6d0tBiGL
2516,93,Bds6d0tBiGL
2516,93,Bds6d0tBiGL
2516,93,Bds6d0tBiGL
2516,93,Bds6d0tBiGL
2516,93,Bds6d0tBiGL
2516,93,Bds6d0tBiGL
2516,93,Bds6d0tBiGL
2516,93,Bds6d0tBiGL
2516,93,Bds6d0tBiGL
2516,93,Bds6d0tBiGL
3419,121,BdsyRhABOqo
3419,121,BdsyRhABOqo
3419,121,BdsyRhABOqo
3419,121,BdsyRhABOqo
3419,121,BdsyRhABOqo
3419,121,BdsyRhABOqo
3419,121,BdsyRhABOqo
3419,121,BdsyRhABOqo
3419,121,BdsyRhABOqo
3419,121,BdsyRhABOqo
3419,121,BdsyRhABOqo
3419,121,BdsyRhABOqo
3419,121,BdsyRhABOqo
3419,121,BdsyRhABOqo
3419,121,BdsyRhABOqo
3419,121,BdsyRhABOqo
3419,121,BdsyRhABOqo
3419,121,BdsyRhABOqo
3419,121,BdsyRhABOqo
3419,121,BdsyRhABOqo
3419,121,BdsyRhABOqo
3419,121,BdsyRhABOqo
3419,121,BdsyRhABOqo
3419,121,BdsyRhABOqo
3419,121,BdsyRhABOqo
3419,121,BdsyRhABOqo
3419,121,BdsyRhABOqo
3419,121,BdsyRhABOqo
3419,121,BdsyRhABOqo
3419,121,BdsyRhABOqo
3419,121,BdsyRhABOqo
3419,121,BdsyRhABOqo
3419,121,BdsyRhABOqo
3419,121,BdsyRhABOqo
3419,121,BdsyRhABOqo
3419,121,BdsyRhABOqo
3419,121,BdsyRhABOqo
3419,121,BdsyRhABOqo
3419,121,BdsyRhABOqo
1689,31,Bdr6JxUBLjM
1689,31,Bdr6JxUBLjM
1689,31,Bdr6JxUBLjM
1689,31,Bdr6JxUBLjM
1689,31,Bdr6JxUBLjM
1689,31,Bdr6JxUBLjM
1689,31,Bdr6JxUBLjM
1689,31,Bdr6JxUBLjM
1689,31,Bdr6JxUBLjM
1689,31,Bdr6JxUBLjM
1689,31,Bdr6JxUBLjM
1689,31,Bdr6JxUBLjM
1689,31,Bdr6JxUBLjM
1689,31,Bdr6JxUBLjM
1689,31,Bdr6JxUBLjM
1689,31,Bdr6JxUBLjM
1689,31,Bdr6JxUBLjM
1689,31,Bdr6JxUBLjM
1689,31,Bdr6JxUBLjM
1689,31,Bdr6JxUBLjM
1689,31,Bdr6JxUBLjM
1689,31,Bdr6JxUBLjM
1689,31,Bdr6JxUBLjM
1689,31,Bdr6JxUBLjM
1689,31,Bdr6JxUBLjM
1689,31,Bdr6JxUBLjM
1689,31,Bdr6JxUBLjM
1689,31,Bdr6JxUBLjM
1689,31,Bdr6JxUBLjM
1689,31,Bdr6JxUBLjM
10599,457,BdqInhAB3E-
10599,457,BdqInhAB3E-
10599,457,BdqInhAB3E-
10599,457,BdqInhAB3E-
10599,457,BdqInhAB3E-
10599,457,BdqInhAB3E-
10599,457,BdqInhAB3E-
10599,457,BdqInhAB3E-
10599,457,BdqInhAB3E-
10599,457,BdqInhAB3E-
10599,457,BdqInhAB3E-
10599,457,BdqInhAB3E-
10599,457,BdqInhAB3E-
10599,457,BdqInhAB3E-
10599,457,BdqInhAB3E-
10599,457,BdqInhAB3E-
10599,457,BdqInhAB3E-
10599,457,BdqInhAB3E-
10599,457,BdqInhAB3E-
10599,457,BdqInhAB3E-
10599,457,BdqInhAB3E-
10599,457,BdqInhAB3E-
10599,457,BdqInhAB3E-
10599,457,BdqInhAB3E-
10599,457,BdqInhAB3E-
10599,457,BdqInhAB3E-
10599,457,BdqInhAB3E-
10599,457,BdqInhAB3E-
10599,457,BdqInhAB3E-
10599,457,BdqInhAB3E-
10599,457,BdqInhAB3E-
10599,457,BdqInhAB3E-
6514,223,BdpRHgxBlOs
6514,223,BdpRHgxBlOs
6514,223,BdpRHgxBlOs
6514,223,BdpRHgxBlOs
6514,223,BdpRHgxBlOs
6514,223,BdpRHgxBlOs
6514,223,BdpRHgxBlOs
6514,223,BdpRHgxBlOs
6514,223,BdpRHgxBlOs
6514,223,BdpRHgxBlOs
6514,223,BdpRHgxBlOs
6514,223,BdpRHgxBlOs
6514,223,BdpRHgxBlOs
6514,223,BdpRHgxBlOs
6514,223,BdpRHgxBlOs
6514,223,BdpRHgxBlOs
6514,223,BdpRHgxBlOs
6514,223,BdpRHgxBlOs
6514,223,BdpRHgxBlOs
6514,223,BdpRHgxBlOs
6514,223,BdpRHgxBlOs
6514,223,BdpRHgxBlOs
6514,223,BdpRHgxBlOs
6514,223,BdpRHgxBlOs
6514,223,BdpRHgxBlOs
6514,223,BdpRHgxBlOs
6514,223,BdpRHgxBlOs
6514,223,BdpRHgxBlOs
6514,223,BdpRHgxBlOs
6514,223,BdpRHgxBlOs
6514,223,BdpRHgxBlOs
6514,223,BdpRHgxBlOs
6514,223,BdpRHgxBlOs
6514,223,BdpRHgxBlOs
6514,223,BdpRHgxBlOs
6514,223,BdpRHgxBlOs
6514,223,BdpRHgxBlOs
6514,223,BdpRHgxBlOs
6514,223,BdpRHgxBlOs
3120,34,Bdng7LIhEf_
3120,34,Bdng7LIhEf_
3120,34,Bdng7LIhEf_
3120,34,Bdng7LIhEf_
3120,34,Bdng7LIhEf_
3120,34,Bdng7LIhEf_
3120,34,Bdng7LIhEf_
3120,34,Bdng7LIhEf_
3120,34,Bdng7LIhEf_
3120,34,Bdng7LIhEf_
3120,34,Bdng7LIhEf_
3120,34,Bdng7LIhEf_
3120,34,Bdng7LIhEf_
3120,34,Bdng7LIhEf_
3120,34,Bdng7LIhEf_
3120,34,Bdng7LIhEf_
3120,34,Bdng7LIhEf_
3120,34,Bdng7LIhEf_
3120,34,Bdng7LIhEf_
3120,34,Bdng7LIhEf_
3120,34,Bdng7LIhEf_
3120,34,Bdng7LIhEf_
3120,34,Bdng7LIhEf_
3120,34,Bdng7LIhEf_
3120,34,Bdng7LIhEf_
3120,34,Bdng7LIhEf_
3120,34,Bdng7LIhEf_
3120,34,Bdng7LIhEf_
3120,34,Bdng7LIhEf_
3120,34,Bdng7LIhEf_
3120,34,Bdng7LIhEf_
3120,34,Bdng7LIhEf_
3120,34,Bdng7LIhEf_
3120,34,Bdng7LIhEf_
4077,155,BdeonPYB9tK
4077,155,BdeonPYB9tK
4077,155,BdeonPYB9tK
4077,155,BdeonPYB9tK
4077,155,BdeonPYB9tK
4077,155,BdeonPYB9tK
4077,155,BdeonPYB9tK
4077,155,BdeonPYB9tK
4077,155,BdeonPYB9tK
4077,155,BdeonPYB9tK
4077,155,BdeonPYB9tK
4077,155,BdeonPYB9tK
4077,155,BdeonPYB9tK
4077,155,BdeonPYB9tK
4077,155,BdeonPYB9tK
4077,155,BdeonPYB9tK
4077,155,BdeonPYB9tK
4077,155,BdeonPYB9tK
4077,155,BdeonPYB9tK
4077,155,BdeonPYB9tK
4077,155,BdeonPYB9tK
4077,155,BdeonPYB9tK
4077,155,BdeonPYB9tK
4077,155,BdeonPYB9tK
4077,155,BdeonPYB9tK
4077,155,BdeonPYB9tK
4077,155,BdeonPYB9tK
4077,155,BdeonPYB9tK
4077,155,BdeonPYB9tK
4077,155,BdeonPYB9tK
4077,155,BdeonPYB9tK
4077,155,BdeonPYB9tK
4077,155,BdeonPYB9tK
4077,155,BdeonPYB9tK
4077,155,BdeonPYB9tK
4077,155,BdeonPYB9tK
4077,155,BdeonPYB9tK
4077,155,BdeonPYB9tK
2874,106,BddHv7sh9o4
2874,106,BddHv7sh9o4
2874,106,BddHv7sh9o4
2874,106,BddHv7sh9o4
2874,106,BddHv7sh9o4
2874,106,BddHv7sh9o4
2874,106,BddHv7sh9o4
2874,106,BddHv7sh9o4
2874,106,BddHv7sh9o4
2874,106,BddHv7sh9o4
2874,106,BddHv7sh9o4
2874,106,BddHv7sh9o4
2874,106,BddHv7sh9o4
2874,106,BddHv7sh9o4
2874,106,BddHv7sh9o4
2874,106,BddHv7sh9o4
2874,106,BddHv7sh9o4
2874,106,BddHv7sh9o4
2874,106,BddHv7sh9o4
2874,106,BddHv7sh9o4
2874,106,BddHv7sh9o4
2874,106,BddHv7sh9o4
2874,106,BddHv7sh9o4
2874,106,BddHv7sh9o4
2874,106,BddHv7sh9o4
2874,106,BddHv7sh9o4
2874,106,BddHv7sh9o4
2874,106,BddHv7sh9o4
2874,106,BddHv7sh9o4
2874,106,BddHv7sh9o4
2874,106,BddHv7sh9o4
2874,106,BddHv7sh9o4
2874,106,BddHv7sh9o4
2874,106,BddHv7sh9o4
2874,106,BddHv7sh9o4
2874,106,BddHv7sh9o4
2874,106,BddHv7sh9o4
2874,106,BddHv7sh9o4
2874,106,BddHv7sh9o4
2874,106,BddHv7sh9o4
